std_name,product_id,period,sku_raw,price,raw_val
AULA F108 Pro 게이밍 기계식 키보드 트라이 모드 커스텀 멀티 노브 스크린 RGB e스포츠 무선 키보드 TFT 스마트 디스플레이 탑재,1005008489394609,11月,F108 Pro  Blue|F108 Pro Red Mix|F108 Pro  Gray|F108 Pro Gray Mix|F108 Pro Yellow Mix,32.6,$32.60
"에디파이어 MR3 2.0 모니터 스피커 시스템, 고해상도 오디오, 블루투스 V5.4 밸런스드 TRS RCA AUX 입력, 앱 EQ 룸 보상 설정",1005007877281342,11月,"Black:200|White,:300|可售381",46.04,$46.04
에디파이어 ES60 휴대용 블루투스 스피커 미니 사운드 박스 무선 사운드 바 36W RMS 야외 IP66 방수 긴 배터리 수명,1005008564373536,11月,Black150|Ivory150|可售234,58.52,$58.52
에디파이어 W820NB Plus  ANC 무선 헤드폰,1005009870146739,11月,Dark Gray:200|Ivory：200|Navy100|Smoky Pink100|可售314,37.49,$37.49
유그린 145W 보조배터리,1005005642344316,11月,"25000mAh,CHINA",35.53,$35.53
유그린 울트라 슬림 30W 10000mAh 파워뱅크 마그네틱 무선 충전 내장 케이블 파워뱅크 (아이폰 17 프로 맥스용 MagSafe 호환),1005007906808218,11月,"Qi2 15W BK 300|Qi2 15W VT,200",29.59,$29.59
Hagibis 썬더볼트 SSD 인클로저,1005006484705885,11月,Black,29.4,$29.40
"Ulanzi TT88 1.44M 오버헤드 셀카 스틱 전화 삼각대, 마그네틱 클램프 포함 라이브 스트리밍 Vlog 용 무선 원격 확장 삼각대",1005008108618534,11月,"White TT88,300|Black TT88,200",13.57,$13.57
Xiaomi Mijia 휴대용 자동차 진공 청소기 가정용 자동차 용품에 대 한 미니 핸드 헬드 무선 청소 기계 13000Pa 사이클론 흡입,1005007882649074,11月,Vacuum Cleane,20.99,$20.99
Youpin Worx 4V 미니 전기 스크루 드라이버 세트 WX242 스마트 무선 전기 스크류 드라이버 USB 충전식 30 비트 세트 드릴 도구,1005006080110999,11月,WX242,18.87,$18.87
야외 캠핑 테이블,1005009983934598,11月,Silver,39.78,$39.78
접이식 침대,1005009990801915,11月,80CM,34.32,$34.32
베이스어스 USB C 허브 듀얼 HDMI 8K 4K 어댑터 10-in-1 USB 3.2 10Gbps 분배기 RJ45 SD TF 타입 C PD 100W 맥북 프로 에어 허브용,1005009206119272,11月,10-in-1 2HDMI 8K 4K,24.19,$24.19
TELESIN 스마트 폰 자기 채우기 라이트 미니 셀카 라이트 3 가지 모드 Iphone 용 조정 가능한 밝기 XIAOMI HUAWEI SAMSUNG Phone,1005008455697255,11月,Fill-in light,8.28,$8.28
UGREEN MFi 3-in-1 15W MAX 마그네틱 무선 충전기 스탠드 Qi2 총 25W 충전 아이폰 16 17 프로 애플 워치용 MagSafe,1005009888642960,11月,Qi2 25W Upgrade|可售90,15.38,$15.38
"샤오미 미지아 스마트 레이저 거리 측정기 테이프 측정, 미 홈 앱 레이저 거리 측정기, 거리 계량기 디지털 장치 도구",1005008251196143,11月,1pcs,19.87,$19.87
필립스 SHP9500 유선 헤드폰 HiFi 스테레오 음악 이어폰 3.5mm 6.3mm 인터페이스 컴퓨터 노트북 휴대 전화 범용 헤드셋,1005006476689244,11月,SHP9500 Black,30.5,$30.50
베이스어스 EH3 12-in-1 USB C 허브 HDMI DP 4K 60Hz 트리플 디스플레이 3.2 맥북 노트북용 PD 100W 타입 C 허브 스탠드 도킹 스테이션 포함,1005009314050853,11月,EH3 12-in-1,40.36,$40.36
Divoom Times Frame 스마트 HD 화면 |   10.1인치 DIY 디지털 시계 |   암호화폐 주식 날씨 달력 |   기술 선물 데스크 설정,1005009250860840,11月,black	,127.29,$127.29
MOVESPEED 2100MB/s 2TB 1TB USB 플래시 드라이브 20Gbps USB3.2 Gen2x2 타입 C 솔리드 스테이트 펜 드라이브 512G 256G 펜드라이브 (아이폰 ProRes 지원),1005009178644083,11月,Silver | 2TB,104.0,$104.00
Anker SOLIX C300 DC 전원 은행 스테이션 실외 288Wh(90000mAh) 여러 장치용 휴대용 발전소 LiFePO4 배터리,1005008896444715,11月,Dark Grey,164.36,$164.36
"ZEUSLAP 22 ""QHD 스타일러스 펜 터치 기능 PC 노트북 용 눈부심 방지 표면 데스크탑 모니터 두 번째 화면 사무실 디자인 모니터",1005008840439364,11月,EU Plug	,156.91,$156.91
MECHANIC Swift 1 지능형 디지털 디스플레이 납땜 스테이션 C210/C245/115 컨트롤러 지원 PCB 납땜 수리 도구,1005009898438225,11月,220V,38.0,$38.00
"FNIRSI ERD-10 4-IN-1 전자기 방사선 검출기, 전기 및 자기장 강도, RF 전력, 온도 모니터",1005008842187043,11月,ERD-10,18.99,$18.99
MECHANIC 861DW Max 스마트 핫 에어 건 납땜 스테이션 (전화 마더 보드 PCB 용접 디 솔더링 수리 도구 용 4 개 노즐 포함),1005008918511120,11月,220V,91.0,$91.00
Angry Miao AM Infinity 마우스 Paw3950 8000Hz 트라이 모드 무선 마우스 경량 홀로우 아웃 마그날륨 게이밍 마우스 PC 액세서리,1005009969828435,11月,WHITE,100.14,$100.14
Edifier QR30 Desktop Active Speakers PC Bluetooth V5.4 Speaker 2.0 Channel 15W+15W RMS Light Effects EQ Setting Deep Bass,1005008849882224,11月,White EU-Plug,58.25,$58.25
New Lenovo Xiaoxin Pad Pro 12.7 2nd 2025 Tablet Dimensity 8300 2.9k Resolution 144Hz Refresh Rate WIFI 10200mAh WIFI Android,1005009472245180,11月,8GB 128GB,136.96,$136.96
Baseus 책상 조명 자기 교수형 테이블 램프 충전식 LED 무단 조광 책상 램프 읽기 연구 작업 눈 보호 조명,1005008530186984,11月,White,9.67,$9.67
AULA F87 Pro 가스켓 게임용 기계식 키보드 75% TKL 레이아웃 무선 핫 스왑 RGB 맞춤형 Bluetooth 키보드 2024 새로운 색상,1005006838602057,11月,"Sea Salt Blue, Graywood V3 Switch",23.28,$23.28
"SUSHIMU 100% 알루미늄 마그네슘 합금 여행 가방, 롤링 수하물, 트롤리 수하물, 기내 수하물, 20 인치, 24/28 인치",1005007334071358,11月,Silver | 20Inches 500mm,50.73,$50.73
안커 프라임 파워뱅크 27650mAh 3포트 250W 휴대용 충전기 99.54Wh 예비 배터리 대용량 아이폰 17용,1005006067644397,11月,with base EU Plug,104.95,$104.95
신우 허그 미 미니 시리즈 블라인드 박스 플러시 PVC 할로윈,1005010114290767,11月, Single Box 1pc,8.46,$8.46
신우 허그 미 미니 시리즈 블라인드 박스 플러시 PVC 할로윈,1005010114290767,11月,Whole Set 12pcs,102.58,$102.58
금형 킹 10131 W16 엔진 모델 키트 952Pcs 16 실린더 자동차 엔진 키즈 줄기 장난감 빌딩 블록 세트 성인 컬렉션 선물,1005008743602834,11月,952PCS With Box,21.57,$21.57
2766PCS 기술 캠핑 자동차 모델 빌딩 블록 MOC 도시 오프로드 차량 트럭 벽돌 어린이를위한 줄기 장난감 성인 선물,1005009038390178,11月,With BOX,30.71,$30.71
"Cada 테크니컬 LED SUV 아머 버기 트럭 픽업 브릭, 도시 오프로드 리모컨 자동차 빌딩 블록 장난감, 남아용 선물",1005008460168070,11月,rc car,18.21,$18.21
"Lenovo Xiaoxin Pad Pro GT 128GB 256GB Snapdragon 8 Gen 3 11.1"" 144Hz 3.2K Display 8860mAh 68W Charging Android Wifi7 Tablet PC",1005009876347872,11月,8GB 128GB white,170.99,$170.99
Logitech PRO X  SUPERLIGHT 2 GPW3 Wireless Mouse Gaming Mouse Gpw Second Generation Upgrade Hero2 Sensor,1005009980214956,11月,black6634,100.02,$100.02
UGREEN 145W 20000mAh 보조베터리 맥세이프 Qi2 15W 자기 무선 보조베터리 스테이션 유그린 PD3.1 노트북 100W 고속충전 고속 충전용 외장 배터리 대용량 맥세이프 충전기,1005007989914725,11月,WHITE | CHINA,63.94,$63.94
레노버 요가 패드 프로 12.7 12GB 256GB 태블릿 스냅드래곤 8 Gen 3 12.7인치 144Hz LCD 화면 10200mAh 68W 충전 안드로이드 와이파이 탭,1005009604407877,11月,12+256 Blue,235.3,$235.30
Edifier M60 Compact Desktop 2.0 Speakers Hi-Res Audio Wireless LDAC Bluetooth 5.3 USB-C AUX Inputs Support EQ Setting 66W RMS,1005007612849331,11月,White EU-Plug,72.3,$72.30
Hagibis USB4 전화 매는 밧줄 케이블 Thunderbolt 4/5 iPhone 16 Pro SSD 용 휴대용 USB C-Type-C 손목 매는 밧줄 케이블 240W 80Gbps,1005008528405652,11月,Lanyard Silver,6.68,$6.68
"PULWTOP 11 in 1 수직 도킹 스테이션, 2개의 HDMI 4K, 3개의 USB A/C 10Gbps, 이더넷, 타입-C 노트북용 도킹 스테이션 스탠드",1005009897057926,11月,Black,32.12,$32.12
"M.2 SSD 확장, HD 4K, RJ45, USB-C, 모든 기능을 갖춘 Type-C 노트북을 위한 USB-A 2개를 갖춘 PULWTOP 수직형 노트북 도킹 스테이션",1005009515431729,11月,Silver,29.68,$29.68
Lofree FLOW Lite 84/100Keys Mechanical Keyboard Wireless 2.4G Bluetooth&Wired Connection for Windows Mac/Specter Linear Switches,1005009684208890,11月,Gray light-100 keys,75.84,$75.84
Xiaomi DUKA ATuMan Little Q 전기 눈금자 거리 측정기 HD LCD 화면 디지털 거리 측정기 휴대용 측정 도구 충전식,1005005817150499,11月,black,10.93,$10.93
"Mixi 전면 노트북 포켓 가방 와이드 핸들 여행 가방, 남성 20 인치 휴대용 수하물 여성 PC 알루미늄 프레임 트롤리 케이스 24 인치",1005006770743009,11月,Smoke White,44.1,$44.10
"ZEUSLAP-Z16K 16"" 4K Portable Monitor 3840x2400 100% DCI-P3 Thunderbolt USB-C HDMI for Phone, PS5, Laptop PC Second Screen",1005009926300553,11月,black,106.32,$106.32
레노버 리전 Y700 2025 CN 안드로이드 패드 4세대 TB322FC 게이밍 태블릿 12/256GB 16/512GB 스냅드래곤 8 엘리트 8.8인치 165Hz 7600mAh 태블릿,1005010120015183,11月,12GB 256GB Gray,274.59,$274.59
AMD Ryzen 7 7735HS 680M Chatreey AN3P 미니 PC 게이밍 데스크탑 컴퓨터(WiFi 6/블루투스 5.2//HDMI/DP 포함),1005002441869328,11月,"16G RAM 512GB SSD, R7 7735HS",253.77,$253.77
Chatreey AN2P 미니 PC R5 5625U/3550H 게임용 데스크탑 컴퓨터 NVME SSD WIFI6 HD Windows 11 Pro,1005004513461839,11月,"R5 5625U, 16G RAM 512GB SSD",180.09,$180.09
"에디파이어 MR3 2.0 모니터 스피커 시스템, 고해상도 오디오, 블루투스 V5.4 밸런스드 TRS RCA AUX 입력, 앱 EQ 룸 보상 설정",1005007877281342,11月,White,46.04,$46.04
Logitech MX Master 3S Wireless Bluetooth Mouse Business Office Softtone Mouse Ergonomic Business Office Mouse,1005008489520149,11月,MX Master 3S black,56.83,$56.83
"새로운 로지텍 MX 수직 블루투스 무선 인체공학적 마우스 4000DPI 다기능, 2.4GHz USB 충전식, 오피스 마우스용",1005006982200948,11月,black,51.34,$51.34
에디파이어 T5s 파워드 서브우퍼 8인치 전면 발사 롱스로우 우퍼 깊고 강력한 베이스 스피커 RCA 입력 70W RMS,1005009416223170,11月,Black,81.75,$81.75
앤커 사운드코어 스페이스원 프로 노이즈캔슬링 무선헤드폰 A3062,1005010122521690,11月,Midnight Black,78.6,$78.60
"XIAOMI MIJIA 가습기 2, 탑 필 4L 초대형 쿨 미스트 가습기, 30H 런타임, 은이온 항균, 가정용, 대형 룸용",1005007828121826,11月,EU,12.59,$12.59
"XIAOMI MIJIA 스마트 항균 가습기 2, 숨겨진 아로마 에센셜 오일 상자, 대형 룸용 4.5L 탱크, MI HOME APP 가습기용",1005007823007448,11月,"White, EU adapter",22.65,$22.65
XIAOMI Mijia 공기 청정기 4 Lite AC-M17-SC 99.99% 강력한 항균 효과 저소음 작동 LED 디스플레이,1005008414613048,11月,Mi Purifier 4 Lite,66.59,$66.59
"Anker Space One Soundcore 액티브 노이즈 캔슬링 헤드폰, 무선 블루투스 헤드폰, 무선 블루투스 헤드셋",1005010121413623,11月,White,36.69,$36.69
soundcore Anker Space Q45 적응형 소음 차단 헤드폰 매우 긴 50H 재생 시간 앱 제어 고해상도 사운드 Bluetooth 5.3-,1005010050057983,11月,White,50.65,$50.65
2368PCS O'Aken 배럴 펍 빌딩 블록 세트 도시 스트리트 뷰 조립 모델 벽돌 장난감 선술집 장식품 휴일 선물,1005010179832219,11月,66054 With Box,30.07,$30.07
2368PCS O'Aken 배럴 펍 빌딩 블록 세트 도시 스트리트 뷰 조립 모델 벽돌 장난감 선술집 장식품 휴일 선물,1005010179832219,11月,66055 With Box,26.12,$26.12
2368PCS O'Aken 배럴 펍 빌딩 블록 세트 도시 스트리트 뷰 조립 모델 벽돌 장난감 선술집 장식품 휴일 선물,1005010179832219,11月,66056 With Box,32.49,$32.49
ATK 드래곤플라이 A9 시리즈 무선 마우스 트라이 모드 PAW3950 Nordic52840 8K 53g 경량 커스텀 노트북 게이머 PC 게이밍 마우스,1005008994544155,11月,A9 Ultra White,42.69,$42.69
WLMOUSE Beast X Pro 마그네슘 합금 경량 무선 e스포츠 게임용 마우스 750IPS 8K PAW3950HS 30000DPI 백라이트 없음,1005007858303282,11月,Tianhu Ohm hole,110.33,$110.33
ATK Blazing Sky X1 마우스 게이머 무선 3 모드 8K 낮은 대기 시간 경량 FPS Liekong E-스포츠 게임용 마우스 맞춤형 Pc 액세서리,1005009743698531,11月,X1 ULTIMATE RED,42.58,$42.58
"LAMZU MAYA X 게이밍 마우스(8K 동글 포함, 웹 드라이버 호환)",1005009523949298,11月,MAYA X-Purple Shadow,94.0,$94.00
ATK VXE R1 Pro MAX Dragonfly R1 Bluetooth 게임용 마우스 PAW3395 2.4G 무선 E-스포츠 마우스 충전식 경량 인체공학적,1005007675157598,11月,R1 Pro MAX (White),28.7,$28.70
Logitech PRO X  SUPERLIGHT 2 GPW3 Wireless Mouse Gaming Mouse Gpw Second Generation Upgrade Hero2 Sensor,1005009980214956,11月,PINK   6801,100.02,$100.02
"Global Version Xiaomi Smart Band 10 1.72"" AMOLED Display Health Fitness Sleep Management 5ATM Waterproof Mi HyperOS 2 Bracelet",1005010226254794,11月,Silver ship today,41.3,$41.30
"Lenovo Legion Y700 2025 Gaming Tablet 256GB 512GB ROM Snapdragon 8 Gen 3 8.8"" 165Hz Screen 6550mAh 68W Charging Wifi Android Tab",1005009554741591,11月,12G 256G Black,212.44,$212.44
Anker SOLIX C300 DC 전원 은행 스테이션 실외 288Wh(90000mAh) 여러 장치용 휴대용 발전소 LiFePO4 배터리,1005008896444715,11月,Dark Grey,164.36,$164.36
"ARZOPA 27인치 모니터, 180Hz 고속 IPS 2K 모니터, Type-C 포트, 삼성 DeX 모드 지원",1005007402228019,11月,27 QHD 180Hz M1RC,100.0,$100.00
XIAOMI Mijia 공기 청정기 4 Lite AC-M17-SC 99.99% 강력한 항균 효과 저소음 작동 LED 디스플레이,1005008414613048,11月,Mi Purifier 4 Lite,65.59,$65.59
【지금 재고 있음】트랜스포메이션 스타 토이 MMC R-53 R53 IDW MG 메가탱크 G1 액션 피규어,1005009297189449,11月,R-53 With Box,101.3,$101.30
【재고 있음】변환 스틸 헤드 JGM-SKP01 Predaking MINI 5 in 1 Combiner Form 17CM 액션 피규어 장난감 선물 컬렉션,1005008295969084,11月,with box,67.13,$67.13
UGREEN MFi 3-in-1 15W MAX 마그네틱 무선 충전기 스탠드 Qi2 총 25W 충전 아이폰 16 17 프로 애플 워치용 MagSafe,1005009889116002,11月,Qi2 Upgrade 25W,17.31,$17.31
"UPERFECT 4K 휴대용 모니터 16인치 3840x2400 IPS 노트북 확장형 화면 1200니트 USB-C HDMI 컴퓨터 PC 게임 디스플레이 스피커 및 스마트 커버 포함 여행용 모니터 PC, 휴대폰, PS5/4, Xbox, 스위치, 스팀 덱",1005009173829374,11月,EU Plug | CHINA,106.39,$106.39
"Anker Laptop Power Bank, 25,000mAh Portable Charger with Triple 100W USB-C Ports for Multi-Device Charging For iPhone17",1005008753579553,11月,grey | 20001mAh-25000mAh | CHINA,52.87,$52.87
Logitech PRO X  SUPERLIGHT 2 GPW3 Wireless Mouse Gaming Mouse Gpw Second Generation Upgrade Hero2 Sensor,1005009980214956,11月,white6642,100.02,$100.02
UGREEN 145W 20000mAh 보조베터리 맥세이프 Qi2 15W 자기 무선 보조베터리 스테이션 유그린 PD3.1 노트북 100W 고속충전 고속 충전용 외장 배터리 대용량 맥세이프 충전기,1005007989914725,11月,WHITE | CHINA,63.94,$63.94
Logitech PRO X  SUPERLIGHT 2 GPW3 Wireless Mouse Gaming Mouse Gpw Second Generation Upgrade Hero2 Sensor,1005009980214956,11月,Black,100.02,$100.02
【KC 인증】유그린 Qi2.2 25W 보조배터리 고속 충전 10000mAh 타입 C 케이블 파워뱅크 아이폰 17 프로 맥스용 MagSafe 30W 지원,1005006287670753,11月,PD30W Qi2 25W,34.43,$34.43
Youpin Worx 4V 미니 전기 스크루 드라이버 세트 WX242 스마트 무선 전기 스크류 드라이버 USB 충전식 30 비트 세트 드릴 도구,1005009505573717,11月,WX242,21.79,$21.79
샤오미 미지아 기화식 가습기3(800) 6L물탱크 저소음 작동 800ml/H가습량 최대 18h지속 가습 CJSJSQ04ZMZLX,1005008295607392,11月,Humidifier,77.23,$77.23
"Cafelffe 야외 조합 무선 전기 휴대용 에스프레소 머신, 커피 선물 제공 캠핑 하이킹 여행 가방 카페테라",1005007494524631,11月,Black,32.21,$32.21
AIYIMA 업그레이드 S400 오디오 북쉘프 액티브 스피커 스튜디오 모니터 3인치 블루투스 USB DAC HiFi 홈 서브우퍼 시스템 TV PC,1005006578161841,11月,Black KR Power,35.94,$35.94
AIYIMA 업그레이드 S400 오디오 북쉘프 액티브 스피커 스튜디오 모니터 3인치 블루투스 USB DAC HiFi 홈 서브우퍼 시스템 TV PC,1005006578161841,11月,White KR Power,35.94,$35.94
Xiaomi Mijia 스마트 브러시리스 스마트 홈 전기 드릴 스마트 스크린 디스플레이 다기능 홈 DIY 스크루 드라이버 MI 전동 공구,1005010097126711,11月,black,34.44,$34.44
"샤오미 미지아 에어 펌프 2 25% 속도 부스트 미니 휴대용 전기 공기 압축기, 보물 150PSI, C 타입 LED 멀티툴 팽창기, 샤오미",1005008501783017,11月,2D Upgraded version,19.86,$19.86
soundcore Anker Space Q45 적응형 소음 차단 헤드폰 매우 긴 50H 재생 시간 앱 제어 고해상도 사운드 Bluetooth 5.3-,1005010050057983,11月,White,50.65,$50.65
soundcore Anker Space Q45 적응형 소음 차단 헤드폰 매우 긴 50H 재생 시간 앱 제어 고해상도 사운드 Bluetooth 5.3-,1005010050057983,11月,Blue,50.65,$50.65
soundcore Anker Space Q45 적응형 소음 차단 헤드폰 매우 긴 50H 재생 시간 앱 제어 고해상도 사운드 Bluetooth 5.3-,1005010050057983,11月,Black,50.65,$50.65
브러시리스 1100W 자동차 강력 에어 블로워 강력 휴대용 터보 제트 팬 고속 64mm 추력 1600G 마키타 18V 배터리 핀용,1005009476818579,11月,1 Battery 1 Charger,51.29,$51.29
"SPTA  2.25L/76 oz Electric Pressurized Soap Sprayer,Pressure Foam Sprayer, Car Foam Sprayer, Cordless Pump Sprayer",1005008708512635,11月,-,18.55,$18.55
SEAMETAL 접이식 트렁크 보관 상자 방수 옥스포드 천 110L 캠핑/낚시 용 대용량 자동차 주최자 휴대하기 쉬운,1005008395026123,11月,72L,8.84,$8.84
CROSSGUN Jet Turbo King Kong Jetfan Strong Fan Portable Handheld With LED Lighting Dust Elimination Computer hurricane storm X3,1005007781344048,11月,"Black, Type-C Charge",18.1,$18.10
Original New Xiaomi Mijia Wireless Car Washer 2 160L/h Large Water Volum Efficient Flushing High Pressure Wireless cleaning,1005009436398856,11月,Black,32.88,$32.88
Foamboss 전기 거품 분무기 세차 홈 가든 깨끗한 자세히 눈 거품 대포 고압 물,1005006807256207,11月,black,25.63,$25.63
SPTA LD105 12V Mini Cordless Car Polisher Wireless Polishing Machine With Flexible Shaft Kit A&RO Polisher 2pcs2.0Ah Battery,1005006347967984,11月,mini polisher set,115.19,$115.19
"샤오미 미지아 에어 펌프 2 25% 속도 부스트 미니 휴대용 전기 공기 압축기, 보물 150PSI, C 타입 LED 멀티툴 팽창기, 샤오미",1005008504578974,11月,Mijia Air Pump 2,17.34,$17.34
SPTA 18V 5인치 무선 자동차 폴리셔 듀얼 액션 15mm 궤도 가변 속도 폴리싱 머신(4000mAh 배터리 포함),1005006006071785,11月,polisher set,135.39,$135.39
"(kc인증 기기)FYFS 산업용 5000W 캐논 블로워 무선 잎 블로워 초강력 무선 에어 블로워 전기 눈 청소기(sku 4개, 듀얼 배터리, 한국 2A 플러그)",1005005082743878,11月,3td 2 mid battery,31.62,$31.62
Baseus MC1 Pro Ear Clip Wireless Earphones Bluetooth 6.0 Hi-Res Ultra Open Earbuds earrings 4-Mic ENC Clip on ear buds Headphone,1005009338441815,11月,Cosmic Black,29.8,$29.80
New Lenovo Xiaoxin Pad Pro 12.7 2nd 2025 Tablet Dimensity 8300 2.9k Resolution 144Hz Refresh Rate WIFI 10200mAh WIFI Android,1005009472245180,11月,"8G 256G Grey,Standard,CHINA",149.8,$149.80
"ZEUSLAP 16"" 2.5K 144hz Portable Monitor 2560*1600 16:10 100%sRGB 500Cd/m²  Travel Gaming Display for Laptop Switch ps4 ps5 Xbox",1005006960961910,11月,black,92.12,$92.12
Soundcore AeroFit 2 by Anker Open-Ear Headphones Bluetooth Headphones Earphone Bluetooth Wireless Bluetooth Earphones,1005010122359088,11月,"Black,CHINA",38.1,$38.10
"Lenovo Legion Y700 2025 Gaming Tablet 256GB 512GB ROM Snapdragon 8 Gen 3 8.8"" 165Hz Screen 6550mAh 68W Charging Wifi Android Tab",1005009554741591,11月,"12GB 256GB Black,Global Rom,CHINA",212.44,$212.44
Amazfit Balance 46mm Smartwatch 1.5'' AMOLED Display 14 Days Battery Life 150+ Sports Modes For Android iOS Phone Zepp OS 3.0,1005006764205605,11月,"Sunset Grey,CHINA",114.64,$114.64
"ZEUSLAP 16"" 2.5K 144hz Portable Monitor 2560*1600 16:10 100%sRGB 500Cd/m²  Travel Gaming Display for Laptop Switch ps4 ps5 Xbox",1005006384112217,11月,,77.4,$77.40
"SOYO M4PLUS2 Mini PC: 8/16GB RAM, 256/512GBSSD, Intel Twin Lak N150, Windows 11Pro - Compact & Ideal for Home, Business & Gaming",1005006525654893,11月,16GB 512GB,101.08,$101.08
"UWANT V500 무선 청소기, 도킹 스테이션 포함, 자동 먼지 비움 기능 탑재, 230,000Pa의 강력한 흡입력, 미세먼지를 감지하는 마이크로 그린 라이트, LED 디스플레이 탑재, 작고 가벼운 디자인, 최대 40분간 사용",1005008876708560,11月,WHITE,69.36,$69.36
Jonr S20 PRO Wireless Smart Mopping Machine Model - Lie Flat Voice Broadcast Single Row Edge Cleaning Feature,1005008653745367,11月,"S20 PRO,CHINA,KR",90.89,$90.89
Edifier ES20 Portable Bluetooth Speaker Wireless Speaker IP67 Waterproof Light Effects Outdoor Speakers Deep Bass with Mic,1005008551195344,11月,"Ivory,CHINA",29.57,$29.57
Baseus USB C Hub Type C to HDMI USB HUB Adapter 13-In-1 DP 4K 60Hz 120Hz RJ45 VGA Converter PD 100W USB A 3.1 2.0 For Macbook PC,1005006365305609,11月,"13-in-1 Type C to DP,CHINA",27.85,$27.85
"Teclast T70 Tablet 2025 14"" FHD Android 15 MTK Helio G99 8GB(+12GB Virtual RAM) 256GB 10000mAh Battery 18W 4G LTE Global Version",1005007892962739,11月,"Official Standard,EU,CHINA",138.59,$138.59
Aluminum Tablet Stand 360°Rotating Folding Adjustable Desk Holder Mount Riser for iPad Pro Air 4 Mini 12.9 4-14 Inch Xiaomi Tab,1005005959605768,11月,Silver,6.08,$6.08
Foldable Laptop Stand 360°Rotation Notebook Table Aluminum Alloy Holder Portable Book Tablet Bracket with Heat Dissipation,1005005757050899,11月,Silver,13.62,$13.62
Oneodio Wired Professional Studio Pro 50 DJ Headphones With Microphone Over Ear HiFi Monitor Music Headset Earphone For Phone PC,1005005041376083,11月,Pro-50-Black,15.74,$15.74
YOGA Tab Pen Pro Stylus Magnetic for Lenovo Yoga Tab Plus YOGA Pad Pro Xiaoxin Tablet Pro GT Interactive Accurate Precision Fast,1005010009614352,11月,Stylus Pro,36.23,$36.23
"Lenovo Xiaoxin Pad Pro GT 128GB 256GB Snapdragon 8 Gen 3 11.1"" 144Hz 3.2K Display 8860mAh 68W Charging Android Wifi7 Tablet PC",1005009876347872,11月,"8GB 256GB Grey,Standard Discount,CHINA",199.96,$199.96
스폰지 밥 빌딩 블록 만화 Krusty Krab 크리 에이 티브 레스토랑 장면 모델 패트릭 스타 조립 장난감 어린이 생일 선물,1005006875419152,11月,"AB0027, with box",37.44,$37.44
1655PCS 스폰지 밥 보글 Squidward 돌 동상 집 빌딩 블록 만화 모델 벽돌 세트 라이트 키즈 장난감 선물,1005009077962375,11月,Stone Statue House,36.61,$36.61
"4 Figuren이 포함된 스폰지밥 빌딩 블록, 성인용 파인애플 하우스 모듈형 빌딩 세트 소년 어린이 크리스마스 선물(1284 PCS)",1005008299981415,11月,With box,51.53,$51.53
2단 IGT 테이블 알루미늄 합금 접이식 캠핑 테이블 경량 IGT 2단 야외 솔로 캠핑 테이블 캠핑 장비,1005009224731056,11月,2Unit Table Set,36.95,$36.95
새로운 골든 5000mAh 38-KT 38 라이트 38 탐색 랜턴USB 충전식 캠핑 랜턴 야외 텐트 분위기 캠프 라이트 2025,1005009042700203,11月,Set with 8 Stickers,10.0,$10.00
WESTTUNE 접이식 캠핑 테이블 전술 경량 알루미늄 합금 테이블 휴대용 빠른 스토리지 야외 낚시 피크닉 바베큐 데스크,1005009031346925,11月,Silver,16.26,$16.26
풍선 캠핑 텐트 4-8명 창문 포함 휴대용 방수 캠핑 텐트 사계절 텐트,1005009020289062,11月,4x3x2.1m,127.86,$127.86
5000mAh 38 빛 38 USB 충전식 캠핑 랜턴 탐색 야외 텐트 램프 강력한 미니 LED 손전등 캠프 라이트,1005008800417626,11月,1 set,10.0,$10.00
CAMPINGMOON CK-24 야외 IGT 테이블 유닛 조합 다기능 워터 필터 바구니 304 스테인레스 스틸 보관 네트 케이지,1005008493653838,11月,CK-24BK,9.06,$9.06
스테인레스 스틸 무연 벽난로 보조 굽기 나무 스토브 대형 유리 창 캠핑 텐트 스토브 장작 히터 화로,1005008290540604,11月,Smokeless Fireplace,79.44,$79.44
"네이처하이크 전기 가열 담요, 겨울 USB 가열 담요, 캠핑 따뜻한 침낭 라이너, 야외 숄 열 침낭",1005008080584811,11月,L - 190x95cm,23.02,$23.02
네이처하이크 시계 화재 캠핑 목재 스토브 휴대용 장작 광장 스토브 야외 화재 히터 스토브 유리 목재 버너 스토브,1005007767220790,11月,Stove,96.43,$96.43
FireMaple IGT System Table Stainless Steel Outdoor Camping Stove Portable Picnic Table for Hiking Travel,1005008985739964,11月,IGT Table Set,35.56,$35.56
Fireproof 2 Person Winter Tent Hot Tent Waterproof Tunnel Dome Tent with Stove Jack and Snow Skirt for Camping Hiking 4 Season,1005008290656063,11月,Olive green|Wolf brown,45.43,$45.43
Trustfire WL22 Flashlight 1900MM Telescopic Camping Lights 2200mAh Lanterns With Remote Control light for Outdoor Car Repair,1005008844741832,11月,"CP.WL22,CHINA",35.67,$35.67
Outdoor Camping Storage Shelf Portable Folding Shelf Storage Rack Garden Stainless Steel Stand,1005007445847049,11月,Silver color,69.57,$69.57
CAMPINGMOON FD-22 Stainless Steel Telescopic Field Frame Home Flowerpot Frame Camping Multi-purpose Folding Storage Rack,1005008672432949,11月,FD-22,11.5,$11.50
CK-3650-T38 CAMPINGMOON IGT Camping Chair and Table Set Outdoor FoldingCoffee Korean Bbq Grill Table Outdoor Foldable Camping,1005009698407926,11月,CK-3650-T38,16.6,$16.60
CAMPINGMOON Torch Spray Gun Outdoor Camping Picnic Fire Making Barbecue Point Carbon Stainless Steel Spray Gun,1005007408073040,11月,XD-6-NE,15.21,$15.21
Naturehike Gas Burner Camping 1100W Heating Stove Multifunction Outdoor Picnic Gas Stove Fire Stove Liquefied Gas Heater Stove,1005006207979450,11月,"White,CHINA|Green,CHINA",37.0,$37.00
BLACKDOG 자동 이중 풍선 소파 휴대용 야외 캠핑 피크닉 에어 매트리스 풍선 펌프와 게으른 풍선 침대,1005007535916293,11月,black,57.02,$57.02
고아웃스프링힐 관찰용 화로 차 스토브 야외 캠핑용 티팟 휴대용 소형 차 워머 가정용 데스크탑 관찰용 화로,1005009984020138,11月,1Pcs,27.47,$27.47
2단 IGT 테이블 알루미늄 합금 접이식 캠핑 테이블 경량 IGT 2단 야외 솔로 캠핑 테이블 캠핑 장비,1005009224731056,11月,2Unit Table Set,36.95,$36.95
2단 IGT 테이블 알루미늄 합금 접이식 캠핑 테이블 경량 IGT 2단 야외 솔로 캠핑 테이블 캠핑 장비,1005009224731056,11月,Extended table board,19.94,$19.94
2단 IGT 테이블 알루미늄 합금 접이식 캠핑 테이블 경량 IGT 2단 야외 솔로 캠핑 테이블 캠핑 장비,1005009224731056,11月,2Unit Table Black,37.54,$37.54
MOUNTAINHIKER 6.3㎡ Large Starry Sky Inflatable Tent Black Observation Skylight Outdoor Camping Quick Setup Tent 3/4P Anti-UV,1005009990791977,11月,StarrySky Khaki|StarrySky Black,94.47,$94.47
4-in-1 일산화탄소 감지기 정확한 감지 LED 스크린 알람 소리가 있는 휴대용 여행용 충전식 CO 및 CO2 감지기,1005007795939245,11月,K5E CO and CO2 Green|K5E COand Co2 Orange,19.79,$19.79
4-in-1 일산화탄소 감지기 정확한 감지 LED 스크린 알람 소리가 있는 휴대용 여행용 충전식 CO 및 CO2 감지기,1005007795939245,11月,K5D CO Green,15.21,$15.21
LEYDUN Rang's Tako leydun Octopus 170MH/H 낚싯대 Tianium Tip 오징어 낚시 캐스팅 로드 오징어 보트 낚시 Webfooted,1005006462640682,11月,XH,20.57,$20.57
잉크러쉬 165MH H XH 낚싯대,1005009920791437,11月,MH|H|XH,26.5,$26.50
LEYDUN 프랭키 레드 씨 브림 타이라바 낚싯대 1.86m 초경량 풀 솔리드 팁 해수 캐스팅 로드 보트 씨브림 낚싯대,1005009920605760,11月,N61XUL|N61UL,25.76,$25.76
존쿠 에기 낚싯대 경량 2.4m 2.6m 오징어 낚싯대 티타늄 가이드 M ML 파워 빠른 액션 고품질,1005009948463046,11月,2.58m-M|2.58m-ML,31.95,$31.95
WORX WU135 무선 전기 드릴 12V 50Nm 1800rpm 브러시리스 모터 전기 스크루 드라이버 임팩트 드릴 금속 가공 스마트 커티,1005009682745128,11月,WU135.1 Tool Bag,38.41,$38.41
LEYDUN ZORO 라이트 낚싯대 Tianium Tip 오징어 캐스팅 로드 145L/M/H 59g/58g/55g 150MH 68g 175H 63g 오징어 보트 웹풋,1005009446905742,11月,145L,18.7,$18.70
LEYDUN ZORO 라이트 낚싯대 Tianium Tip 오징어 캐스팅 로드 145L/M/H 59g/58g/55g 150MH 68g 175H 63g 오징어 보트 웹풋,1005009446905742,11月,145M,20.56,$20.56
LEYDUN ZORO 라이트 낚싯대 Tianium Tip 오징어 캐스팅 로드 145L/M/H 59g/58g/55g 150MH 68g 175H 63g 오징어 보트 웹풋,1005009446905742,11月,175H,21.67,$21.67
LEYDUN ZORO 라이트 낚싯대 Tianium Tip 오징어 캐스팅 로드 145L/M/H 59g/58g/55g 150MH 68g 175H 63g 오징어 보트 웹풋,1005009446905742,11月,150MH,18.03,$18.03
LEYDUN ZORO Baitcasting 낚시 릴 145g 초경량 알루미늄 합금 바디 10 + 1BB 5.6:1 4.5KG 바닷물 롱 핸들 BFS 릴,1005009421530150,11月,Right Hand|Left Hand,31.16,$31.16
20L 낚시 도구 상자 (에기 박스 포함) 다기능 바닷물 낚시용 고품질 낚시 도구 상자,1005009343843734,11月,A|B|C|D,15.47,$15.47
WESTTUNE 야외 무선 공기 펌프 침대 매트 수영 반지에 대 한 풍선 Deflate와 휴대용 전기 미니 풍선 펌프,1005009305409137,11月,Black,30.11,$30.11
QCY Crossky C50 오픈 이어 무선 이어버드 블루투스 6.0 컴포트 클립온 이어폰 4 마이크 AI 클리어 콜 베이스 부스트 헤드폰 35시간 재생 시간 스포츠 러닝용,1005009084986255,11月,"White|Black|白色带保护壳库存不足，且不好卖，无法承接，建议选白色单属性,单属性报名价格$25.88",18.49,$18.49
"Anker Laptop Power Bank, 25,000mAh Portable Charger with Triple 100W USB-C Ports for Multi-Device Charging For iPhone17",1005008753579553,11月,单一sku,52.87,$52.87
"GOMEXUS 상어 바이트 낚싯줄 커터, 견인기 포함, 플라이 낚시 니퍼",1005008029382502,11月,全部sku|合计团购数量300,29.64,$29.64
킹덤 135g 낚시 릴 초경량 스풀 미끼 파인세 미끼 캐스팅 릴 마이크로 몬스터 7.1:1 8.1:1 4kg 얕은 스풀 라이트 코일,1005005622832406,11月,7.1 Gear Ratio,30.22,$30.22
경량 존쿠 낚싯대 (티타늄 팁 포함),1005009953462194,11月,MH,26.94,$26.94
경량 존쿠 낚싯대 (티타늄 팁 포함),1005009953462194,11月,H,27.96,$27.96
경량 존쿠 낚싯대 (티타늄 팁 포함),1005009953462194,11月,XH,28.04,$28.04
"보트에 연결된 낚시 에기 박스, 휴대가 간편한 낚시 도구 상자",1005009949125522,11月,单一sku,11.03,$11.03
샤오미 라우터 BE6500 WiFi 7 6000Mbps 듀얼 2.5G 이더넷 포트 MLO 멀티 링크 어그리게이션 4K QAM 160MHz 대역폭 6 안테나,1005007561197521,11月,Add EU Adapter,46.99,$46.99
일본 전체 후지 부품 MADMOUSE 느린 지그 막대 1.98M PE 3-6 루어 150-400G 20kgs 스피닝/캐스팅 보트 막대 바다 낚싯대,4000165154437,11月,SPINNING 150-400G,33.46,$33.46
일본 전체 후지 부품 MADMOUSE 느린 지그 막대 1.98M PE 3-6 루어 150-400G 20kgs 스피닝/캐스팅 보트 막대 바다 낚싯대,4000165154437,11月,SPINNING 60-150G,32.56,$32.56
일본 전체 후지 부품 MADMOUSE 느린 지그 막대 1.98M PE 3-6 루어 150-400G 20kgs 스피닝/캐스팅 보트 막대 바다 낚싯대,4000165154437,11月,CASTING 60-150G,32.56,$32.56
일본 전체 후지 부품 MADMOUSE 느린 지그 막대 1.98M PE 3-6 루어 150-400G 20kgs 스피닝/캐스팅 보트 막대 바다 낚싯대,4000165154437,11月,CASTING 150-400G,33.46,$33.46
"Global Version Xiaomi Redmi Watch 5 2.07"" AMOLED display 150+ sports modes  550mAh Battery Heart Rate Blood Oxygen Monitor",1005010226348563,11月,Gray|black,66.16,$66.16
ONEMIX 2025 New Carbon Plate Marathon Running Shoe Pro Tests Stable Support For Shock-absorbing Ultralight Bounce Sneakers,1005007264100496,11月,所有sku,24.25,$24.25
Onemix 2025 New Breathable Speed Running Shoes Men Marathon Sports Casual Women Sports Shoes Light Men Outdoor Jump Rope Fitness,1005006420639627,11月,所有sku,19.22,$19.22
ONEMIX Casual Running Shoes Breathable Summer Jogging Shoes Men Lightweight Women Gym Shoes Outdoor Male Cushion Sports Shoes,1005008640450528,11月,所有sku,23.26,$23.26
ONEMIX White Road Running Shoes for Men Air Cushion Outdoor Sport Shoes Male Trainers Summer Jogging Shoes Women Footwear,1005005195850718,11月,所有sku,25.48,$25.48
SOLOKING AUGURS 문어 오징어 낚시대 용 지그로드 Fuji O 링 오징어 경량 1.55M/1.75M가있는 Tianium 팁,1005007799139389,11月,|1.55M,31.0,$31.00
SOLOKING AUGURS 문어 오징어 낚시대 용 지그로드 Fuji O 링 오징어 경량 1.55M/1.75M가있는 Tianium 팁,1005007799139389,11月,1.75M,32.1,$32.10
Xtep 160X 3.5 pro 운동화 전문 마라톤 PB 카본 플레이트 스포츠 신발 쿠셔닝 충격 스니커즈,1005008670212250,11月,Blue | 42|报价用型号,111.0,$111.00
MOBI GARDEN 계란 둥지 접이식 방습 쿠션 캠핑 매트 알루미늄 호일 1.7CM 두께 고도 야외 하이킹 IXPE,1005008997888866,11月,2 Person Green,28.68,$28.68
Mountain Spring 시리즈 방습 접이식 폐쇄 셀 폼 슬리핑 패드 R1.9초경량 육각형 디자인 슬리핑 매트,1005008834636858,11月,M1A PLUS 520g,15.49,$15.49
ALLPOWERS R600 휴대용 발전기 299Wh 600W Powerstation(AC 콘센트 포함) 가정용 텐트용 LiFePO4 배터리 야외 RV 캠핑,1005005856857135,11月,Black,154.0,$154.00
트러스트파이어 10000mAh 캠핑 조명 텔레스코픽 랜턴 삼각대 포함 6500K 투광 조명 RGB 분위기 조명 보조 조명 손전등,1005009847973460,11月,"Light and Tripod, 21700, 2700-6500K",48.31,$48.31
네이처하이크 시계 화재 캠핑 목재 스토브 휴대용 장작 광장 스토브 야외 화재 히터 스토브 유리 목재 버너 스토브,1005007767220790,11月,Stove,96.43,$96.43
"플렉스테일 에보 SUP 펌프 프로 - EPS 기능, 이중 전원 공급, 압력 표시 및 자동 차단 기능을 갖춘 전동 SUP 및 타이어 펌프",1005009307257700,11月,单一sku,83.08,$83.08
Xiaomi Mijia 스마트 목 및 어깨 마사지기 통합 마사지 뜨거운 압축 사용자 정의 모드 Mi Home APP 제어와 함께 작동,1005008946371654,11月,Black,35.55,$35.55
화재 단풍 나무 해바라기 X 가스 캠핑 스토브 다기능 휴대용 가스 히터 캠핑을위한 적외선 방사선 따뜻한 가스 버너,1005008549328025,11月,SunflowerX,39.81,$39.81
"얼음 불꽃 NXT 800FP 침낭 야외 캠핑 미라 다운 침낭, 초경량 트레킹 등산 10D 침낭",1005009732830287,11月,G1200L,163.58,$163.58
​​UTRAI All-in-One 7000A Car Jump Starter with Air Compressor & OBD Diagnosis & Outdoor Camping Lights Emergency Boosters,1005009615196456,11月,"7000A JS-30,CHINA",58.69,$58.69
Fire-Maple Antarcti Gas Fire Pit Windproof Outdoor Mini Heater Stainless Steel Portable Foldable Firepit for Camping 3753BTU,1005008233071706,11月,Gas Fire Pit,37.56,$37.56
네이처하이크 T02 조정 가능한 접이식 안락 의자 캠핑 하이 백 라운지 의자 야외 휴대용 등받이 휴식 의자 레저 의자,1005008820012511,11月,White /black,22.64,$22.64
X64PRO 강력 미니 블로워 16000mAh 터보 강력 제트 팬 강력한 자동차 먼지 제거기 64mm 덕트 팬 추력 1500G 풍속 350km/h,1005009519649680,11月,Black,40.19,$40.19
5/7 인치 Carplay 오토바이 DVR 네비게이션 GPS 무선 CarPlay 안드로이드 자동 Airplay 디스플레이 화면 휴대용 모토 모니터 IPX7,1005007519651299,11月,7 inch Carplay,29.75,$29.75
​​UTRAI All-in-One 7000A Car Jump Starter with Air Compressor & OBD Diagnosis & Outdoor Camping Lights Emergency Boosters,1005009615196456,11月,7000A JS-30,58.69,$58.69
캠프빌리지 캠핑 야외 라운지 택티컬 에어소파 쇼파 의자 (전동펌프 내장),1005010112851388,11月,单一sku,51.79,$51.79
라이노워크 오토바이 테일 드라이 백 방수 모터 리어 시트 백 카메라 또는 쿨러 백 오토바이 하드 케이스 러기지 헬멧 백,1005009307058717,11月,Helmet Version Bag,90.89,$90.89
NITECORE EDC37 궁극의 전술 EDC 손전등 8000 루멘 18W USB-C 충전식 트로치 라이트 내장 8000mAh 리튬 이온 배터리,1005009184695456,11月,EDC37 with NPP30,82.75,$82.75
네이처하이크 멀티 가스 스토브 2200W 강력한 화재 버너 피크닉 캠핑을위한 높은 화력 야외 휴대용 마그네틱 카세트 스토브,1005009030681114,11月,stove,41.2,$41.20
네이처하이크 야외 계란 롤 테이블 캠핑 피크닉 접이식 휴대용 테이블 바베큐 그릴 테이블 75KG 부하 청소하기 쉬운 패치 워크 테이블,1005008927560194,11月,Khaki L,27.48,$27.48
Rhinowalk 오토바이 안장 파니 가방 70L 휴대용 대용량 마그네틱 모터 뒷좌석 테일 백 여행 수하물 배낭,1005008188200107,11月,Black-70L,84.6,$84.60
네이처하이크 TPU 폼 슬리핑 패드 C12 내장 펌프 캠핑 매트리스 R5.0 야외 2인 에어 매트리스 접이식 풍선 매트,1005007370054858,11月,2 person widen,89.8,$89.80
10/20/30/40/60CM 밤 빛 USB 충전식 모션 센서 Led 빛 무선 Led 램프 부엌 캐비닛 침실 옷장,1005009219916845,11月,Black-30cm-3 in 1,3.36,$3.36
"Drift Ghost XL Pro 4K PLUS HD 스포츠 액션 카메라, 오토바이 자전거 헬멧 비디오 캠, 3000mAH IPX7 방수 와이파이 카메라",1005005397553772,11月,Standard Packing,92.85,$92.85
새로운 야외 접이식 피크닉 대나무 테이블 휴대용 접이식 다기능 알루미늄 합금 테이블 캠핑 바베큐 테이블,1005008599115066,11月,Table,20.15,$20.15
MOUNTAINHIKER 대나무 라운드 테이블 야외 캠핑 야외 휴대용 빠른 스토리지 접이식 책상 식사 피크닉 바베큐 접이식 테이블,1005007910204056,11月,Primary colours,19.19,$19.19
HOMFUL 야외 IGT 테이블 알루미늄 합금 접이식 리프팅 테이블 캠핑 바베큐 다기능 분리형 테이블 바베큐 피크닉,1005007850293739,11月,Long Table Set A,53.36,$53.36
"Soomloom 아크 윈드 실드 스크린, 육각 모닥불 스토브, 컨버터블 윈드 스크린, 스테인레스 스틸 방풍 스크린, 장작 버너",1005006442422828,11月,单一sku,20.8,$20.80
"ThousWinds 빈티지 가스 캠핑 랜턴, 야외 레트로 캠프 램프, 10 시간 오래 지속되는 하이킹 낚시 텐트 라이트, Starfire 가스 램프",1005005786070885,11月,TW2866,26.5,$26.50
"Thous Winds 단단한 나무 캠핑 의자, 야외 접이식 커밋 의자, 여행 휴대용 감성 피크닉 캠핑 용품 장비",1005005665307293,11月,TW9067-K,116.8,$116.80
ThousWinds Luminara 미니 오일 램프 방풍 캠핑 랜턴 20h 긴 조명 수명 휴대용 레트로 라이트 야외 캠핑 하이킹,1005009028025974,11月,TW6012-MS,23.0,$23.00
"Soomloom 다기능 장작 난로 KAKA 블랙 캠핑 벽난로 텐트 난방, 요리, 휴대용 캠핑, 야외 모닥불 스토브",1005008676941764,11月,单一sku,62.72,$62.72
361 Degrees Flame 4.5 MIX Men Running Shoes Carbon Plate Marathon Stable Rebound Cushioned Airy Traction Male Sneaker 672532217F,1005009623987171,11月,"Green Blue,35,CHINA",57.92,$57.92
Xtep 160X 7.0 Pro Running Shoes 2025 Cushioning Shock Sneakers Professional Marathon PB Carbon Plate Sports Shoes 975319110041,1005009740703165,11月,"Red Orange,43.5",159.32,$159.32
ThousWinds Hanablaze 초경량 야외 접이식 스토브 캠핑용 빠른 설치 나무 스토브 화로 트레킹 난방 요리용,1005009983399054,11月,TW1005-SS,23.65,$23.65
G6DE 야외 캠핑 히터 로스팅 스토브 가스 버너 캠프 텐트 사냥 히터 스토브,1005008048145800,11月,单一sku,18.22,$18.22
야외 캠핑 IGT 탁상 스토브 휴대용 접이식 가스 스토브 캠핑 카세트 스토브 소형 조리기구 가스 스토브 피크닉 스토브,1005009185928592,11月,Green Stove,26.81,$26.81
야외 캠핑 및 하이킹용 휴대용 스테인리스 스틸 장작 난로 (그릴링 모험용),1005009366655392,11月,Package 2,57.57,$57.57
마운틴하이커 5단 테이블 IGT 테이블 야외 캠핑용 휴대용 알루미늄 합금 초경량 접이식 캠핑 책상 BBQ 피크닉 IGT 테이블,1005009941952309,11月,Black,67.73,$67.73
"Foombthe 무선 전기 휴대용 에스프레소 커피 머신, 차량 및 가정용 캠핑용 커피 메이커, 80ml 물탱크 용량, 디지털 디스플레이, 3-in-1 캡슐 파우더 여행용 커피 메이커",1005009212557833,11月,blacks,15.86,$15.86
새로운 골든 5000mAh 38-KT 38 라이트 38 탐색 랜턴USB 충전식 캠핑 랜턴 야외 텐트 분위기 캠프 라이트 2025,1005009042700203,11月,Set with 8 Stickers,10.0,$10.00
휴대용 캠핑 랜턴 다기능 LED 캠핑 라이트 마그네틱 베이스와 삼각대가 있는 방수 야외 라이트 랜턴,1005008989341806,11月,RHL1,7.87,$7.87
캠핑 조명 미니 E3 LED 야외 5000Mah 충전식 비상 조명 캠프 낚시에 대 한 방수 휴대용 교수형 램프,1005008641427010,11月,E3mini black,8.84,$8.84
5000mAh 38 빛 38 USB 충전식 캠핑 랜턴 탐색 야외 텐트 램프 강력한 미니 LED 손전등 캠프 라이트,1005008800417626,11月,1 set,10.0,$10.00
WELLHIKE 캠핑 번트 스타 관찰 벽난로 높은 반투명 유리 복고풍 요리 차 작은 벽난로 난방 등유 램프,1005008733201064,11月,Black,47.76,$47.76
Tryhomy IGT 0.5 단위 캠핑 테이블 알루미늄 합금 더블 레이어 IGT 테이블 단일 사람 확장 가능한 전술 테이블,1005008617898066,11月,0.5 unit table,22.61,$22.61
1500LM 휴대용 야외 캠핑 조명 USB 충전식 램프 LED 비상 램프 높은 전력 텐트 랜턴 야간 조명,1005008648016575,11月,black,10.84,$10.84
살반 택티컬 일산화탄소 경보기 센서 CO 누설 감지 캠핑 가정용 KC 인증,1005010002972401,11月,Digital Carbon Monoxide Detector - Khaki,11.1,$11.10
IGT 하프 유닛 가스 스토브 7200W 고출력 스테인레스 스틸 IGT 버너 플레이트 접이식 캠핑 Igt 가스 버너 바베큐 그릴 데스크탑 스토브,1005008274877912,11月,Black IGT Gas Stove,25.39,$25.39
ShineTrip 새로운 겨울 스테인레스 스틸 야외 캠핑 IGT 세미 유닛 보조 연소 용광로 접이식 휴대용 쿠커,1005007889592410,11月,Silvery,29.1,$29.10
Xtep 160X 7.0 Running Shoes 2025 Professional Marathon Cushioning Shock Sneakers Combat PB Carbon Plate Sport Shoes 975319110039,1005009740436798,11月,"Green,41.5",124.11,$124.11
캠핑야외 4-6P 풍선 원터치 빠른 자동 개방형 해변 텐트 캠핑 여행 피크닉 방수 안티 자외선 그늘 텐트,1005009020845778|（相似款）,11月,7.5 square meter,150.87,$150.87
Trustfire WL22 Flashlight 1900MM Telescopic Camping Lights 2200mAh Lanterns With Remote Control light for Outdoor Car Repair,1005008844741832,11月,CP.WL22,35.67,$35.67
Tryhomy Outdoor Camping IGT Table IGT 6 Unit Table Portable Aluminum Alloy Ultralight Fold Camping Desk BBQ Picnic IGT Table New,1005008797936729,11月,6 unit table,47.8,$47.80
FLEXTAIL ZERO PILLOW - 여행과 가정 모두를 위한 이중 지지대를 갖춘 인체공학적 팽창식 베개,1005007781387472,11月,Gray,11.1,$11.10
WESTTUNE 캠핑 침대 휴대용 접이식 침대 야외 하이킹 배낭 여행을위한 초경량 알루미늄 합금 슬리핑 침대,1005006352759050,11月,Black,18.45,$18.45
Naturehike Gas Burner Camping 1100W Heating Stove Multifunction Outdoor Picnic Gas Stove Fire Stove Liquefied Gas Heater Stove,1005006207979450,11月,White,37.0,$37.00
Mountainhiker 20-96L 야외 보관 상자 캠핑 피크닉 여행 알루미늄 합금 대용량 상자 액세서리 보관 가방 6 크기,1005005593261907,11月,New Medium 48L,33.17,$33.17
WELLHIKE Outdoor SWS Yunchi 5 유닛 IGT 다기능 접이식 알루미늄 합금 높이 조절 테이블,1005009714306441,11月,Spider stove board,15.9,$15.90
MOUNTAINHIKER 10cm 소형 접이식 캠핑 슬리핑 베드 패드 싱글 더블 퍼스 자체 팽창 매트리스 두꺼운 에어 매트 바닥,1005009124754201,11月,G Single EU US,43.57,$43.57
"Mountainhiker 야외 캠핑 대나무 접이식 테이블, 휴대용 접이식 테이블, 야외 다이닝 테이블, 피크닉 바베큐 테이블, 빠른 보관",1005007048547354,11月,Two Table Walnut,28.76,$28.76
MOUNTAINHIKER 대나무 라운드 테이블 야외 캠핑 야외 휴대용 빠른 스토리지 접이식 책상 식사 피크닉 바베큐 접이식 테이블,1005007910204056,11月,Primary Colours,19.19,$19.19
네이처하이크 쿨 캠핑 장비 야외 바베큐 철판 라운드 탁상 바베큐 그릴 휴대용 탄소 스토브 숯불 그릴 스토브,1005008895758153,11月,standard model | CHINA,17.04,$17.04
"Widesea 야외 캠핑 긴 화염 점화기, 휴대용 나무 손잡이 버너, 피크닉 바베큐 가스 탱크 스프레이건, 이동식 스토브 도구 키트",1005006149626540,11月,Silver,6.88,$6.88
레노버 리전 Y700 2025 CN 안드로이드 패드 4세대 TB322FC 게이밍 태블릿 12/256GB 16/512GB 스냅드래곤 8 엘리트 8.8인치 165Hz 7600mAh 태블릿,1005010120015183,11月,12GB 256GB|白：200|黑：300,274.59,$274.59
【Zuno Choice】IINE 포켓 레트로 게임 컨트롤러 1000Hz 매립형 스틱 홀 효과 조이스틱 휴대용 미니 게임패드 맞춤형,1005009771019868,11月,White (NS Layout) 750|Purple (NS Layout) 750,12.74,$12.74
노트북 쿨러 거치대_2,1005009139368046,11月,BS2Pro|可售15,50.72,$50.72
"Lenovo Xiaoxin Pad Pro GT 128GB 256GB Snapdragon 8 Gen 3 11.1"" 144Hz 3.2K Display 8860mAh 68W Charging Android Wifi7 Tablet PC",1005009876347872,11月,8G 128GB WIFI Grey,174.51,$174.51
"Lenovo Xiaoxin Pad Pro GT 128GB 256GB Snapdragon 8 Gen 3 11.1"" 144Hz 3.2K Display 8860mAh 68W Charging Android Wifi7 Tablet PC",1005009876347872,11月,8G 128GB WIFI White,170.99,$170.99
"QCY MeloBuds N70 ANC 무선 이어버드, 블루투스 6.0, 적응형 노이즈 캔슬링, LDAC, 고해상도 오디오, 6개 마이크, ENC 이어폰, 50시간 재생, 무선 충전, 헤드폰, 인이어 감지",1005009361746399,11月,黑色500|钛金250|紫色50,26.87,$26.87
기존 SHOKZ OpenRun Pro 2 S820 S821mini 블루투스 이어폰 IP55 방수 골전도 헤드폰 음악 스포츠 이어 버드,1005008561939766,11月,黑色400|橘色300|银色300,100.29,$100.29
기존 SHOKZ OpenRun Pro 2 S820 S821mini 블루투스 이어폰 IP55 방수 골전도 헤드폰 음악 스포츠 이어 버드,1005008561939766,11月,黑色700|橘色400|银色400,101.03,$101.03
"쇼크즈 오픈핏 2+ T921 오픈형 이어폰 돌비 오디오 무선 블루투스 이어폰, 듀얼부스트 기술 AI 노이즈 감소",1005009961437697,11月,黑色 1000 |银色 500 |白色 500,100.42,$100.42
네이처하이크 TPU 폼 슬리핑 패드 C12 내장 펌프 캠핑 매트리스 R5.0 야외 2인 에어 매트리스 접이식 풍선 매트,1005007370054858,11月,1 person,69.96,$69.96
네이처하이크 TPU 폼 슬리핑 패드 C12 내장 펌프 캠핑 매트리스 R5.0 야외 2인 에어 매트리스 접이식 풍선 매트,1005007370054858,11月,2 person,84.96,$84.96
네이처하이크 TPU 폼 슬리핑 패드 C12 내장 펌프 캠핑 매트리스 R5.0 야외 2인 에어 매트리스 접이식 풍선 매트,1005007370054858,11月,2 person widen,89.8,$89.80
Baseus 27W 자기 보조베터리 10000mAh 15W 무선 ​​충전,1005009080104999,11月,黑&白,16.78,$16.78
2025 NEW DAIWA FUEGO CS LT 스피닝 낚시 릴 베이트캐스팅 릴 6+1BB 최대 드래그 12KG 스피닝 휠,1005008787750581,11月,2500S,57.57,$57.57
2025 NEW DAIWA FUEGO CS LT 스피닝 낚시 릴 베이트캐스팅 릴 6+1BB 최대 드래그 12KG 스피닝 휠,1005008787750581,11月,4000-CXH,61.94,$61.94
2023 DAIWA EXCELER LT 스피닝 낚시 릴 최대 5+1BB 드래그 12kg 베이트캐스팅 릴 바닷물 민물 릴,1005007917397483,11月,2500S,46.07,$46.07
2023 DAIWA EXCELER LT 스피닝 낚시 릴 최대 5+1BB 드래그 12kg 베이트캐스팅 릴 바닷물 민물 릴,1005007917397483,11月,4000-CXH,48.85,$48.85
네이처하이크 2025 몽가 UL 텐트 15D 20D 나일론 1-2인용 방수 초경량 백패킹 캠핑 하이킹 여행 생존 텐트,32799042669,11月,2P -15D UL - Gray,104.2,$104.20
"네이처하이크 캠핑 문 체어, 고하중 초경량 야외 의자, 접이식 통기성 여행 피크닉 낚시 정원 의자, 2025 신제품",1005008413065825,11月,Green,19.11,$19.11
MOUNTAINHIKER 야외 캠핑 대나무 2/3 접이식 테이블 휴대용 빠른 스토리지 접이식 책상 야외 식탁 피크닉 바베큐 테이블,1005007048624202,11月,Two Folding Table,23.43,$23.43
야외 캠핑 쓰레기통 경량 접이식 옥스포드 천 보관함 라운드 빈 셀프 드라이브 바베큐 휴대용 자동차 쓰레기통,1005006150793320,11月,Black,11.09,$11.09
AEGISMAX Thermolite 침낭 라이너 초경량 캠핑 하이킹 여름 야외 열 침낭 남성 및 여성,1005003202262413,11月,MLT5,19.2,$19.20
AEGISMAX Thermolite 침낭 라이너 초경량 캠핑 하이킹 여름 야외 열 침낭 남성 및 여성,1005003202262413,11月,MLT8,22.4,$22.40
Thous Winds 4 Seasons Camping Canopy Ultralight 15D Double Silicon Coating Waterproof Hiking Awning Sun Tarp 3x3 4x3 4x4.5m,1005004620594124,11月,"Grey,4x3m",69.71,$69.71
"숨룸 경량 트레킹 텐트 – 캠핑, 하이킹, 아웃도어 모험 및 등산을 위한 휴대용 백패킹 텐트",1005010001287816,11月,For 2 Person,50.95,$50.95
KAILAS Fuga Brand New EX330 Trail Running Shoes Unisex Outdoor Sport Arch Support Breathable Lightweight Sneakers KS2533155,1005008233758552,11月,"Men FUGA Orange,42,CHINA",138.59,$138.59
"Hippcron 7 ""휴대용 멀티미디어 플레이어 IPS 터치 스크린 무선 연결 Carplay 안드로이드 자동 네비게이션 지원 AUX BT TF",1005009759487089,11月,With Camera,20.26,$20.26
Hipppcron 9인치 휴대용 차량용 라디오 멀티미디어 비디오 플레이어 무선 CarPlay 및 안드로이드 오토 IPS 터치 스크린 BT USB TF AUX 입력,1005009568156727,11月,Type 1,20.18,$20.18
Alpicool RT25/K25 자동차 냉장고 휴대용 냉장고 가정용 야외 캠핑 여행 사용   자동차 캠핑 여행에 적합 빠른 냉동고,1005008921831861,11月,RT25,70.2,$70.20
JBL 자동차 오디오 스피커 6.5인치 동축 스피커 400W 파워 카 트레블 미드레인지 서브우퍼 스테레오 스피커 정품 JBL 자동차 스피커,1005008482794134,11月,6.5 inch pair,39.22,$39.22
JBL 카 오디오 스피커 3.5인치 동축 트위터 미드레인지 베이스 풀레인지 카 스피커 3.5인치 페어 GX328,1005008234027651,11月,3.5 inch pair,40.36,$40.36
"Incell 안드로이드 뒷좌석 헤드레스트 모니터, 엔터테인먼트 멀티미디어 카플레이, 미러링크, USB TF HDMI 입력, 디즈니 + 앱 WiFi, 11.6 인치",1005007448830900,11月,1 PCS 11.6 2-32GB,83.71,$83.71
2L 거품 분무기 세차 휴대용 거품 물을 수있는 공기 압력 분무기 플라스틱 소독 물병 자동차 청소 도구,1005006753603075,11月,GRAY,3.37,$3.37
"Baseus 자동차 점프 스타터 보조배터리, 휴대용 배터리 스테이션, 비상 부스터 시동 장치, 1200A 12000mAh, 2.5L 6L",1005001482589478,11月,1200A 12000mAh,37.44,$37.44
70mai 4K 블랙박스 A800SE 70mai A800S 음성 제어 슈퍼캡타이어 GPS ADAS 차량용 DVR 70mai A800SE UHD Wifi 6 업그레이드 버전,4001333431211,11月,"A800SE-1 Set n UP03, UHS-I U3 128GB",118.66,$118.66
칼링킷 안드로이드 13 카플레이 스마트 TV 박스 무선 안드로이드 오토 카플레이 지원 넷플릭스 유튜브 SM6225 8코어 128GB 64GB LTE,1005009288191370,11月,"8GB 128GB, LED Android 13 EAU",71.19,$71.19
"플렉스타일 맥스 펌프 3 - 전기 에어 펌프, 에어 베드, 수면 패드, 진공 백용 3단계 환경 조명이 있는 휴대용 캠핑 펌프",1005007591011271,11月,Orange,30.04,$30.04
안커 프라임 파워뱅크 27650mAh 3포트 250W 휴대용 충전기 99.54Wh 예비 배터리 대용량 아이폰 17용,1005006067644397,11月,Black,84.67,$84.67
FLEXTAIL ZERO PILLOW - 여행과 가정 모두를 위한 이중 지지대를 갖춘 인체공학적 팽창식 베개,1005007781387472,11月,BROWN,11.16,$11.16
네이처하이크 BLACKDOG 캠핑 라이트 메이트 마그네틱베이스 야외 피크닉 손전등 USB 충전식 5000mAh 방수 IPX4 랜턴,1005009484544415,11月,Silver,15.23,$15.23
CAMPINGMOON FD-22 Stainless Steel Telescopic Field Frame Home Flowerpot Frame Camping Multi-purpose Folding Storage Rack,1005008672432949,11月,FD-22,11.5,$11.50
타우르스 이너+플라이,1005006667575613,11月,Taurus 1 set -black,170.43,$170.43
Thous Winds Firedance Oil Lamp Stove Portable Outdoor Camping Lantern Emotion Retro Lights for Picnic Backpack Camping Supplies,1005006324684096,11月,TW6008-B,108.7,$108.70
Retroid Pocket Mini V2 휴대용 콘솔 3.92인치 8:7 OLED 스크린 안드로이드 게임 콘솔 SD865 Wi-Fi6 Bluetooth Active Cool,1005009261509193,11月,"RP MINI V2, 6G 128G",191.83,$191.83
Retroid Pocket Flip2 휴대용 게임 콘솔 5.5'' AMOLED 화면 DP 출력 금어초 MediaTek 프로세서 활성 냉각 Android OS,1005010119088720,11月,"16 Bit US, SD865 Processor",194.72,$194.72
"ANBERNIC RG34XX 레트로 비디오 휴대용 게임 콘솔 3.4 ""IPS 스크린 32G Linux 64 비트 시스템 지원 5G WiFi Bluetooth HD TV 출력",1005005861950763,11月,"Red 64G 5K Games, With Bag",54.74,$54.74
AMPOWN AYN 오딘 2 포털 휴대용 레트로 비디오 게임 7인치 OLED 핸드헬드 게임기 8세대2 8000mAh 안드로이드 13 커스텀 무선,1005008839864614,11月,"Indigo, 8GB 128GB",280.67,$280.67
"ANBERNIC RG 406H 레트로 게임 콘솔, 안드로이드 13, Unisoc T820, 64 비트 게임 플레이어, 4.0 인치 터치 스크린, 3D 홀 조이스틱, 비디오 게임, RG406H",1005008094860845,11月,"Purple, Machine Only",118.19,$118.19
ANBERNIC RG477M RG 슬라이드 레트로 휴대용 게임 비디오 플레이어 콘솔 4.7인치 LTPS 안드로이드 14 블루투스 WIFI 12G+256G PS2 RG 477M,1005007744953347,11月,"RG477M 12G 256G, No card",216.19,$216.19
"Lenovo Xiaoxin Pad Pro GT 128GB 256GB Snapdragon 8 Gen 3 11.1"" 144Hz 3.2K Display 8860mAh 68W Charging Android Wifi7 Tablet PC",1005009876347872,11月,8 128 White,170.99,$170.99
New Lenovo Xiaoxin Pad Pro 12.7 2nd 2025 Tablet Dimensity 8300 2.9k Resolution 144Hz Refresh Rate WIFI 10200mAh WIFI Android,1005009472245180,11月,8GB 128GB,136.96,$136.96
Anker SOLIX C300 DC 전원 은행 스테이션 실외 288Wh(90000mAh) 여러 장치용 휴대용 발전소 LiFePO4 배터리,1005007673598585,11月,单一sku,118.99,$118.99
WORX WU139 브러시리스 스크루 드라이버 경량 무선 드릴 50N.m 1/4인치 ElectricDrill 12V 배터리 좁은 공간을 위한 미니 드릴,1005009408670848,11月,WU139.1 BOX,40.68,$40.68
"GMKtec K12 Gaming Mini PC AMD Ryzen 7 H 255(Upgraded 8745HS) Desktop Mini Computers Radeon 780M WiFi 6E/BT5.2, USB-C,  Barebone",1005009835919350,11月,No Ram No Storage,208.11,$208.11
레노버 리전 Y700 2025 CN 안드로이드 패드 4세대 TB322FC 게이밍 태블릿 12/256GB 16/512GB 스냅드래곤 8 엘리트 8.8인치 165Hz 7600mAh 태블릿,1005010120015183,11月,12GB 256GB Gray,274.59,$274.59
"XIAOMI MIJIA 자동차 진공 청소기 21kPa 흡입, Type-C 고속 충전, 150mL 먼지 컵, 가정용 무선 진공 청소기, 2400mAh 배터리",1005009139287286,11月,Vacuum Cleaners,39.64,$39.64
Firebat AT15 노트북 Intel N150 N100 CPU 15.6 인치 16GB RAM SSD 512GB 1TB 경량 비즈니스 컴퓨터 노트북 BT4.2 WiFi5,1005008768611097,11月,"16GB 512GB, Intel N150",154.33,$154.33
UGREEN 145W 20000mAh 보조베터리 맥세이프 Qi2 15W 자기 무선 보조베터리 스테이션 유그린 PD3.1 노트북 100W 고속충전 고속 충전용 외장 배터리 대용량 맥세이프 충전기,1005007989914725,11月,WHITE,63.94,$63.94
Edifier M60 Compact Desktop 2.0 Speakers Hi-Res Audio Wireless LDAC Bluetooth 5.3 USB-C AUX Inputs Support EQ Setting 66W RMS,1005007612849331,11月,White EU-Plug,72.3,$72.30
ALLPOWERS R600 휴대용 발전기 299Wh 600W Powerstation(AC 콘센트 포함) 가정용 텐트용 LiFePO4 배터리 야외 RV 캠핑,1005005856857135,11月,black,154.0,$154.00
70mai 대시캠 4K A810 울트라 HD GPS ADAS 150도 광각 HDR 듀얼 채널 지원 모션 감지 70mai A810 차량용 블랙박스 LTE 4G 호환,1005005784770916,11月,"A810S-2 Front Rear, No TF Card",108.25,$108.25
Logitech MX Master 3S Wireless Bluetooth Mouse Business Office Softtone Mouse Ergonomic Business Office Mouse,1005008489520149,11月,MX Master 3S black/white,56.83,$56.83
Evo75 기계식 키보드 트라이 모드 2.4G 무선 HiFi PBT 승화 맞춤형 알루미늄 키보드 RGB 핫 스왑 게임 액세서리,1005010142367742,11月,"Spray pink, fr4 orange switch",120.0,$120.00
New Lenovo Xiaoxin Pad Pro 12.7 2nd 2025 Tablet Dimensity 8300 2.9k Resolution 144Hz Refresh Rate WIFI 10200mAh WIFI Android,1005009472245180,11月,AG Edition 8G 128G,173.49,$173.49
"Lenovo Xiaoxin Pad Pro GT 128GB 256GB Snapdragon 8 Gen 3 11.1"" 144Hz 3.2K Display 8860mAh 68W Charging Android Wifi7 Tablet PC",1005009876347872,11月,8GB 128GB Beige,170.99,$170.99
레노버 리전 Y700 2025 CN 안드로이드 패드 4세대 TB322FC 게이밍 태블릿 12/256GB 16/512GB 스냅드래곤 8 엘리트 8.8인치 165Hz 7600mAh 태블릿,1005010120015183,11月,12GB 256GB Gray,274.59,$274.59
MCHOSE MIX87 마그네틱 스위치 키보드 유선 게임용 키보드 8K + 256K Esport 0.08ms 낮은 대기 시간 E-스포츠 맞춤형 게이머 액세서리,1005009403572639,11月,Black Apollo Switch,40.07,$40.07
Logitech PRO X  SUPERLIGHT 2 GPW3 Wireless Mouse Gaming Mouse Gpw Second Generation Upgrade Hero2 Sensor,1005009980214956,11月,2 DEX White,100.02,$100.02
AULA F108 Pro 게이밍 기계식 키보드 트라이 모드 커스텀 멀티 노브 스크린 RGB e스포츠 무선 키보드 TFT 스마트 디스플레이 탑재,1005008489394609,11月,Blue and White RE,32.6,$32.60
"Joyroom 맥세이프용 울트라 슬림 보조배터리, 5000mAh 무선 휴대용 충전기, 아이폰 16, 15, 14, 13/12 용 USB-C 케이블 포함, 0.35 인치",1005007456677310,11月,Titanium primary,16.57,$16.57
Anker SOLIX C300 DC 전원 은행 스테이션 실외 288Wh(90000mAh) 여러 장치용 휴대용 발전소 LiFePO4 배터리,1005007673598585,11月,单一sku,118.99,$118.99
"Anker Laptop Power Bank, 25,000mAh Portable Charger with Triple 100W USB-C Ports for Multi-Device Charging For iPhone17",1005008753579553,11月,grey,52.87,$52.87
"GaN 고출력 마더보드, PD3.1 280W, 0.96 인치 OLED 스크린, 140W + 140W, PPS105W, 휴대용 미국 EU UK KR C7 AU 모듈 고속 충전",1005010126604512,11月,black,75.1,$75.10
AUFU 540 회전 PD240W USB3.1 Usb C to Type C OTG 어댑터 5A iPhone 16 MacBook 용 고속 충전 케이블 변환기 Samsung Xiaomi,1005007981787958,11月,USB C Adapter,2.78,$2.78
iPhone 15 Pro Max PD 고속 충전 데이터 코드 용 240W USB C-USB C PD 케이블 노트북 용 개폐식 유형 C 충전기 케이블 와이어,1005005937249824,11月,Yellow,7.96,$7.96
"고속 충전 스테이션 멀티탭 GaN USB C PD 100W 충전기, 맥북 프로 아이폰 15 노트북 태블릿용 7 인 1 전원 어댑터, 200W",1005005066486671,11月,KR Plug,27.79,$27.79
TPCELL 8/10Ah 18V 21700 셀 배터리 (MKT 18V 전동 공구용),1005008521805120,11月,MT 8Ah battery PRO,46.2,$46.20
"강력한 휴대용 터보 제트 선풍기, 자동차 강력한 공기 송풍기, 고속 64mm 브러시리스 모터 추력 1600g 세차 에어건 건조기, 1100W",1005008380138687,11月,for Makita,35.61,$35.61
"강력한 휴대용 터보 제트 선풍기, 자동차 강력한 공기 송풍기, 고속 64mm 브러시리스 모터 추력 1600g 세차 에어건 건조기, 1100W",1005008380138687,11月,for Dewalt,35.61,$35.61
바토카 S4 무선 자동차 광택기 무선 자동차 폴리싱 머신 3mm/12mm 랜덤 오비탈 무료 2개 2.0Ah 리튬 배터리,1005006140691588,11月,SET 2,101.99,$101.99
SPTA 18V 5인치 무선 자동차 폴리셔 듀얼 액션 15mm 궤도 가변 속도 폴리싱 머신(4000mAh 배터리 포함),1005006006071785,11月,polisher set,135.39,$135.39
"XIAOMI MIJIA 무선 진공 청소기 2 먼지 디스플레이 에디션, 24kPa 흡입, 최대 배터리 수명 60분, 무선 휴대용 진공 청소기",1005009347904732,11月,EU,75.7,$75.70
SPTA LD105 12V Mini Cordless Car Polisher Wireless Polishing Machine With Flexible Shaft Kit A&RO Polisher 2pcs2.0Ah Battery,1005006347967984,11月,mini polisher set,115.19,$115.19
Anker Prime 735 보조베터리 20000mAh 200W 20K 휴대용 충전기 휴대용 보조베터리 대용량 20000mAh 배터리 예비 배터리,1005006067543904,11月,Black,53.19,$53.19
자동차 용 SNDWAY 코팅 두께 게이지 SW-6310A 0.1um/0-1700 FE/NFE 페인트 필름 두께 측정기 코팅 마이크로 미터 페인트 도구,1005005389981303,11月,SW-6300A,31.38,$31.38
Baseus 2 In 1 자동차 점프 스타터 보조베터리 공기 압축기 팽창기 펌프 1000A 휴대용 발전소 자동차 배터리 충전기 부스터,1005004653139060,11月,2 in 1,46.99,$46.99
"CHUWI MiniBook X 노트북 태블릿 2 In 1 Intel N150 CPU 10.51 ""FHD IPS 스크린 12GB LPDDR5 512G SSD Windows 11 노트북 1200*1920",1005010239031646,11月,CPU N150,207.14,$207.14
"GMKtec 미니 PC 인텔 알더 레이크 N100, 윈도우 11 프로 미니 PC, 8 GB, 16GB, DDR4 256, 512GB, PCIe M.2 SSD, 와이파이 6 BT5.2 데스크탑 컴퓨터, G3",1005009765993863,11月,"G3 EU Plug, 8GB RAM 256GB ROM",76.5,$76.50
"GMKtec K12 Gaming Mini PC AMD Ryzen 7 H 255(Upgraded 8745HS) Desktop Mini Computers Radeon 780M WiFi 6E/BT5.2, USB-C,  Barebone",1005009835919350,11月,"K6 EU Plug, 16GB DDR5 512GB SSD",208.11,$208.11
올두큐브 iPlay70 Pro 태블릿 Helio G99 10.95인치 2.5K 디스플레이 안드로이드 14 16GB(6GB+10GB 가상) 램 256GB 롬 LTE 7000mAh 태블릿,1005008755325253,11月,Standard,88.03,$88.03
레노버 리전 Y700 2025 CN 안드로이드 패드 4세대 TB322FC 게이밍 태블릿 12/256GB 16/512GB 스냅드래곤 8 엘리트 8.8인치 165Hz 7600mAh 태블릿,1005010120015183,11月,12GB 256GB Gray,274.59,$274.59
AULA F75 MAX 게임용 기계식 키보드 75% 유선/블루투스/2.4G 핫스왑 RGB E-스포츠 키보드(PC/Mac용 TFT 스크린 포함) ﻿,1005008918966109,11月,White and Purple,32.73,$32.73
AULA F108 Pro 게이밍 기계식 키보드 트라이 모드 커스텀 멀티 노브 스크린 RGB e스포츠 무선 키보드 TFT 스마트 디스플레이 탑재,1005008489394609,11月,F108 Pro Gray Mix,32.6,$32.60
Edifier M60 Compact Desktop 2.0 Speakers Hi-Res Audio Wireless LDAC Bluetooth 5.3 USB-C AUX Inputs Support EQ Setting 66W RMS,1005007612849331,11月,White EU-Plug,72.3,$72.30
"ZEUSLAP 22 ""QHD 스타일러스 펜 터치 기능 PC 노트북 용 눈부심 방지 표면 데스크탑 모니터 두 번째 화면 사무실 디자인 모니터",1005008840439364,11月,EU Plug,156.91,$156.91
Garmin Forerunner 255 스포츠 스마트워치 46mm 1.3인치 컬러 스크린 14일 배터리 수명 4GB RAM NFC Bluetooth Wifi 5ATM 방수,1005010226341451,11月,Slate Gray (GPS),172.63,$172.63
"Amazfit GTS 4 mini new  미니 스마트워치, 알렉사 내장, 24 시간 심박수, 150 가지 스포츠 모드, 스마트 워치",1005005785956236,11月,"Graphite Black, GTS 4 MINI New",51.29,$51.29
"SoundPEATS Air5 Lite 무선 이어버드, 고음질 오디오, 블루투스 5.4 세미 인 이어 이어폰, 13mm 드라이버, LDAC 코덱, 고속 충전",1005008524882582,11月,Black,22.91,$22.91
"화웨이 FreeClip 이어 클립 헤드폰, 8 시간 연속 재생, 니어 이어 청취, 편안하고 안정적인 착용 이어폰",1005006405792952,11月,CN version purple,122.65,$122.65
"사운드피츠 H3 하이브리드 3 드라이버 무선 이어버드 블루투스 5.4, 55dB 적응형 ANC, LDAC & aptX 무손실 Hi-Res 오디오, 6개 마이크 CVC8",1005009684386541,11月,Black,70.05,$70.05
사운드피츠 H3 하이브리드 3,1005007088934202,11月,Vacuum Cleaners,39.4,$39.40
"XIAOMI MIJIA 자동차 진공 청소기 21kPa 흡입, Type-C 고속 충전, 150mL 먼지 컵, 가정용 무선 진공 청소기, 2400mAh 배터리",1005009139287286,11月,"Black, Type-C Charge",39.64,$39.64
CROSSGUN Jet Turbo King Kong Jetfan Strong Fan Portable Handheld With LED Lighting Dust Elimination Computer hurricane storm X3,1005007781344048,11月,WHITE,18.1,$18.10
"Lefant M3 로봇 진공 청소기 12000 Pa, 이중 회전식 걸레 200 RPM, DToF 내비게이션, 장애물 회피 PSD, 220분 런타임",1005009144808278,11月,Black,139.16,$139.16
오리지널 레노버 샤오신 100P 프로젝터 1140 ANSI 자동 초점 Wifi6 스마트 홈시어터 360도 PTZ 지원 4K HD 휴대용 프로젝터,1005007861114271,11月,Xiaoxin 100P,107.7,$107.70
"UWANT V500 무선 청소기, 도킹 스테이션 포함, 자동 먼지 비움 기능 탑재, 230,000Pa의 강력한 흡입력, 미세먼지를 감지하는 마이크로 그린 라이트, LED 디스플레이 탑재, 작고 가벼운 디자인, 최대 40분간 사용",1005008876708560,11月,WHITE,69.36,$69.36
올두큐브 iPlay70 Pro 태블릿 Helio G99 10.95인치 2.5K 디스플레이 안드로이드 14 16GB(6GB+10GB 가상) 램 256GB 롬 LTE 7000mAh 태블릿,1005008755325253,11月,Standard,88.03,$88.03
레노버 리전 Y700 2025 CN 안드로이드 패드 4세대 TB322FC 게이밍 태블릿 12/256GB 16/512GB 스냅드래곤 8 엘리트 8.8인치 165Hz 7600mAh 태블릿,1005010120015183,11月,12GB 256GB Gray,274.59,$274.59
AULA F75 MAX 게임용 기계식 키보드 75% 유선/블루투스/2.4G 핫스왑 RGB E-스포츠 키보드(PC/Mac용 TFT 스크린 포함) ﻿,1005008918966109,11月,White and Purple,32.73,$32.73
AULA F108 Pro 게이밍 기계식 키보드 트라이 모드 커스텀 멀티 노브 스크린 RGB e스포츠 무선 키보드 TFT 스마트 디스플레이 탑재,1005008489394609,11月,F108 Pro Gray Mix,32.6,$32.60
"Lefant M3 로봇 진공 청소기 12000 Pa, 이중 회전식 걸레 200 RPM, DToF 내비게이션, 장애물 회피 PSD, 220분 런타임",1005009144808278,11月,WHITE,139.16,$139.16
"Global Version Xiaomi Redmi Watch 5 2.07"" AMOLED display 150+ sports modes  550mAh Battery Heart Rate Blood Oxygen Monitor",1005010226348563,11月,"black,CN",66.16,$66.16
Logitech PRO X  SUPERLIGHT 2 GPW3 Wireless Mouse Gaming Mouse Gpw Second Generation Upgrade Hero2 Sensor,1005009980214956,11月,Black,100.02,$100.02
Logitech MX Master 3S Wireless Bluetooth Mouse Business Office Softtone Mouse Ergonomic Business Office Mouse,1005008489520149,11月,Black,56.83,$56.83
"Lenovo Xiaoxin Pad Pro GT 128GB 256GB Snapdragon 8 Gen 3 11.1"" 144Hz 3.2K Display 8860mAh 68W Charging Android Wifi7 Tablet PC",1005009876347872,11月,8 256 Gray,199.96,$199.96
"Lenovo Legion Y700 2025 Gaming Tablet 256GB 512GB ROM Snapdragon 8 Gen 3 8.8"" 165Hz Screen 6550mAh 68W Charging Wifi Android Tab",1005009554741591,11月, 12 256 Black,212.44,$212.44
AULA HERO84 HE 자기 스위치 유선 기계식 키보드 RGB 음악 리듬 8K 반환 속도 키보드 컴퓨터 액세서리 게이머 용,1005009024629669,11月,White and Purple,27.62,$27.62
UGREEN 12-in-1 USB 허브 Type-C to 2HDMI 4K120Hz DP USB3.2 10Gbps SD/TF RJ45 PD100W 맥북 델 HP 노트북 액세서리 도킹 스테이션,1005009100871797,11月,12-in-1 2HDMI 1DP,22.59,$22.59
Edifier QR30 Desktop Active Speakers PC Bluetooth V5.4 Speaker 2.0 Channel 15W+15W RMS Light Effects EQ Setting Deep Bass,1005008849882224,11月,White EU-Plug,58.25,$58.25
"AJAZZ 무선 게이밍 마우스 오른손잡이 인체 공학적 마우스, RGB 마그네틱 스크린 충전 베이스 포함, AJ179 APEX PAW3950, 3000DPI 8Khz",1005008080543016,11月,AJ179APEX-White,25.35,$25.35
UGREEN 145W 20000mAh 보조베터리 맥세이프 Qi2 15W 자기 무선 보조베터리 스테이션 유그린 PD3.1 노트북 100W 고속충전 고속 충전용 외장 배터리 대용량 맥세이프 충전기,1005007989914725,11月,WHITE,63.94,$63.94
냉각 팬이 포함된 ORICO-USB C 허브 M.2 NVMe SATA SSD 인클로저 외부 10Gbps 4K 60Hz HDMI-Com RJ45 SD TF 도킹 스테이션,1005006455458250,11月,Upgrade with Fan,30.56,$30.56
네이처 하이크 IGT 플랫버너,1005007950288112,11月,Black,51.14,$51.14
티아티산 티타늄 호리병 컵,1005009785841063,11月,Ice crystal set ,14.16,$14.16
샤인트립 마그네틱 후크,1005008987538299,11月,Black-5pcs,15.96,$15.96
플렉스테일 제로펌프,1005007142361622,11月,ZERO PUMP,20.07,$20.07
CAMPINGMOON CK-24 야외 IGT 테이블 유닛 조합 다기능 워터 필터 바구니 304 스테인레스 스틸 보관 네트 케이지,1005008493653838,11月,CK-24BK,9.06,$9.06
Campingmoon 헤비 듀티 스틸 텐트,1005007299181107,11月,DARK GRAY,13.01,$13.01
진짜 티타늄 키 체인 남자 EDC 경량 자동차 열쇠 고리,1005004934879638,11月,Titanium A,3.09,$3.09
진짜 티타늄 키 체인 남자 EDC 경량 자동차 열쇠 고리,1005004934879638,11月,Titanium B,3.09,$3.09
캠프파이어 그릴 그레이트,1005010050078334,11月,Yellow,12.3,$12.30
MCHOSE MIX87 마그네틱 스위치 키보드 유선 게임용 키보드 8K + 256K Esport 0.08ms 낮은 대기 시간 E-스포츠 맞춤형 게이머 액세서리,1005009403572639,11月,White/Black/Pink Apollo Switch,40.07,$40.07
Logitech MX Master 3S Wireless Bluetooth Mouse Business Office Softtone Mouse Ergonomic Business Office Mouse,1005008489520149,11月,MX Master 3S white/|MX Master 3S black,56.83,$56.83
Logitech PRO X  SUPERLIGHT 2 GPW3 Wireless Mouse Gaming Mouse Gpw Second Generation Upgrade Hero2 Sensor,1005009980214956,11月,Black 19917/White 19918,100.02,$100.02
로봇 IP 이모지 표정 디스플레이 7합1 확장독,1005007398525395,11月,5-in-1 HDMI,11.99,$11.99
Hagibis 손잡이 USB C 허브(단축 버튼 포함) Type-C 도킹 스테이션 볼륨 조정 Macbook용 데스크탑 컨트롤러 2.5G RJ45,1005009259812364,11月,Black-2.5G RJ45/|White-2.5G RJ45,23.43,$23.43
Joyroom Qi2 Magnetic Charging Station for Apple Fast Wireless Charger for iPhone 17 16 15 Pro Max for iWatch for AirPods JR-W23,1005009615468296,11月,black,21.66,$21.66
Baseus 10000mAh 45W Power Bank For Qi2.2 25W MagSafe Magnetic Wireless Charging Built-In USB-C Cable For iPhone 17 Samsung S25,1005009911935835,11月,"Qi2 45W Black,10000mAh,CHINA",33.66,$33.66
UGREEN 145W 20000mAh 보조베터리 맥세이프 Qi2 15W 자기 무선 보조베터리 스테이션 유그린 PD3.1 노트북 100W 고속충전 고속 충전용 외장 배터리 대용량 맥세이프 충전기,1005007989914725,11月,WHITE,63.94,$63.94
UGREEN 200W GaN Charger 8 in 1 Desktop Laptop Fast Charging Stand For iPhone 17 16 15 Pro Max Macbook Air Xiaomi Samsung Tablets,1005008707006131,11月,"KR GaN 200W,CHINA",36.0,$36.00
AULA L99 3.98 인치 터치 스크린 기계식 키보드 3 모드 게임용 키보드 무선 가스켓 핫 스왑 음악 RGB E-스포츠 선물,1005009880872663,11月,Latte Switch Caramel|可售库存39，其他sku有货,47.37,$47.37
청소 도구 포함 키보드 손목 받침대,1005009580070348,11月,White,6.8,$6.80
"Lenovo Legion Y700 2025 Gaming Tablet 256GB 512GB ROM Snapdragon 8 Gen 3 8.8"" 165Hz Screen 6550mAh 68W Charging Wifi Android Tab",1005009554741591,11月,12G 256G BLACK,212.44,$212.44
텍슬라스트 T50 미니 안드로이드 15 태블릿 8.7인치 IPS 120Hz G99 8코어 최대 20GB(8GB+12GB 확장) RAM 128GB ROM 듀얼 4G LTE 타입-C GPS,1005009420302134,11月,Tablet and Case,66.8,$66.80
월드 프리미어 Teclast ArtPad Pro 12.7인치,1005009347995093,11月,"8GB 256GB Gray, Add Teclast Pen|可售库存 120，商家反馈欧标还有385",131.12,$131.12
맥큐빅 900ANSI HY450 C 자동 초점 프로젝터,1005009504096331,11月,HY450C,94.86,$94.86
글로벌 버전 Xiaomi 스마트 밴드 9 Pro,1005010226569962,11月,Silver GL 24ship,46.72,$46.72
K50 4G + 64G 10.26 4G 안드로이드 13 AI 화면 GPS 네비게이션 Carplay 안드로이드 자동 듀얼 렌즈 대시 캠 후면보기 미러 비디오 레코더,1005008296455953,11月,"K60 Pro-Dual lens, No TF Card",83.9,$83.90
180 in 1 정밀 전기 스크루 드라이버 세트,1005008067188217,11月,180 in 1,20.12,$20.12
"WAVLINK 썬더볼트 4 도킹 스테이션, 단일 8K 듀얼 4K 디스플레이",1005006216720170,11月,EU Plug,120.13,$120.13
"XIAOMI MIJIA 자동차 진공 청소기 21kPa 흡입, Type-C 고속 충전, 150mL 먼지 컵, 가정용 무선 진공 청소기, 2400mAh 배터리",1005009139287286,11月,Vacuum Cleaners,39.64,$39.64
AJ139-V2-MC 트라이 모드 유선/2.4GHz /BT 무선 게임용 마우스,1005009030228894,11月,AJ139-V2-MC white|商家jit 有货,11.24,$11.24
CHUWI AuBox 미니 PC AMD Ryzen 7 8745HS 16GB DDR5 512GB SSD Windows 11 Pro 4K 디스플레이 AI-Link WiFi 6 BT 5.1 확장 M.2 1T*2 PC,1005010239839764,11月,16GB 512GB EU Plug,239.12,$239.12
100-240V 전기 주전자 600ML 휴대용 난방 컵,1005007175781173,11月,gray,16.42,$16.42
"Lenovo Xiaoxin Pad Pro GT 128GB 256GB Snapdragon 8 Gen 3 11.1"" 144Hz 3.2K Display 8860mAh 68W Charging Android Wifi7 Tablet PC",1005009876347872,11月,8GB 256GB grey,199.96,$199.96
XILETU Magsafe 마그네틱 전화 삼각대 스탠드 (후크 포함),1005008087318555,11月,Phone Tripod,10.68,$10.68
레노버 리전 Y700 2025 CN 안드로이드 패드 4세대 TB322FC 게이밍 태블릿 12/256GB 16/512GB 스냅드래곤 8 엘리트 8.8인치 165Hz 7600mAh 태블릿,1005010120015183,11月,12GB 256GB White,274.59,$274.59
라이브 스트리밍을 위한 후면 카메라 모니터를 사용하는 자기 휴대폰 Vlog 셀프 타이머 모니터,1005009037319505,11月,White,17.7,$17.70
"Anker Laptop Power Bank, 25,000mAh Portable Charger with Triple 100W USB-C Ports for Multi-Device Charging For iPhone17",1005008753579553,11月,"Grey,20001 mAh-25000 mAh",52.87,$52.87
Hagibis 짧은 USB4 케이블 휴대용 키 체인 C-C 케이블 매는 밧줄 유형-C 케이블,1005008528701017,11月,"Keychain 0.15 Silver,2pacs|和龙：有货，让商家加",9.49,$9.49
UGREEN 145W 20000mAh 보조베터리 맥세이프 Qi2 15W 자기 무선 보조베터리 스테이션 유그린 PD3.1 노트북 100W 고속충전 고속 충전용 외장 배터리 대용량 맥세이프 충전기,1005007989914725,11月,White,63.94,$63.94
Baseus LED 책상 램프 눈 보호 연구 디밍이 가능한 사무실 조명 접이식 테이블 램프 스마트 적응 형 밝기 침대 옆 읽기 램프,1005005036874964,11月,White No Adapt,12.75,$12.75
TELESIN 전화 카메라 촬영 핸드 그립 자기 스마트 폰 홀더 촬영 보조 아이폰 안드로이드 전화에 대한 원격 제어 핸들,1005008989700691,11月,Only Hand Grip,10.42,$10.42
Xiaomi 4K 디지털 카메라 50MP 16X 학생 카메라,1005008313650509,11月,Silver-no card,18.12,$18.12
ORICO K20Mini iPhone 16 15 Pro/Max ProRes 2000MB/s 4K ProRes HDR 기록 및 저장 휴대용 솔리드 스테이트용 자기 외장 SSD,1005010255898254,11月,512GB，Ultra Thin Gold|赛罗：,71.11,$71.11
PROGAGA PG370 1080P 풀 HD 프로젝터 (영화용),1005008164054254,11月,Android version,50.48,$50.48
글로벌 버전 Xiaomi 스마트 밴드 9,1005010226478176,11月,Band 9 Silver,28.36,$28.36
"크랩 클램프 키트가 포함된 SmallRig 매직 암, 조정 가능한 데스크탑 삼각대 마운트",1005007336704942,11月,4766,22.51,$22.51
【신규 판매】Baseus 자기 컴퓨터 화면 조명 책상 램프 노트북 교수형 USB 조명 테이블 램프,1005006398654272,11月,Magnetic Screen Lamp,15.62,$15.62
"GOOJODOQ-매직 키보드, 아이패드 프로 11 12 9 12.9 에어 4 에어 5, 아이패드 10 세대 프로 12 9 6 세대 5 세대 4 세대 3 세대용 커버 케이스 아이패드 키보드 아이패드 케이스",1005005223038003,11月,"Black Korean, Pro 11 2018-2022",29.5,$29.50
"XIAOMI MIJIA 자동차 진공 청소기 21kPa 흡입, Type-C 고속 충전, 150mL 먼지 컵, 가정용 무선 진공 청소기, 2400mAh 배터리",1005009139287286,11月,Vacuum Cleaners,39.64,$39.64
2025 새로운 스마트 터치리스 540ML 구강 청결제 디스펜서(LED 포함),1005008970870866,11月,"SKJ-S7-WHITE, 540ML",10.14,$10.14
"UWANT V500 무선 청소기, 도킹 스테이션 포함, 자동 먼지 비움 기능 탑재, 230,000Pa의 강력한 흡입력, 미세먼지를 감지하는 마이크로 그린 라이트, LED 디스플레이 탑재, 작고 가벼운 디자인, 최대 40분간 사용",1005008876708560,11月,WHITE,69.36,$69.36
HOTO 전기 스핀 스크러버 무선 욕실 청소 브러시,1005008784667596,11月,Gray Silver,49.17,$49.17
XIAOMI MIJIA 전기 구강 세정기 2,1005008681766156,11月,XIAOMI Oral lrigator,16.97,$16.97
중력 플립 타이머 무음 진동 사운드 알람 5-60분 및 맞춤형 카운트다운,1005007712785176,11月,WHITE,5.49,$5.49
Sobergo 스마트 윈도우 로봇 청소기 3세대 6.2cm 울트라 슬림/5600PA 흡입/인터랙티브/한국어 어댑터 및 사용 설명서,1005010177409794,11月,"WHITE,KR Plug",32.64,$32.64
극세사 패드 360을 갖춘 매직 바닥 청소 스위퍼 빗자루,1005005509677445,11月,Blue Mop 3 pad hook,5.79,$5.79
앤커 나노 22.5W 고속 충전 미니 도킹형 보조배터리 5000mAh A1653,1005006067678306,11月,Black,14.09,$14.09
"Anker USB C-USB C 케이블, 아이폰 16 시리즈, 맥북, 아이패드용 고속 충전, 4 ft 2-in-1, 최대 140W",1005008418870113,11月,1.2m,10.18,$10.18
Anker Powerline III Flow Usb Type C Cable 100W USB C Cable Fast Charge USB 2.0,1005003437788439,11月,"White, 3ft|可售123，和龙：",8.39,$8.39
네이처하이크 접이식 의자 FE01 야외 캠핑 피크닉 의자 초경량 정원 공원 의자 가족 여행 의자 낚시 의자,1005005743490530,11月,khaki 2 Chairs/Black 2 Chairs,27.0,$27.00
네이처하이크 T02 조정 가능한 접이식 안락 의자 캠핑 하이 백 라운지 의자 야외 휴대용 등받이 휴식 의자 레저 의자,1005008820012511,11月,White/Black,22.64,$22.64
"Anker Laptop Power Bank, 25,000mAh Portable Charger with Triple 100W USB-C Ports for Multi-Device Charging For iPhone17",1005008753579553,11月," Grey,20001 mAh-25000 mAh",52.87,$52.87
ATK VXE MAD R/R MAJOR 무선 E-스포츠 게임용 마우스 초경량 듀얼 모드 PAW3395/3950 인체공학적 마우스 표준 8K,1005007713492510,11月,MAD R Plus (Black)|只有50，卖完卖白色的|MAD R Plus (White),31.76,$31.76
"WOB Rainy75 기계식 키보드, 무선 트라이 모드, 알루미늄 합금, 핫 스왑, RGB 맞춤형 게이밍 키보드, 노트북 액세서리",1005007580613805,11月,Black-Standard/Sliver-Standard,61.0,$61.00
BLACKDOG 자동 이중 풍선 소파 휴대용 야외 캠핑 피크닉 에어 매트리스 풍선 펌프와 게으른 풍선 침대,1005007535916293,11月,Black,57.02,$57.02
AULA F75 MAX 게임용 기계식 키보드 75% 유선/블루투스/2.4G 핫스왑 RGB E-스포츠 키보드(PC/Mac용 TFT 스크린 포함) ﻿,1005009015975238,11月,"Glacier Blue,Axis Body:Green Switch",25.14,$25.14
UGREEN 100W GaN Charger With Smart Display For MacbookPro Laptop iPhone 17 16 Pro iPad Tablet Samsung QC4.0 PD 3.0 USB C Charger,1005006579895295,11月,KR GaN 100W|可售8，和龙：让商家配置,20.95,$20.95
Baseus 67W GaN 고속 충전기 전원 스트립 3AC 3680W 콘센트 USB-C 노트북 iPhone 용 고속 충전 데스크탑 스테이션 Samsung Xiaomi,1005008408948675,11月,67W Black EU 220V,21.99,$21.99
샌디스크 익스트림 포터블 SSD E61 솔리드 스테이트 드라이브 500GB 1TB 2TB 외장 하드 드라이브,1005009231306670,11月,"USB 3.2 PSSD E61,2TB",128.5,$128.50
Ulanzi MA38 휴대 전화 사진 스탠드 Selfie 스틱 삼성 Xiaomi Huawei iPhone Vivo 용 이중 자기 오버 헤드 삼각대,1005009244709348,11月,Ulanzi MA38,21.09,$21.09
에디파이어 ES60 휴대용 블루투스 스피커 미니 사운드 박스 무선 사운드 바 36W RMS 야외 IP66 방수 긴 배터리 수명,1005008564373536,11月,Ivory,58.52,$58.52
"Anker USB C-USB C 케이블, 아이폰 16 시리즈, 맥북, 아이패드용 고속 충전, 4 ft 2-in-1, 최대 140W",1005008418870113,11月,1.2m,10.18,$10.18
"UGREEN 지갑 찾기, 스마트 태그 Bluetooth 추적기 수하물 태그용 카드 항목 찾기 Apple Find My App이 포함된 여권(iOS만 해당)",1005008349940884,11月,2-Pack,24.9,$24.90
【KC 인증】유그린 Qi2.2 25W 보조배터리 고속 충전 10000mAh 타입 C 케이블 파워뱅크 아이폰 17 프로 맥스용 MagSafe 30W 지원,1005006287670753,11月,PD30W Qi2 25W,34.43,$34.43
"ORICO 선더볼트 4 도킹 스테이션 C타입-HDMI 호환 어댑터, 맥북용 USB 3.2 Gen2 허브 분배기, 8K @ 30Hz",1005006587781423,11月,Silver KR Plug,90.51,$90.51
매큐빅 네이티브 1080P 650ANSI 4K 안드로이드 11 L018 360 °   자동 키스톤 포커스 에어 마우스 Wifi6 BT5.2 휴대용 야외 프로젝터,1005008051071804,11月,"White,EU Plug",50.14,$50.14
마그큐빅 네이티브 1080P 650ANSI 8K 안드로이드 14 L018 360 °   프로젝터 자동 키스톤 포커스 에어 마우스 Wifi6 BT5.4 휴대용 야외용,1005007920318922,11月,,36.37,$36.37
CROSSGUN New Jet Fan Strong Portable Power Handheld Dust Elimination Computer Hurricane Storm Source Turbo Jetfan LED X6 Pro,1005009343275998,11月,With Accessory,27.11,$27.11
Sobergo 스마트 윈도우 로봇 청소기 3세대 6.2cm 울트라 슬림/5600PA 흡입/인터랙티브/한국어 어댑터 및 사용 설명서,1005010177409794,11月,"WHITE,Yes,CHINA,KR",32.64,$32.64
"Lenovo Xiaoxin Pad Pro GT 128GB 256GB Snapdragon 8 Gen 3 11.1"" 144Hz 3.2K Display 8860mAh 68W Charging Android Wifi7 Tablet PC",1005009876347872,11月,8G 128GB WIFI Grey,174.51,$174.51
레노버 샤오신 패드 2025 11인치 미디어텍 치수 6300 128GB 256GB 롬 2.5K 디스플레이 돌비 애트모스 7040MAH 배터리 안드로이드 태블릿 PC,1005009472767787,11月,6G128GGray,81.77,$81.77
YOGA Tab Pen Pro Stylus Magnetic for Lenovo Yoga Tab Plus YOGA Pad Pro Xiaoxin Tablet Pro GT Interactive Accurate Precision Fast,1005010009614352,11月,Stylus Pro,36.23,$36.23
레노버 리전 Y700 2025 CN 안드로이드 패드 4세대 TB322FC 게이밍 태블릿 12/256GB 16/512GB 스냅드래곤 8 엘리트 8.8인치 165Hz 7600mAh 태블릿,1005010120015183,11月,Black 12G 256G,274.59,$274.59
New Lenovo Xiaoxin Pad Pro 12.7 2nd 2025 Tablet Dimensity 8300 2.9k Resolution 144Hz Refresh Rate WIFI 10200mAh WIFI Android,1005009472245180,11月,Std Edition 8G 128G,136.96,$136.96
레노버 요가 패드 프로 12.7 12GB 256GB 태블릿 스냅드래곤 8 Gen 3 12.7인치 144Hz LCD 화면 10200mAh 68W 충전 안드로이드 와이파이 탭,1005009604407877,11月,12 256 Blue | pad,235.3,$235.30
YOGA Tab Pen Pro Stylus Magnetic for Lenovo Yoga Tab Plus YOGA Pad Pro Xiaoxin Tablet Pro GT Interactive Accurate Precision Fast,1005010009614352,11月,Stylus 2023,15.9,$15.90
Li-Ning Women YUEYING 5 PRO SUPER BOOM 운동화 쿠션 반사 경량 LiNing 리바운드 보호 운동화 ARHV014,1005009095509379,11月,"ARHV014-8, 38",57.05,$57.05
ANTA C202 6세대 프로페셔널 풀 팜 카본 플레이트 마라톤 레이싱 슈즈 남성용 스포츠화,1005009997169149,11月,"WHITE GREEN-4 MEN,39",100.0,$100.00
361도 Furious Future 2.0 운동화 마라톤 플레이트 레이싱 카본 경량 내구성 쿠션 안정적인 운동화 672512201,1005008948556903,11月,pink,109.73,$109.73
Xtep 160X 7.0 Pro Running Shoes 2025 Cushioning Shock Sneakers Professional Marathon PB Carbon Plate Sports Shoes 975319110041,1005009736601370,11月,Red Orange | 39,164.87,$164.87
Xtep 160X 7.0 Pro Running Shoes 2025 Cushioning Shock Sneakers Professional Marathon PB Carbon Plate Sports Shoes 975319110041,1005009736601370,11月,"Red Orange,43",164.87,$164.87
Xtep Women Running Shoes 2000km 3.0 2025 Spring Lightweight Cushioned Wear-Resistant Training Jogging Sneakers  875118110034,1005008304783235,11月,"Yellow Green, 38",42.44,$42.44
WORX WU139 브러시리스 스크루 드라이버 경량 무선 드릴 50N.m 1/4인치 ElectricDrill 12V 배터리 좁은 공간을 위한 미니 드릴,1005009965231033,11月,WU139.1 BAG,47.75,$47.75
MCHOSE MIX87 마그네틱 스위치 키보드 유선 게임용 키보드 8K + 256K Esport 0.08ms 낮은 대기 시간 E-스포츠 맞춤형 게이머 액세서리,1005009403572639,11月,White Apollo Switch,40.07,$40.07
Rapoo VT7s VT7 Air,1005009070126028,11月,VT7 MAX 8K Black P5,31.09,$31.09
Razer DeathAdder V3 Pro 鼠标,1005009279871055,11月,V3PRO-BLACK,84.4,$84.40
TANGZU WAN ER SG 1耳机,1005005056686851,11月,White,9.32,$9.32
AULA F87 Pro V2 3모드 무선 기계식 키보드 12000mAh 긴 배터리 수명 E-스포츠 키보드 핫스왑 RGB 커스텀 PC 게이밍,1005010000572105,11月,Blackberry-Begonia S,32.25,$32.25
Hagibis 3.5 인치 IPS 미니 화면 AIDA64 미니 PC CPU RAM HDD 데이터 모니터 디스플레이 하위 화면 (노트북 PC MacBook 용 USB C 허브 포함),1005006767492190,11月,White,31.66,$31.66
SMSL C200 PRO,1005010000133904,11月,C200 PRO EU,121.18,$121.18
CrinEar Daybreak 耳机,1005009559414064,11月,Daybreak,114.49,$114.49
Baseus 7-in-1 USB C HUB HDMI 4K@60Hz with Qi2 Wireless Charger for iPhone USB 3.2 PD 100W Fast Charging Type-C Docking Station,1005009576026807,11月,"7-in-1 with Qi2,CHINA",20.49,$20.49
XIAO 7.5寸 阅读器升级款,1005008781015769,11月,New E1001,52.0,$52.00
Divoom 时钟电脑桌面,1005007997274341,11月,"Sliver,CHINA",73.19,$73.19
레노버 리전 Y700 2025 CN 안드로이드 패드 4세대 TB322FC 게이밍 태블릿 12/256GB 16/512GB 스냅드래곤 8 엘리트 8.8인치 165Hz 7600mAh 태블릿,1005010120015183,11月,Black 12G 256G,274.59,$274.59
Baseus inspire XP1,1005010255399117,11月,White,75.77,$75.77
Vgn 드래곤플라이 F2 시리즈 프로 맥스/울트라+ 마우스 무선 트라이 모드 Paw3395/3950 8K e스포츠 게이머 커스텀 미니어처 무브먼트 마우스,1005010202217384,11月,F2 Pro Max White|F2 Pro Max Black|F2 Pro Max PInk|F2 Pro Max Green,30.06,$30.06
AMD 9600X,1005009691039110,11月,,142.74,$142.74
AMD 9800X3D,1005009698069841,11月,,337.91,$337.91
AMD Ryzen 7 7800X3D R7 7800X3D CPU 8-Core 16-Thread 5GHz Unlocked Desktop Processor Socket AM5 Gaming CPU Without Packag,1005009495052188,11月,,245.13,$245.13
Western Digital WD SN850X SSD 1TB 2TB NVMe Gen4 PCIe M.2 2280 PCIe 4.0X4 Drive Internal Solid State Disk for PS5 Desktop Laptop,1005008248138233,11月,2 테라바이트,133.84,$133.84
【Zuno Choice】IINE 포켓 레트로 게임 컨트롤러 1000Hz 매립형 스틱 홀 효과 조이스틱 휴대용 미니 게임패드 맞춤형,1005009771019868,11月,White (NS Layout)  50|Purple (NS Layout)  50,12.74,$12.74
"EasySMX S10 무선 게임패드 TMR 조이스틱 RGB 컨트롤러 (스위치 2/PC/휴대폰/TV/스팀, NFC, 자이로, HD 러블 지원)",1005009676347428,11月,White 50|Black  50,31.06,$31.06
"SHARGE 3-in-1 휴대용 보조배터리 10,000mAh USB C 충전기 (USB-C 케이블, AC 플러그 포함) 아이폰 16/15 갤럭시용 최대 30W 배터리 팩",1005009690034299,11月,3in1 Power Bank,32.0,$32.00
"8BitDo Pro 3 무선 게임 컨트롤러 (스위치 1/2, 윈도우, 애플 호환), TMR 조이스틱, 전환 가능한 트리거, 교체 가능한 버튼 탑재",1005009585898389,11月,Purple  50|Gray  30|G Classic  30,41.99,$41.99
IINE Gamebrick 미니 레트로 컨트롤러/휴대용 컨트롤러/10시간 배터리 수명/멀티 플랫폼 호환성/마우스 지원,1005009552767643,11月,Classic grey  30|Retro red  30,7.21,$7.21
2세대 타입 C 도킹 스테이션 3 in 1 (스위치2용) 4K 60Hz USB3.0 5Gbps PD-100W 전원 공급 게임 콘솔 스크린 캐스팅 게임,1005009501346414,11月,"B, CN  30|C, CN  30 |D, CN  30",6.07,$6.07
ANBERNIC RG 476H Retro Game Console 4.7-inch LTPS In-Cell display Android 13 Unisoc T820 Processor Video Games RG476H Streaming,1005007321827444,11月,"Black,No Card(0 Games) 50|Grey,No Card(0 Games)  50|Indigo,No Card(0 Games)  50",127.79,$127.79
TOOLTOP T7PRO Visible & Infrared Thermal Camera 256x192 Android  Thermal Imager Dual Lens Fusion Electrical Device HVAC Inspect,1005009455887373,11月,T7PRO,115.77,$115.77
Youpin Worx 4V 미니 전기 스크루 드라이버 세트 WX242 스마트 무선 전기 스크류 드라이버 USB 충전식 30 비트 세트 드릴 도구,1005006080110999,11月,WX242,18.87,$18.87
Xiaomi Mijia 전기 정밀 드라이버 마그네틱 키트 24 PCS 나사 헤드 전동 공구 세트 스마트 홈 PC 전화 수리,1005008765942389,11月,Electric Screwdriver,16.88,$16.88
Xiaomi Mijia 전기 스크루 드라이버 키트 MI 정밀 장비 수리 도구 다중 속도 조절 가능한 충전식 자기 박스 패드,1005005830868366,11月,,18.38,$18.38
"ORICO 4/5 Bay 10Gbps SATA HDD Docking Station SSD Enclosure 2.5""3.5""Hard Drive External Case USB 3.2 Type C HD House Daisy Chain",1005009195264004,11月,"5Bay KR Plug,CHINA",81.47,$81.47
Firebat AT15 노트북 Intel N150 N100 CPU 15.6 인치 16GB RAM SSD 512GB 1TB 경량 비즈니스 컴퓨터 노트북 BT4.2 WiFi5,1005008768611097,11月,"16GB 512GB, Intel N150",154.33,$154.33
ASUS WiFi7 TUF GAMING BE6500 게임 라우터 Ai 라우터 홈 WiFi 무작위 그룹 라우팅,1005008613721996,11月,RT-BE6500,79.03,$79.03
"Lenovo Xiaoxin Pad Pro GT 128GB 256GB Snapdragon 8 Gen 3 11.1"" 144Hz 3.2K Display 8860mAh 68W Charging Android Wifi7 Tablet PC",1005009876347872,11月,8G 128GB WIFI Grey,174.51,$174.51
"샤오미 미지아 김서림 방지 가습기 3, 600mL/h, 5L 물탱크, LED 디지털 디스플레이, 미홈 앱을 통한 지능형 제어",1005009827679368,11月,CJSJSQ06ZMZ,50.05,$50.05
레노버 리전 Y700 2025 CN 안드로이드 패드 4세대 TB322FC 게이밍 태블릿 12/256GB 16/512GB 스냅드래곤 8 엘리트 8.8인치 165Hz 7600mAh 태블릿,1005010120015183,11月,White 12G 256G|,274.59,$274.59
태블릿 스탠드 금속 홀더 마운트 암 4.7-12.9 인치 전화 iPad Xiaomi Huawei Samsung Kindle 스위치 조정 가능한 데스크 스탠드,1005009022333731,11月,white,15.4,$15.40
"ZEUSLAP 16"" 2.5K 144hz Portable Monitor 2560*1600 16:10 100%sRGB 500Cd/m²  Travel Gaming Display for Laptop Switch ps4 ps5 Xbox",1005006384112217,11月,单一SKU,77.4,$77.40
40Gbps M.2 NVMe USB 4.0 SSD 인클로저 Thunderbolt USB-C SSD 케이스 Macbook iPad iPhone 케이스 용 USB 3.2/3.1/3.0과 호환 가능,1005008555989592,11月,MC40-Silver,26.73,$26.73
New Lenovo Xiaoxin Pad Pro 12.7 2nd 2025 Tablet Dimensity 8300 2.9k Resolution 144Hz Refresh Rate WIFI 10200mAh WIFI Android,1005009472245180,11月,Std Edition 8G 128G,136.96,$136.96
레노버 요가 패드 프로 12.7 12GB 256GB 태블릿 스냅드래곤 8 Gen 3 12.7인치 144Hz LCD 화면 10200mAh 68W 충전 안드로이드 와이파이 탭,1005009604407877,11月,"pad, 8 128 Blue",208.0,$208.00
"에디파이어 MR3 2.0 모니터 스피커 시스템, 고해상도 오디오, 블루투스 V5.4 밸런스드 TRS RCA AUX 입력, 앱 EQ 룸 보상 설정",1005007877281342,11月,White,46.04,$46.04
Xiaomi Mijia 휴대용 자동차 진공 청소기 가정용 자동차 용품에 대 한 미니 핸드 헬드 무선 청소 기계 13000Pa 사이클론 흡입,1005007882649074,11月,Vacuum Cleane,20.99,$20.99
CROSSGUN Jet Turbo King Kong Jetfan Strong Fan Portable Handheld With LED Lighting Dust Elimination Computer hurricane storm X3,1005007781344048,11月,"Black, Type-C Charge",18.1,$18.10
Edifier M60 Compact Desktop 2.0 Speakers Hi-Res Audio Wireless LDAC Bluetooth 5.3 USB-C AUX Inputs Support EQ Setting 66W RMS,1005007612849331,11月,White EU-Plug,72.3,$72.30
FIREBAT AM02 미니 PC AMD Ryzen 5 6600H DDR5 16GB RAM 512GB SSD WIFI6 BT5.2 휴대용 데스크탑 미니 PC 컴퓨터,1005008346958995,11月,16GB RAM 512GB SSD,151.23,$151.23
"UWANT V500 무선 청소기, 도킹 스테이션 포함, 자동 먼지 비움 기능 탑재, 230,000Pa의 강력한 흡입력, 미세먼지를 감지하는 마이크로 그린 라이트, LED 디스플레이 탑재, 작고 가벼운 디자인, 최대 40분간 사용",1005008876708560,11月,WHITE,69.36,$69.36
"GMKtec K12 Gaming Mini PC AMD Ryzen 7 H 255(Upgraded 8745HS) Desktop Mini Computers Radeon 780M WiFi 6E/BT5.2, USB-C,  Barebone",1005009835919350,11月,"AMD Ryzen 7 H 255, No Ram No Storage,EU",208.11,$208.11
레노버 리전 Y700 2025 CN 안드로이드 패드 4세대 TB322FC 게이밍 태블릿 12/256GB 16/512GB 스냅드래곤 8 엘리트 8.8인치 165Hz 7600mAh 태블릿,1005010120015183,11月,Black 12G 256G,274.59,$274.59
New Lenovo Xiaoxin Pad Pro 12.7 2nd 2025 Tablet Dimensity 8300 2.9k Resolution 144Hz Refresh Rate WIFI 10200mAh WIFI Android,1005009472245180,11月,Std Edition 8G 128G,136.96,$136.96
Garmin Forerunner 265 Running Smartwatch 1.3'' 다채로운 AMOLED 디스플레이 GPS 13일 배터리 수명 수면 모니터링 피트니스 트래커,1005010226417498,11月,265 Music Black 46mm,308.6,$308.60
아디다스 남성 및 여성 신발 아디제로 아디오스 프로 4 마라톤 러닝화 내구성 쿠셔닝 러닝화,1005010016054387,11月,"White-Black,40|",140.72,$140.72
사운드코어 슬립 A30 세계 최초 스마트 ANC 수면 이어버드 컴포트 AI 브레인웨이브 오디오 9시간 재생 수면 이어폰,1005010123446864,11月,D1301G21,128.91,$128.91
"Anker Laptop Power Bank, 25,000mAh Portable Charger with Triple 100W USB-C Ports for Multi-Device Charging For iPhone17",1005008753579553,11月,grey | 20001mAh-25000mAh | CHINA,52.87,$52.87
기존 SHOKZ OpenRun Pro 2 S820 S821mini 블루투스 이어폰 IP55 방수 골전도 헤드폰 음악 스포츠 이어 버드,1005008561939766,11月,S820 Black,102.25,$102.25
Soundcore by Anker Liberty 4 Pro 소음 차단 무선 이어버드 이어폰 Bluetooth 무선 Bluetooth 이어폰 헤드폰,1005010049775792,11月,Glossy Black,54.78,$54.78
【KC 인증】유그린 Qi2.2 25W 보조배터리 고속 충전 10000mAh 타입 C 케이블 파워뱅크 아이폰 17 프로 맥스용 MagSafe 30W 지원,1005006287670753,11月,PD30W Qi2 25W,34.43,$34.43
JONR ED12 Pro 무선 진공 물걸레청소기 엣지투엣지브러시 열풍건조 셀프클리닝 오토무빙 한국어음성안내,1005009489043989,11月,CHINA | KR,107.86,$107.86
레노버 리전 Y700 2025 CN 안드로이드 패드 4세대 TB322FC 게이밍 태블릿 12/256GB 16/512GB 스냅드래곤 8 엘리트 8.8인치 165Hz 7600mAh 태블릿,1005010120015183,11月,Black 16G 512G,327.9,$327.90
Baseus 12-in-1 USB C 허브-HDMI 4K@60Hz 듀얼 디스플레이 USB 3.2 어댑터(RJ45 SD TF PD 100W 도킹 스테이션 포함) Window Mac 허브용,1005008936713566,11月,12-in-1 HDMI SD TF,39.78,$39.78
"ARZOPA 27인치 모니터, 180Hz 고속 IPS 2K 모니터, Type-C 포트, 삼성 DeX 모드 지원",1005007402228019,11月,27 QHD 180Hz M1RC,100.0,$100.00
"ZEUSLAP 16"" 2.5K 144hz Portable Monitor 2560*1600 16:10 100%sRGB 500Cd/m²  Travel Gaming Display for Laptop Switch ps4 ps5 Xbox",1005006384112217,11月,,77.4,$77.40
Ajazz AK820/AK820Pro Gaming Mechanical Keyboard Bluetooth 5.1/Wireless/C-Wired Customized Keyboard with Knob Hot Swapping Gasket,1005007135778855,11月,AK820 Grey,16.19,$16.19
"360 회전 받침대가 있는 노트북 스탠드, 컴퓨터 노트북 라이저, 책상 협업 작업용 금속 거치대, 모든 MacBook에 적합",1005007008611871,11月,Silver,15.39,$15.39
Logitech MX Master 3S Wireless Bluetooth Mouse Business Office Softtone Mouse Ergonomic Business Office Mouse,1005008489520149,11月,Black,56.83,$56.83
UGREEN MFi for Apple Watch PD30W Power Bank Magnetic 10000mAh Portable Wireless Fast Charging PowerBank Built-in Cable,1005009963931270,11月,"Black,10000mAh,CHINA",35.99,$35.99
레노버 샤오신 패드 2025 11인치 미디어텍 치수 6300 128GB 256GB 롬 2.5K 디스플레이 돌비 애트모스 7040MAH 배터리 안드로이드 태블릿 PC,1005009472767787,11月,6G128GGray,81.77,$81.77
"Lenovo Xiaoxin Pad Pro GT 128GB 256GB Snapdragon 8 Gen 3 11.1"" 144Hz 3.2K Display 8860mAh 68W Charging Android Wifi7 Tablet PC",1005009876347872,11月,8G 256GB WIFI Grey,199.96,$199.96
New Lenovo Xiaoxin Pad Pro 12.7 2nd 2025 Tablet Dimensity 8300 2.9k Resolution 144Hz Refresh Rate WIFI 10200mAh WIFI Android,1005009472245180,11月,Std Edition 8G 128G,136.96,$136.96
레노버 리전 Y700 2025 CN 안드로이드 패드 4세대 TB322FC 게이밍 태블릿 12/256GB 16/512GB 스냅드래곤 8 엘리트 8.8인치 165Hz 7600mAh 태블릿,1005010120015183,11月,White 12G 256G|,274.59,$274.59
CHUWI AuBox 미니 PC AMD Ryzen 7 8745HS 16GB DDR5 512GB SSD Windows 11 Pro 4K 디스플레이 AI-Link WiFi 6 BT 5.1 확장 M.2 1T*2 PC,1005010239839764,11月,16GB 512GB,239.12,$239.12
"UWANT V500 무선 청소기, 도킹 스테이션 포함, 자동 먼지 비움 기능 탑재, 230,000Pa의 강력한 흡입력, 미세먼지를 감지하는 마이크로 그린 라이트, LED 디스플레이 탑재, 작고 가벼운 디자인, 최대 40분간 사용",1005008876708560,11月,WHITE,69.36,$69.36
AULA F108 Pro 게이밍 기계식 키보드 트라이 모드 커스텀 멀티 노브 스크린 RGB e스포츠 무선 키보드 TFT 스마트 디스플레이 탑재,1005008489394609,11月,F108 Pro Blue|F108 Pro Red Mix|F108 Pro Gray|F108 Pro Gray Mix|F108 Pro Yellow Mix,32.6,$32.60
Logitech MX Master 3S Wireless Bluetooth Mouse Business Office Softtone Mouse Ergonomic Business Office Mouse,1005008489520149,11月,white|Black,56.83,$56.83
Joyroom Qi2 Magnetic Charging Station for Apple Fast Wireless Charger for iPhone 17 16 15 Pro Max for iWatch for AirPods JR-W23,1005009615468296,11月,Charger and Cable,21.66,$21.66
UGREEN 145W 20000mAh 보조베터리 맥세이프 Qi2 15W 자기 무선 보조베터리 스테이션 유그린 PD3.1 노트북 100W 고속충전 고속 충전용 외장 배터리 대용량 맥세이프 충전기,1005009327896904,11月,Qi2 25W Upgrade,24.74,$24.74
Edifier MR5 2.0 모니터 스피커 시스템 Bluetooth V6.0 LDAC 고해상도 무선 스피커 3방향 액티브 크로스오버 110W RMS,1005009103399159,11月,white|Black,100.49,$100.49
"에디파이어 MR3 2.0 모니터 스피커 시스템, 고해상도 오디오, 블루투스 V5.4 밸런스드 TRS RCA AUX 입력, 앱 EQ 룸 보상 설정",1005007877281342,11月,white|Black,46.04,$46.04
Edifier M60 Compact Desktop 2.0 Speakers Hi-Res Audio Wireless LDAC Bluetooth 5.3 USB-C AUX Inputs Support EQ Setting 66W RMS,1005007612849331,11月,Black EU-Plug|White EU-Plug|Classic oak EU-Plug,72.3,$72.30
"Lefant M3 로봇 진공 청소기 12000 Pa, 이중 회전식 걸레 200 RPM, DToF 내비게이션, 장애물 회피 PSD, 220분 런타임",1005009144808278,11月,M3-White,139.16,$139.16
Chatreey 8745SH 16G 512GB + Wifi6 USB4.0 + 스피커,1005010051777204,11月,16G+512GB,301.0,$301.00
"UWANT V500 무선 청소기, 도킹 스테이션 포함, 자동 먼지 비움 기능 탑재, 230,000Pa의 강력한 흡입력, 미세먼지를 감지하는 마이크로 그린 라이트, LED 디스플레이 탑재, 작고 가벼운 디자인, 최대 40분간 사용",1005008876708560,11月,WHITE,69.36,$69.36
"샤오미 미지아 김서림 방지 가습기 3, 600mL/h, 5L 물탱크, LED 디지털 디스플레이, 미홈 앱을 통한 지능형 제어",1005009827679368,11月,CJSJSQ06ZMZ,50.05,$50.05
PHILOGEO 스마트 창문 로봇청소기 6.3cm 초스림 AI 시스템 초고청정효율 / 2025년 최신형 / 한국어 어댑터 & 설명서,1005008870770551,11月,White | KR | Yes,43.82,$43.82
Sobergo 스마트 윈도우 로봇 청소기 3세대 6.2cm 울트라 슬림/5600PA 흡입/인터랙티브/한국어 어댑터 및 사용 설명서,1005010177409794,11月,WHITE | KR | Yes,32.64,$32.64
JONR ED12/ED11 무선 물걸레청소기 / 건식 습식 양용/베젤리스 브러시/무선 핸드 헬드 진공 청소기,1005005123854678,11月,Ed12. | CN | KR,76.6,$76.60
JONR ED12 Pro 무선 진공 물걸레청소기 엣지투엣지브러시 열풍건조 셀프클리닝 오토무빙 한국어음성안내,1005009489043989,11月,CHINA | KR,107.86,$107.86
JONR P1 로봇청소기 물걸레 미홈앱 음성제어 5000PA 2600mAh대용량 배터리,1005008255500278,11月,P1 | KR | CHINA,58.25,$58.25
2 개/대 USB 충전식 자동 후추 분쇄기 소금과 후추 밀 조정 가능한 거칠기 향신료 분쇄기 주방용 LED,1005009327785905,11月,KYMQ-64C,10.12,$10.12
주방 비누 기계 자동 센서 손 소독제 스마트 전기 바디 워시 비누 디스펜서 304 스테인레스 스틸,1005007723620432,11月,X12C,13.8,$13.80
Xiaomi mijia 전자 온도계 및 습도계 3 미니 Mijia 홈 침실 스마트 감지 미터 습도계 온도계,1005009931980053,11月,2 PC,11.79,$11.79
샤오미 미지아 기화식 가습기3(800) 6L물탱크 저소음 작동 800ml/H가습량 최대 18h지속 가습 CJSJSQ04ZMZLX,1005008295607392,11月,Humidifier AddFilter,87.11,$87.11
"XIAOMI MIJIA 공기청정기 5, 가정 알레르기용 침실의 애완동물 털, 최대 28-48개 커버 ㎡ ,CN 버전(어댑터 포함), 바이러스용, 먼지용",1005008503471146,11月,"Air Purifier 5,EU|",114.08,$114.08
JONR ED12 Pro 무선 진공 물걸레청소기 엣지투엣지브러시 열풍건조 셀프클리닝 오토무빙 한국어음성안내,1005009489043989,11月,CHINA | KR,107.86,$107.86
New Lenovo Xiaoxin Pad Pro 12.7 2nd 2025 Tablet Dimensity 8300 2.9k Resolution 144Hz Refresh Rate WIFI 10200mAh WIFI Android,1005009472245180,11月,Std Edition 8G 128G,136.96,$136.96
Edifier MR5 2.0 모니터 스피커 시스템 Bluetooth V6.0 LDAC 고해상도 무선 스피커 3방향 액티브 크로스오버 110W RMS,1005009103399159,11月,White,100.49,$100.49
앵커 사운드코어 리버티 5 무선 노이즈 캔슬링 이어버드 ANC 3.0 이어폰 48시간 무선 블루투스 이어폰,1005010113735768,11月,white,44.31,$44.31
UGREEN 100W GaN Charger With Smart Display For MacbookPro Laptop iPhone 17 16 Pro iPad Tablet Samsung QC4.0 PD 3.0 USB C Charger,1005008189367210,11月,KR GaN 100W,19.95,$19.95
FIREBAT AK2 PLUS MiniPC Intel N150 N100 듀얼 밴드 WiFi5 BT4.2 16GB 512GB 데스크탑 게임용 컴퓨터 미니 PC 게이머,1005005461185557,11月,"16GB RAM 512GB SSD,Intel N15",89.0,$89.00
"Lenovo Xiaoxin Pad Pro GT 128GB 256GB Snapdragon 8 Gen 3 11.1"" 144Hz 3.2K Display 8860mAh 68W Charging Android Wifi7 Tablet PC",1005009876347872,11月,8G 128GB WIFI Grey,174.51,$174.51
"5일 배송 서비스 리프리스 슈퍼 헤어 드라이어, 개인 헤어 케어 스타일링 음이온 도구, 일정한 음이온 전기 헤어 드라이어, 220V",1005010120349160,11月,3.0 M Grey 6 Parts | KR | CHINA,22.82,$22.82
MOUNTAINHIKER 싱글 더블 퍼스 자체 팽창 매트리스 두꺼운 10cm 컴팩트 접이식 캠핑 슬리핑 베드 패드 에어 매트 바닥,1005009124537416,11月,G Double KR,55.24,$55.24
"UWANT V500 무선 청소기, 도킹 스테이션 포함, 자동 먼지 비움 기능 탑재, 230,000Pa의 강력한 흡입력, 미세먼지를 감지하는 마이크로 그린 라이트, LED 디스플레이 탑재, 작고 가벼운 디자인, 최대 40분간 사용",1005008876708560,11月,WHITE,69.36,$69.36
Garmin Forerunner 255 스포츠 스마트워치 46mm 1.3인치 컬러 스크린 14일 배터리 수명 4GB RAM NFC Bluetooth Wifi 5ATM 방수,1005010226341451,11月,Slate Gray (GPS),172.63,$172.63
"CarlinKit UHD TV 박스, 8 + 128G 무선 카플레이, 안드로이드 자동 AI 박스, SDM660, 8 코어 HD 출력 비디오 어댑터, 유튜브, 넷플릭스, IPTV용",1005007149950846,11月,"8GB 128GB, SDM 660 EAU",95.08,$95.08
스폰지 밥 빌딩 블록 만화 Krusty Krab 크리 에이 티브 레스토랑 장면 모델 패트릭 스타 조립 장난감 어린이 생일 선물,1005006875419152,11月,"AB0027, with box",37.44,$37.44
Mixi 새로운 디자인 와이드 핸들 가방 남자 기내 수하물 여성 여행 트롤리 케이스 20 인치 캐빈 PC 알루미늄 프레임 M9275,1005005569414288,11月,Smoke White  24 inch,56.64,$56.64
"매직큐빅 자동초점 안드로이드 14 4K 프로젝터 900ANSI 8K 네이티브 1080P HY350 Max (Wifi6, BT5.4, Allwinner H726 탑재) 휴대용 야외 프로젝터",1005009819725093,11月,HY350MAX | EU Plug,49.47,$49.47
CROSSGUN Jet Turbo King Kong Jetfan Strong Fan Portable Handheld With LED Lighting Dust Elimination Computer hurricane storm X3,1005007781344048,11月,"Black, Type-C Charge",18.1,$18.10
Foreverlily 26W 브러시리스 모터 고출력 목 어깨 마사지기 무선 목어깨 마사지기 목어깨마사지기 충전식 목어깨 안마기 목 어깨 마사지베개 목 마사지 목안마기 목마사지기 어깨 안마 어깨 마사지 어깨안마기 어깨마사지기 등 마사지 등마사지기 등안마기 허리안마 허리마사지 종아리 안마 종아리마사지 승모근 마사지,1005007512788964,11月,26W-White,12.81,$12.81
Sobergo 스마트 윈도우 로봇 청소기 3세대 6.2cm 울트라 슬림/5600PA 흡입/인터랙티브/한국어 어댑터 및 사용 설명서,1005010177409794,11月,WHITE | KR | Yes,32.64,$32.64
MOUNTAINHIKER 야외 보관 상자 캠핑 피크닉 여행 알루미늄 합금 대용량 상자 실버 보관 가방 30-80L,1005007061640036,11月,New Medium 48L,36.1,$36.10
"HOMATICS 동글 G 4K TV 스틱, 넷플릭스 4K 구글 인증, 2G32G 암로직 S905Y4 지지대 돌비 애트모스 AV1 H.265 2T2R 와이파이 박스",1005006578303202,11月,2GB 32GB | EU Plug,41.78,$41.78
Tryhomy Outdoor Camping IGT Table IGT 6 Unit Table Portable Aluminum Alloy Ultralight Fold Camping Desk BBQ Picnic IGT Table New,1005008797936729,11月,6 unit table,47.8,$47.80
벨렉 프로젝터 TP350 650 ANSI 4K HD 1080P 자동 초점 안드로이드 13 Wifi6 BT5.2 휴대용 야외 비디오 스마트 홈 시어터 프로젝터,1005009171102893,11月,"TP350,EU Plug,CHINA",60.0,$60.00
Xiaomi Mijia 도구 상자 가정용 휴대용 다기능 보관 상자 펜치 렌치 스크루 드라이버 테이프 측정 조합 도구 세트,1005008078401968,11月,33 Set,32.96,$32.96
넓은 핸들바 롤링 러기지 고품질 내구성 PC 소재 여행용 밸런스 트롤리 여행 가방 (360도 회전) °   스피너 휠 TSA 잠금장치,1005009633453333,11月,yellow,43.33,$43.33
"SHARGE 3-in-1 휴대용 보조배터리 10,000mAh USB C 충전기 (USB-C 케이블, AC 플러그 포함) 아이폰 16/15 갤럭시용 최대 30W 배터리 팩",1005009690034299,11月,3in1 Power Bank,32.0,$32.00
Baseus GaN 충전기 범용 여행용 어댑터 내장 70W 접이식 케이블 2AC 2 USB-A Type-C 고속 충전 EU/UK/USA/AUS,1005009205983512,11月,Black,23.49,$23.49
"옥스포드 천 배낭 패션 캐주얼 노트북 배낭, 학생 배낭 여행 배낭",1005007973233426,11月,Black,7.17,$7.17
매큐빅 네이티브 1080P 650ANSI 4K 안드로이드 11 L018 360 °   자동 키스톤 포커스 에어 마우스 Wifi6 BT5.2 휴대용 야외 프로젝터,1005008051071804,11月,White,50.14,$50.14
"샤오미 미지아 스마트 전기 주전자, LED 디스플레이, 24H 지능형 온도 일정 사모바르, 주방 가전, 2 프로, 신제품",1005007024738262,11月,add EU adapter,20.29,$20.29
【KC 인증】유그린 Qi2.2 25W 보조배터리 고속 충전 10000mAh 타입 C 케이블 파워뱅크 아이폰 17 프로 맥스용 MagSafe 30W 지원,1005006287670753,11月,PD30W Qi2 25W,34.43,$34.43
AULA F87 Pro V2 3모드 무선 기계식 키보드 12000mAh 긴 배터리 수명 E-스포츠 키보드 핫스왑 RGB 커스텀 PC 게이밍,1005010000572105,11月,Black Mist Latte swi,36.0,$36.00
앵그리 미아오 인피니티 게이밍 무선 마우스 메탈 울트라라이트 홀로우 핫스와퍼블 마그네틱 배터리 PAW3950 듀얼 8K 유선 트라이 모드,1005009861762377,11月,Basalt Black,92.99,$92.99
완링 DRG Wl마우스 비스트 X MAX 프로 게이밍 마우스 PAW3950HS 8K 저지연 마그네슘 합금 경량 커스텀 무선 마우스 PC 선물,1005010003134683,11月,White Side Non-open,107.0,$107.00
New Lenovo Xiaoxin Pad Pro 12.7 2nd 2025 Tablet Dimensity 8300 2.9k Resolution 144Hz Refresh Rate WIFI 10200mAh WIFI Android,1005009472245180,11月,"Standard, 8G 128G Grey",136.96,$136.96
8Bitdo 스위치 2 컨트롤러 Ultimate Bluetooth 게임 패드 PC(Nintendo Switch 2 스위치 Windows 10 11 Steam용 충전 도크 포함),1005004970920220,11月,Black,30.9,$30.90
Logitech PRO X  SUPERLIGHT 2 GPW3 Wireless Mouse Gaming Mouse Gpw Second Generation Upgrade Hero2 Sensor,1005009980214956,11月,Hawk Eye Black,100.02,$100.02
UGREEN 145W 20000mAh 보조베터리 맥세이프 Qi2 15W 자기 무선 보조베터리 스테이션 유그린 PD3.1 노트북 100W 고속충전 고속 충전용 외장 배터리 대용량 맥세이프 충전기,1005007989914725,11月,WHITE | CHINA,63.94,$63.94
"에디파이어 MR3 2.0 모니터 스피커 시스템, 고해상도 오디오, 블루투스 V5.4 밸런스드 TRS RCA AUX 입력, 앱 EQ 룸 보상 설정",1005007877281342,11月,White,46.04,$46.04
"ZEUSLAP 16"" 2.5K 144hz Portable Monitor 2560*1600 16:10 100%sRGB 500Cd/m²  Travel Gaming Display for Laptop Switch ps4 ps5 Xbox",1005006384112217,11月,,77.4,$77.40
Lofree OE928 FLOW2 로우 스위치 맞춤형 기계식 키보드 무선 블루투스 알루미늄 합금,1005010248724959,11月,84 Silver Mute,142.98,$142.98
CUKTECH 15 울트라 파워 뱅크 20000mAh 대용량 210W 최대 출력 165W 초고속 자가 충전 디지털 디스플레이 파워 뱅크,1005009993969665,11月,"Black,20000mah",50.55,$50.55
"Lenovo Legion Y700 2025 Gaming Tablet 256GB 512GB ROM Snapdragon 8 Gen 3 8.8"" 165Hz Screen 6550mAh 68W Charging Wifi Android Tab",1005009554741591,11月,12G 256G BLACK,212.44,$212.44
CukTech NO.10 미니 보조베터리 10000mAh 대용량 LED 디지털 디스플레이 55W 고속 충전 휴대용 보조베터리 맞춤형 충전기,1005009994234756,11月,NO.10 Mini,23.27,$23.27
"앵커 프라임 충전기 200W 6포트 GaN 충전 스테이션 USB-C PD 데스크탑 충전기, 퀵 차징 지원, 아이폰 17 호환",1005007261198020,11月,UK Plug,37.7,$37.70
"GL.iNet 베릴 AX MT3000 포켓 사이즈 와이파이 6 무선 여행 기가비트 라우터, 사이버 보안, 테더링, RV, 부모 제어",1005005454572301,11月,"Package 1, GL-MT3000-EU UK US",49.8,$49.80
ORICO USB C 디스플레이 허브 10Gbps(냉각 팬 포함) M.2 NVMe SATA SSD 인클로저 게이머용 HDMI RJ45 SD/TF 도킹 스테이션,1005009995721621,11月,9 in 1,24.83,$24.83
AULA F87 Pro 가스켓 게임용 기계식 키보드 75% TKL 레이아웃 무선 핫 스왑 RGB 맞춤형 Bluetooth 키보드 2024 새로운 색상,1005006838602057,11月,"Dark Storm, Gray shaft",20.69,$20.69
ASUS WiFi7 TUF GAMING BE6500 게임 라우터 Ai 라우터 홈 WiFi 무작위 그룹 라우팅,1005008613721996,11月,RT-BE6500,79.03,$79.03
레노버 리전 Y700 2025 CN 안드로이드 패드 4세대 TB322FC 게이밍 태블릿 12/256GB 16/512GB 스냅드래곤 8 엘리트 8.8인치 165Hz 7600mAh 태블릿,1005010120015183,11月,White 12G 256G|,274.59,$274.59
New Lenovo Xiaoxin Pad Pro 12.7 2nd 2025 Tablet Dimensity 8300 2.9k Resolution 144Hz Refresh Rate WIFI 10200mAh WIFI Android,1005009472245180,11月,Std Edition 8G 128G,136.96,$136.96
"新UGREEN 500W GaN 충전기 6 IN 1 데스크탑 충전 스테이션 PD 3.1 최대 240W 단일 포트, MacBook Pro, 노트북, iPad, 태블릿, iPhone 17용",1005009100541527,11月,KR GaN 500W,115.99,$115.99
"新UGREEN 500W GaN 충전기 6 IN 1 데스크탑 충전 스테이션 PD 3.1 최대 240W 단일 포트, MacBook Pro, 노트북, iPad, 태블릿, iPhone 17용",1005009100541527,11月,KR GaN 500W,115.79,$115.79
"UGREEN Nexode 보조배터리 휴대용 PD 외장 배터리 보조베터리, 노트북 고속 충전, 130W, 20000mAh",1005007252032226,11月,130W,40.04,$40.04
Edifier M60 Compact Desktop 2.0 Speakers Hi-Res Audio Wireless LDAC Bluetooth 5.3 USB-C AUX Inputs Support EQ Setting 66W RMS,1005007612849331,11月,White EU-Plug,72.3,$72.30
AMD 9600X,1005009691039110,11月,,142.74,$142.74
Western Digital WD SN850X SSD 1TB 2TB NVMe Gen4 PCIe M.2 2280 PCIe 4.0X4 Drive Internal Solid State Disk for PS5 Desktop Laptop,1005008248138233,11月,2 테라바이트,133.84,$133.84
AULA L99 3.98 인치 터치 스크린 기계식 키보드 3 모드 게임용 키보드 무선 가스켓 핫 스왑 음악 RGB E-스포츠 선물,1005009880872663,11月,Latte Switch Black,47.37,$47.37
"Anker Laptop Power Bank, 25,000mAh Portable Charger with Triple 100W USB-C Ports for Multi-Device Charging For iPhone17",1005008753579553,11月,grey | 20001mAh-25000mAh | CHINA	,52.87,$52.87
Divoom T-tiivoo-2 미니 레트로 화이트 노이즈 블루투스 스피커 휴대용 빈티지 수면 보조 블루투스 스피커 고품질 서브 우퍼,1005007883484966,11月,T tiivoo 2 White,36.58,$36.58
"UGREEN LCD 풀 컬러 스마트 스크린 무선 TWS 블루투스 이어폰, 액티브 노이즈 캔슬링, ANC 인이어 헤드폰, 52dB",1005008289622060,11月,ClipBuds Magic,19.64,$19.64
기존 SHOKZ OpenRun Pro 2 S820 S821mini 블루투스 이어폰 IP55 방수 골전도 헤드폰 음악 스포츠 이어 버드,1005008561939766,11月,S821 MINI black,101.03,$101.03
WANBO 새로운 T2 Max 프로젝터 1080p 풀 HD 안드로이드 9.0 미니 Wifi 자동 초점 450Ansi 휴대용 프로젝터 HIFI 사운드 홈 야외,1005005820321386,11月,White | EU Plug,105.03,$105.03
레노버 리전 Y700 2025 CN 안드로이드 패드 4세대 TB322FC 게이밍 태블릿 12/256GB 16/512GB 스냅드래곤 8 엘리트 8.8인치 165Hz 7600mAh 태블릿,1005010120015183,11月,16G 512G White,327.9,$327.90
Edifier 에디파이어 QD25 블루투스 스피커 탁상용 사운드 박스 고해상도 오디오 블루투스 6.0 TWS 스테레오 25W 출력,1005009551551924,11月,White,60.66,$60.66
전기 리프팅 테이블 연구용 V자형 책상 Esports 스탠드업 코너 컴퓨터 책상 홈 오피스 앉아서 스탠드 높이 조절 책상,1005007243859350,11月,White,88.06,$88.06
LED Geomantic 공을 가진 탁상 Fengshui 물 분수 간단한 실내 장식 미니 폭포 풍경 장식 선물,1005009087178751,11月,"Light Grey,220V EU Plug",10.41,$10.41
다기능 접이식 보관 캐비닛 방진 옷장 잡화 캐비닛 옷장 주최자 사물함 보관 상자,1005008698106102,11月,80cm 2 layer 2 small,40.82,$40.82
회전 주방 선반 홈 거실 스낵 상자 장난감 과일 및 야채 바구니 다층 카트 스토리지 랙 사이드 선반,1005007390370766,11月,W  5 layer,13.1,$13.10
원래 XIAOMI Mijia 휴대용 전기 주전자 2 보온병 컵 빠른 물 보일러 350ml 스마트 온도 절연 주전자 여행,1005006167882082,11月,"White,EU",18.01,$18.01
"HiBREW 반자동 에스프레소 커피 머신, 온도 조절 가능, 58mm 포타필터, 콜드/핫 커피 메이커, 금속 CaseH10A, 20Bar",1005004896181006,11月,"H10A G7,CHINA,EU",195.83,$195.83
"UWANT V500 무선 청소기, 도킹 스테이션 포함, 자동 먼지 비움 기능 탑재, 230,000Pa의 강력한 흡입력, 미세먼지를 감지하는 마이크로 그린 라이트, LED 디스플레이 탑재, 작고 가벼운 디자인, 최대 40분간 사용",1005008876708560,11月,WHITE,69.36,$69.36
"미니 휴대용 충전식 여행용 칫솔 살균기, 유도 스위치, 충전 디스플레이 포함, UV 칫솔 살균기 케이스",1005006969347349,11月,WHITE,9.63,$9.63
Foreverlily 26W 브러시리스 모터 고출력 목 어깨 마사지기 무선 목어깨 마사지기 목어깨마사지기 충전식 목어깨 안마기 목 어깨 마사지베개 목 마사지 목안마기 목마사지기 어깨 안마 어깨 마사지 어깨안마기 어깨마사지기 등 마사지 등마사지기 등안마기 허리안마 허리마사지 종아리 안마 종아리마사지 승모근 마사지,1005007512788964,11月,26W-White,12.81,$12.81
VYVYLABS 30000mAh 분리형 CCC 보조배터리 고속 충전기 22.5W 무선 휴대용 충전기 21700 파워뱅크 (아이폰 17 예비 배터리용),1005008968802060,11月,"20000mAh,CHINA",14.49,$14.49
"Anker의 Soundcore AeroClip 오픈 이어 이어버드 클립온 헤드폰 적응형 편안함, 4개의 마이크 및 AI를 갖춘 선명한 통화, 안정적인 핏",1005010122964230,11月,"Midnight,CHINA",59.03,$59.03
"5L 에어프라이어, 터치 컨트롤 및 논스틱 바구니와 투명창이 있는 전기 핫 프라이어 오븐 오일리스 쿠커, 가족용",1005005841163349,11月,"ROUNY,CHINA,EU",33.19,$33.19
"알루미늄 합금 프레임 여행 가방, 상단 개방 ABS 휴대용 트롤리 케이스, 범용 휠, 세관 코드 잠금 탑승 케이스",1005007423953196,11月,"Black,18Inches 450mm,CHINA |Grey,18Inches 450mm,CHINA|两个sku",36.92,$36.92
새로운 Xiaomi Mijia 스마트 안전 금고 지문 잠금 해제 Mijia App 65Mn 안티 드릴링 강판 진동 경고와 함께 작동,1005008461306757,11月,Black,84.41,$84.41
자동차 응급 소변 가방 일회용 소변 가방 교통 체증 남여 휴대용 화장실 자동차 응급 소변 가방,1005008778283687,11月,30pcs,5.42,$5.42
150/180/210CM 다이닝 룸 크리스마스 선물을위한 장식 조명 PVC 소재와 접이식 크리스마스 트리,1005008060101669,11月,"EU Plug,180x90CM",52.19,$52.19
높이 조절 가능 다용도 주방 수납 랙 전자레인지 식기 정리대 캐비닛 사이드보드 다기능 유틸리티,1005009528842390,11月,L150xW50xH183cm W,50.12,$50.12
Akko MonsGeek FUN60 기계식 키보드 마그네틱 스위치 60% 게임용 키보드 신속한 트리거 0.01mm 8K ARGB HE/TMR 맞춤형 키보드,1005008252434511,11月,Pro Black Wired,14.23,$14.23
"레노버 샤오신 패드 2024 태블릿, 글로벌 롬, 8GB 128GB 패드, 퀄컴 스냅드래곤 685 옥타 코어, 11 인치 와이파이, 8MP, Cam7040 mAh, 20W 충전기",1005007386052441,11月,"8G 128G, Grey",85.21,$85.21
Logitech MX Master 3S Wireless Bluetooth Mouse Business Office Softtone Mouse Ergonomic Business Office Mouse,1005008489520149,11月,MX Master 3S white,56.83,$56.83
닌텐도 스위치/OLED/스위치2용 하기비스 스위치 독 USB C to HDMI 케이블 어댑터 8K@60Hz HDR 100W PD (노트북 SteamDeck ROG용),1005008223666431,11月,Black Gold -8K60Hz,8.88,$8.88
"2024 Xiaomi Mijia 헤어 드라이어 H501 SE 강한 풍력, 컴팩트한 크기, 효율적이고 빠른 건조, 저음 소음 감소",1005007184680442,11月,White,22.79,$22.79
샤오미 미지아 스마트 LED 데스크 램프 1S 4가지 조명 모드 25000시간 사용 수명 미 테이블 램프 홈 키트 미홈 앱 음성 제어 데스크 램프,1005007041077024,11月,Add EU Plug,21.51,$21.51
Hagibis 3.5 인치 IPS 미니 화면 AIDA64 미니 PC CPU RAM HDD 데이터 모니터 디스플레이 하위 화면 (노트북 PC MacBook 용 USB C 허브 포함),1005006767492190,11月,White,31.66,$31.66
ORICO 전원 커넥터가 있는 투명한 USB C 허브 4포트 확장 USB 3.2 프로토콜 고속 전송 OTG 어댑터,1005006455353793,11月,USB C 50CM,5.71,$5.71
"GOOJODOQ-매직 키보드, 아이패드 프로 11 12 9 12.9 에어 4 에어 5, 아이패드 10 세대 프로 12 9 6 세대 5 세대 4 세대 3 세대용 커버 케이스 아이패드 키보드 아이패드 케이스",1005005223038003,11月,"Pink Spanish, Pro 11 2024",29.5,$29.50
Baseus LED 책상 램프 눈 보호 연구 디밍이 가능한 사무실 조명 접이식 테이블 램프 스마트 적응 형 밝기 침대 옆 읽기 램프,1005005036874964,11月,Grey No Adapt,12.75,$12.75
"Lenovo Xiaoxin Pad Pro GT 128GB 256GB Snapdragon 8 Gen 3 11.1"" 144Hz 3.2K Display 8860mAh 68W Charging Android Wifi7 Tablet PC",1005009876347872,11月,8GB 128GB Beige,170.99,$170.99
게임서 G8 플러스 안드로이드 컨트롤러 마네트 스마트폰 폰 컨트롤 모바일 휴대폰용 블루투스 게임패드 태블릿 PC용,1005009848580977,11月,g8 plus,33.61,$33.61
CROSSGUN New Jet Fan Strong Portable Power Handheld Dust Elimination Computer Hurricane Storm Source Turbo Jetfan LED X6 Pro,1005009343275998,11月,With Accessory,27.11,$27.11
레노버 리전 Y700 2025 CN 안드로이드 패드 4세대 TB322FC 게이밍 태블릿 12/256GB 16/512GB 스냅드래곤 8 엘리트 8.8인치 165Hz 7600mAh 태블릿,1005010120015183,11月,"Limit Disount, 12G 256G White",274.59,$274.59
"Anker Laptop Power Bank, 25,000mAh Portable Charger with Triple 100W USB-C Ports for Multi-Device Charging For iPhone17",1005008753579553,11月,"Color:grey,Battery Capacity(mAh):20001mAh-25000mAh,Ships From:CHINA",52.87,$52.87
레노버 요가 패드 프로 12.7 12GB 256GB 태블릿 스냅드래곤 8 Gen 3 12.7인치 144Hz LCD 화면 10200mAh 68W 충전 안드로이드 와이파이 탭,1005009604407877,11月,"pad, 8 128 Blue",208.0,$208.00
"노트북용 USB-C 도킹 스테이션, C타입 허브, HDTV * 2, PD 100W, USB 2.0, 3.0, SD, TF, RJ45 이더넷, 3.5mm 오디오, VGA, 15 in 1, 4K 60Hz",1005010122394600,11月,Color:grey,26.66,$26.66
"앵커 프라임 충전기 200W 6포트 GaN 충전 스테이션 USB-C PD 데스크탑 충전기, 퀵 차징 지원, 아이폰 17 호환",1005007261198020,11月,EU Plug,37.7,$37.70
"CHUWI MiniBook X 노트북 태블릿 2 In 1 Intel N150 CPU 10.51 ""FHD IPS 스크린 12GB LPDDR5 512G SSD Windows 11 노트북 1200*1920",1005010239031646,11月,N150 16+512,207.14,$207.14
"레트로이드 포켓 5 레트로 휴대용 게임 콘솔, 비디오 게임 콘솔, RP5 SD865, 8 + 128G 안드로이드 13, 5.5 인치 OLED HD 스크린, 512G PSP PS2",1005008512284931,11月,Grey add bag,168.9,$168.90
"ORICO 4/5 Bay 10Gbps SATA HDD Docking Station SSD Enclosure 2.5""3.5""Hard Drive External Case USB 3.2 Type C HD House Daisy Chain",1005009195264004,11月,5Bay KR Plug,81.47,$81.47
Firebat AT15 노트북 Intel N150 N100 CPU 15.6 인치 16GB RAM SSD 512GB 1TB 경량 비즈니스 컴퓨터 노트북 BT4.2 WiFi5,1005008768611097,11月,"16GB 512GB, Intel N150",154.33,$154.33
ORICO 40Gbps USB4 M.2 SSD 인클로저 8TB(냉각 팬 포함) PCIe4.0 NVME 인클로저 알루미늄 호환 Thunderbolt 3/4 for Mac,1005007107762247,11月,8TB Max with Fan,27.68,$27.68
Crucial P3 Plus Gen4 SSD 1TB,1005007541901981,11月,1 테라바이트,50.89,$50.89
Western Digital WD SN850X SSD 1TB 2TB NVMe Gen4 PCIe M.2 2280 PCIe 4.0X4 Drive Internal Solid State Disk for PS5 Desktop Laptop,1005008248138233,11月,2 테라바이트,133.84,$133.84
AULA F108 Pro 게이밍 기계식 키보드 트라이 모드 커스텀 멀티 노브 스크린 RGB e스포츠 무선 키보드 TFT 스마트 디스플레이 탑재,1005008489394609,11月,F108 Gray,27.38,$27.38
"GameSir G7 Pro Xbox 게임 컨트롤러 유선 게임패드 (Xbox Series X용) | S, Xbox One X | S, 스팀, PC, 충전 도크가 포함된 안드로이드",1005009691003184,11月,Mech White,50.49,$50.49
MCHOSE GX87 알루미늄 맞춤형 기계식 키보드 트라이 모드 무선 블루투스 PC E-스포츠 게임 사무실 80% 열 레이아웃 88 키,1005009551662390,11月,grey-Matchalatte,47.47,$47.47
Akko MonsGeek FUN60 기계식 키보드 마그네틱 스위치 60% 게임용 키보드 신속한 트리거 0.01mm 8K ARGB HE/TMR 맞춤형 키보드,1005008252434511,11月,Ultra Trimode TMR B,46.62,$46.62
Logitech PRO X  SUPERLIGHT 2 GPW3 Wireless Mouse Gaming Mouse Gpw Second Generation Upgrade Hero2 Sensor,1005009980214956,11月,Hawk Eye White,100.02,$100.02
"로지텍 G502 X 고급 에디션 게이밍 마우스, 광학 기계식 하이브리드 마이크로 HERO 엔진, 신제품",1005010195377465,11月,Wireless White,47.17,$47.17
VGN V87/V87pro 트라이 모드 기계식 키보드 커스텀 가스켓 구조 풀키 핫플러그 RGB 저지연 e스포츠 게임 키보드,1005010002942855,11月,Athena,46.0,$46.00
레노버 리전 Y700 2025 CN 안드로이드 패드 4세대 TB322FC 게이밍 태블릿 12/256GB 16/512GB 스냅드래곤 8 엘리트 8.8인치 165Hz 7600mAh 태블릿,1005010120015183,11月,Black 12G 256G,274.59,$274.59
Ricck RS8 V2 무선 기계식 키보드 Bluetooth 2.4G 게임 유선 8000mAh RGB Hotswap 게이머 비접촉 지원 QMK 키보드,1005008059351600,11月,9099,31.0,$31.00
"레노버 샤오신 패드 2024 태블릿, 글로벌 롬, 8GB 128GB 패드, 퀄컴 스냅드래곤 685 옥타 코어, 11 인치 와이파이, 8MP, Cam7040 mAh, 20W 충전기",1005007386052441,11月,"8G 128G, Gray",85.21,$85.21
Vendeeni 12가지 색상/세트 드리미 오로라 캣아이 젤 네일 폴리쉬 마그네틱 UV LED 젤 바니시 실 캣아이 젤 래커 디스플레이 포함,1005009344042402,11月,12 PCS(Have Display),22.01,$22.01
미아넬 10ML 1-8개 2025 신상 새틴 블루 글래시어 버블크리스탈 캣아이 젤 네일 폴리쉬 네일 살롱용 블루 네일 크리스마스 네일,1005010018116684,11月,93alanfengling1-8,7.83,$7.83
네일&욜리 24색 솔리드 젤 글리터 UV 젤 폴리쉬 팔레트 일본 네일 크림 아트 세미 퍼머넌트 쏙 오프 젤 바니쉬,1005009440322243,11月,B/D,17.15,$17.15
12 색 솔리드 팻 페인팅 젤 매니큐어 높은 채도 인기있는 세미 솔리드 매니큐어 젤 네일 아트 창조 장식 도구,1005009438779432,11月,2gx12colors,10.3,$10.30
Eleanos 30 색 15Ml 고양이 눈 젤 세트 네일 살롱 용 마그네틱 젤 매니큐어 네일 바니시 UV 쏙 오프 젤 네일 아트 매니큐어,1005009348939644,11月,30 pcs,91.58,$91.58
20 가지 색상 팻 페인팅 젤 매니큐어 세트 (스펀지 그라디언트 포함) 세미 퍼머넌트 손톱 용 UV LED 네일 아트 젤 바니쉬,1005006809272929,11月,20Colors Patting Gel,9.22,$9.22
XIAOMI MIJIA 무선 진드기 제거 브러시 UV 살균 16kpa 가정용 침대 진공 먼지 진드기 기기 제거 도구,1005009321189979,11月,KR,50.33,$50.33
AULA F108 Pro 게이밍 기계식 키보드 트라이 모드 커스텀 멀티 노브 스크린 RGB e스포츠 무선 키보드 TFT 스마트 디스플레이 탑재,1005008489394609,11月,F108 Pro Yellow Mix|F108 Pro Gray Mix|F108 Pro Blue,32.6,$32.60
CROSSGUN New Jet Fan Strong Portable Power Handheld Dust Elimination Computer Hurricane Storm Source Turbo Jetfan LED X6 Pro,1005009343275998,11月,With Accessory,27.11,$27.11
레노버 리전 Y700 2025 CN 안드로이드 패드 4세대 TB322FC 게이밍 태블릿 12/256GB 16/512GB 스냅드래곤 8 엘리트 8.8인치 165Hz 7600mAh 태블릿,1005010120015183,11月,12GB 256GB  Black,274.59,$274.59
Baseus GH02 무선 게임용 헤드셋(마이크 헤드폰 포함) Bluetooth 5.3 40mm 드라이버 2.4G/무선/케이블 RGB 오버헤드 헤드폰,1005008781966502,11月,Black,28.12,$28.12
투키 PD 100W USB 접이식 케이블 C타입 to C타입 고속 충전 케이블 (아이폰 15 16 Pro Max 샤오미12 13 삼성 S23 S24 호환),1005009466301312,11月,3pcs 100W Cable,6.9,$6.90
xreal one,1005008715708159,11月,xreal one,369.74,$369.74
Hagibis 380W USB C 충전기 8포트 GaN Type C,1005008082941524,11月,Black-EU plug,46.16,$46.16
Hagibis 380W USB C 충전기 8포트 GaN Type C,1005008082941524,11月,White-EU plug,41.33,$41.33
로지텍 mx master 4,1005010208833994,11月,black,89.66,$89.66
Joyroom Qi2 Magnetic Charging Station for Apple Fast Wireless Charger for iPhone 17 16 15 Pro Max for iWatch for AirPods JR-W23,1005009615468296,11月,"Charger and Cable,CHINA",21.66,$21.66
UGREEN 200W GaN Charger 8 in 1 Desktop Laptop Fast Charging Stand For iPhone 17 16 15 Pro Max Macbook Air Xiaomi Samsung Tablets,1005008707006131,11月,"KR GaN 200W,CHINA",36.0,$36.00
Baseus 10000mAh 45W Power Bank For Qi2.2 25W MagSafe Magnetic Wireless Charging Built-In USB-C Cable For iPhone 17 Samsung S25,1005009911935835,11月,Qi2.2 25W PD 45W BL,33.66,$33.66
Baseus 7-in-1 USB C HUB HDMI 4K@60Hz with Qi2 Wireless Charger for iPhone USB 3.2 PD 100W Fast Charging Type-C Docking Station,1005009576026807,11月,"7-in-1 with Qi2,CHINA",20.49,$20.49
"ZEUSLAP-Z16K 16"" 4K Portable Monitor 3840x2400 100% DCI-P3 Thunderbolt USB-C HDMI for Phone, PS5, Laptop PC Second Screen",1005009926300553,11月,black,106.32,$106.32
Baseus Laptop Stand for Macbook Air Pro Foldable Aluminum Vertical Notebook Stand Scalable Adjustable Support Tablet Kickstand,1005005466033407,11月,Silver,13.16,$13.16
레노버 리전 Y700 2025 CN 안드로이드 패드 4세대 TB322FC 게이밍 태블릿 12/256GB 16/512GB 스냅드래곤 8 엘리트 8.8인치 165Hz 7600mAh 태블릿,1005010120015183,11月,"12G 256G White,Limit Disount,CHINA",274.59,$274.59
레노버 리전 Y700 2025 CN 안드로이드 패드 4세대 TB322FC 게이밍 태블릿 12/256GB 16/512GB 스냅드래곤 8 엘리트 8.8인치 165Hz 7600mAh 태블릿,1005010120015183,11月,12GB 256GB Gray,274.59,$274.59
Baseus 67W GaN 고속 충전기 전원 스트립 3AC 3680W 콘센트 USB-C 노트북 iPhone 용 고속 충전 데스크탑 스테이션 Samsung Xiaomi,1005008408948675,11月,67W Black EU 220V,21.99,$21.99
2025 새로운 자동 터치 마그네틱 다기능 3 in 1 무선 충전기 for Iphone 16 15 14 13 Pro Max Iwatch Airpods 충전기,1005009077844910,11月,Grey,19.25,$19.25
UGREEN 145W 20000mAh 보조베터리 맥세이프 Qi2 15W 자기 무선 보조베터리 스테이션 유그린 PD3.1 노트북 100W 고속충전 고속 충전용 외장 배터리 대용량 맥세이프 충전기,1005007989914725,11月,"Color:WHITE,Ships From:CHINA",63.94,$63.94
10/11.26 인치 대시 캠 4K 자동차 DVR 무선 Carplay 및 안드로이드 자동 GPS 네비게이션 비디오 레코더 대시 보드 듀얼 렌즈 Wifi FM AUX,1005007439479094,11月,"11.26inch-Front Cam, NO TF card",35.88,$35.88
Foldable Laptop Stand 360°Rotation Notebook Table Aluminum Alloy Holder Portable Book Tablet Bracket with Heat Dissipation,1005005757050899,11月,Color:Silver,13.62,$13.62
Baseus 12-in-1 USB C 허브-HDMI 4K@60Hz 듀얼 디스플레이 USB 3.2 어댑터(RJ45 SD TF PD 100W 도킹 스테이션 포함) Window Mac 허브용,1005008936713566,11月,12-in-1 HDMI SD TF,39.78,$39.78
기존 SHOKZ OpenRun Pro 2 S820 S821mini 블루투스 이어폰 IP55 방수 골전도 헤드폰 음악 스포츠 이어 버드,1005008561939766,11月,S820 Orange,104.64,$104.64
"UGREEN 보안 스마트트랙 카드, 애플 내 지갑 찾기, 블루투스 추적기, 휴대폰 찾기, 방수 기능, iOS 전용",1005008451372409,11月,1-Pack,14.27,$14.27
"XIAOMI mijia 히터 LSNFJ03ZM 급속 가열, 전력 정전, 2000W 고전력 공급, 광각 환기",1005009533867221,11月,LSNFJ03ZM,27.54,$27.54
배수 바구니 가정용 도마 1PCS와 야채 및 과일을위한 다기능 6-in-1 주방 강판,1005009095157440,11月,6 in 1,5.26,$5.26
스마트 센서 쓰레기통 20L 가정용 높은 피트 뚜껑 쓰레기통 주방 욕실 종이 바구니 대용량 라이트 럭셔리,1005008978063973,11月,Set,32.19,$32.19
돈어 17종 냄비 프라이팬 세트 논스틱 조리기구 세트 탈부착 가능한 손잡이 인덕션 주방 조리기구 세트 건강 RV 조리기구,1005008715294293,11月,"Color:WHITE,Kit Type:Over Five-piece Set",31.48,$31.48
회전 주방 선반 홈 거실 스낵 상자 장난감 과일 및 야채 바구니 다층 카트 스토리지 랙 사이드 선반,1005007390370766,11月,W  5 layer,13.1,$13.10
"커버가 있는 대용량 세라믹 인스턴트 누들 그릇 1개, 기숙사 및 가정용 주방에 적합 - 국수를 신선하고 따뜻하게 유지하세요",1005007160654273,11月,"Blue, 1000ml",5.1,$5.10
주방 트롤리 야채 보관 랙 스낵 선반 접이식 카트 보관 랙 과일 보관 선반 거실 랙,1005009561583041,11月,Color:WHITE,18.95,$18.95
"SINCO 전기 가열 패드 스마트 프로 버전, 3단계 온도 조절, 저전력 소비, 터치 버튼 제어",1005009544758805,11月,Dark Gray,9.76,$9.76
XIAOMI Mijia 공기 청정기 4 Lite AC-M17-SC 99.99% 강력한 항균 효과 저소음 작동 LED 디스플레이,1005008414613048,11月,Air Purifier 4 Lite,65.6,$65.60
인출식 전자레인지 주방 선반 독립형 향신료 보관함 가전제품 보관함 2단 오븐 랙,1005008290609861,11月,Almond white 62cm,18.25,$18.25
"HiBREW 반자동 에스프레소 커피 머신, 온도 조절 가능, 58mm 포타필터, 콜드/핫 커피 메이커, 금속 CaseH10A, 20Bar",1005004896181006,11月,H10A ,127.03,$127.03
"Mixi 전면 노트북 포켓 가방 와이드 핸들 여행 가방, 남성 20 인치 휴대용 수하물 여성 PC 알루미늄 프레임 트롤리 케이스 24 인치",1005006770743009,11月,Smoke White,44.1,$44.10
JONR P1 로봇청소기 물걸레 미홈앱 음성제어 5000PA 2600mAh대용량 배터리,1005008255500278,11月,"Color:WHITE,Plug Type:KR,Ships From:CHINA",58.25,$58.25
PHILOGEO 스마트 창문 로봇청소기 6.3cm 초스림 AI 시스템 초고청정효율 / 2025년 최신형 / 한국어 어댑터 & 설명서,1005008870770551,11月,White,43.82,$43.82
AULA F108 Pro 게이밍 기계식 키보드 트라이 모드 커스텀 멀티 노브 스크린 RGB e스포츠 무선 키보드 TFT 스마트 디스플레이 탑재,1005008489394609,11月,F108 Pro  Gray,32.6,$32.60
"UWANT B100-S 습식 청소기 소파·카펫 등 패브릭 전용 청소기, 3단계 딥클렌징 시스템, 12,000Pa 초강력 흡입력, 셀프 클리닝 기능 탑재, 원터치 전원 케이블 정리, 다용도 청소기, 오염 물질을 빠르게 세척",1005009776679440,11月,-,55.01,$55.01
New Lenovo Xiaoxin Pad Pro 12.7 2nd 2025 Tablet Dimensity 8300 2.9k Resolution 144Hz Refresh Rate WIFI 10200mAh WIFI Android,1005009472245180,11月,Std Edition 8G 128G,136.96,$136.96
레노버 리전 Y700 2025 CN 안드로이드 패드 4세대 TB322FC 게이밍 태블릿 12/256GB 16/512GB 스냅드래곤 8 엘리트 8.8인치 165Hz 7600mAh 태블릿,1005010120015183,11月,Black 12G 256G,274.59,$274.59
"XIAOMI MIJIA 음파 진동 전동 칫솔 프로, 스마트 4가지 모드, 긴 배터리 수명, IPX8 방수, LED 스크린 및 여행용 잠금 장치",1005008535006200,11月,White Toothbrushes,23.08,$23.08
"Anker USB C-USB C 케이블, 아이폰 16 시리즈, 맥북, 아이패드용 고속 충전, 4 ft 2-in-1, 최대 140W",1005008418870113,11月,"Length:1.2m,Ships From:CHINA",10.18,$10.18
"Anker USB C-USB C 케이블, 아이폰 16 시리즈, 맥북, 아이패드용 고속 충전, 4 ft 2-in-1, 최대 140W",1005008418870113,11月,"Length:1.8m,Ships From:CHINA",11.08,$11.08
스팀 청소기 고온 살균 에어컨 주방 후드 홈/자동차 김이 나는 청소기 110V 미국 플러그/220V EU 플러그,1005005866421492,11月,"Color:WHITE,Voltage:220 V",11.79,$11.79
Baseus Laptop Stand for Macbook Air Pro Foldable Aluminum Vertical Notebook Stand Scalable Adjustable Support Tablet Kickstand,1005005466033407,11月,Silver,13.16,$13.16
Xtep Men's Running Shoes 2000km 3.0 2025 Spring Lightweight Cushioned Wear-Resistant Training Jogging Sneakers 875119110032,1005008671542679,11月,Silver,35.47,$35.47
SHOKZ OpenDots ONE 오픈 무선 블루투스 헤드셋 V5.4 마이크 포함 Dolby 사운드 방수 긴 배터리 수명 New 2025,1005009463218687,11月,E310 Black,91.84,$91.84
"미지아 무선 써큘레이터 선풍기5세대  4종 송풍모드,4방향 자동회전,온습도 감지 센서, 돼지코 포함 BPLDS05DM",1005008788865424,11月,BPLDS05DM,55.05,$55.05
Xtep 160X 7.0 Pro Running Shoes 2025 Cushioning Shock Sneakers Professional Marathon PB Carbon Plate Sports Shoes 975319110041,1005009740703165,11月,Red Orange,155.13,$155.13
Xtep 160X 7.0 Running Shoes 2025 Professional Marathon Cushioning Shock Sneakers Combat PB Carbon Plate Sport Shoes 975319110039,1005009740436798,11月,Red Orange,119.92,$119.92
KAILAS FUGA DU2,1005009663563314,11月,DU Black 17032,160.03,$160.03
Magicshine HORI 1300 라이트,1005009358696284,11月,,50.0,$50.00
KAILAS New Arrival Fuga EX 3 BOA,1005009110855710,11月,Missing Gray 15277,116.71,$116.71
KAILAS FUGA AIR 8L 소프트 물병 포함,1005009001794959,11月,Gray-L 000318,106.15,$106.15
KAILAS KUOCANG Gore-tex,1005008695886066,11月,Black 17032 / 44码,103.61,$103.61
KAILAS KUOCANG BOA,1005008541418306,11月,Sandstone  22028,95.21,$95.21
"Thinkrider X2Max 스마트 자전거 트레이너, MTB 도로 자전거 내장 파워 계량기, 홈 트레이너",1005007756833960,11月,X2 Max,155.49,$155.49
"SEEMEE DV 카메라 미등, USB-C 충전식 자전거 후방 조명, 도로 도시용 최대 110시간 런타임의 3400mAh 배터리",1005006830142314,11月,,62.0,$62.00
어메이즈핏 치타 스퀘어 스마트워치,1005005848195053,11月,Cheetah,64.46,$64.46
샤오미 미지아 기화식 가습기3(800) 6L물탱크 저소음 작동 800ml/H가습량 최대 18h지속 가습 CJSJSQ04ZMZLX,1005008295607392,11月,Humidifier,77.23,$77.23
Garmin Forerunner 265 Running Smartwatch 1.3'' 다채로운 AMOLED 디스플레이 GPS 13일 배터리 수명 수면 모니터링 피트니스 트래커,1005010226417498,11月,265 music black | CHINA,308.6,$308.60
Garmin Edge 540 사이클링 GPS,1005010226271723,11月,Garmin Edge 540,217.95,$217.95
SG Image 35mm F1.2 렌즈,1005007699732656,11月,Fuji XF,50.52,$50.52
SGimage 25mm F1.8 AF 렌즈,1005010121312054,11月,Red | Fuji XF,65.12,$65.12
SGimage 25mm F1.8 AF 렌즈,1005010121312054,11月,Orange | Fuji XF,65.12,$65.12
SGimage 25mm F1.8 AF 렌즈,1005010121312054,11月,Silvery | Fuji XF,65.12,$65.12
SGimage 25mm F1.8 AF 렌즈,1005010121312054,11月,Black | Fuji XF,65.12,$65.12
7artisans 18mm F6.3 Mark II UFO 단렌즈,1005009514526781,11月,18mm F6.3 II | Fuji XF,35.2,$35.20
YOGA Tab Pen Pro Stylus Magnetic for Lenovo Yoga Tab Plus YOGA Pad Pro Xiaoxin Tablet Pro GT Interactive Accurate Precision Fast,1005010009614352,11月,Pencil,15.9,$15.90
DJI Mic 2 (송신기 2개 + 수신기 1개 + 충전 케이스),1005009945798766,11月,MIC 2 2TX 1RX,186.55,$186.55
Hagibis 손잡이 USB C 허브(단축 버튼 포함) Type-C 도킹 스테이션 볼륨 조정 Macbook용 데스크탑 컨트롤러 2.5G RJ45,1005009259812364,11月,Black-2.5G RJ45,23.43,$23.43
MOUNTAINHIKER 싱글 더블 퍼스 자체 팽창 매트리스 두꺼운 10cm 컴팩트 접이식 캠핑 슬리핑 베드 패드 에어 매트 바닥,1005009124537416,11月,K Double KR,56.78,$56.78
QCY Crossky R70 오픈 이어 무선 이어폰,1005008790585463,11月,CT02-LGREY,28.77,$28.77
ASUS TX-AX6000 공유기,1005008613965117,11月,TX-AX6000,76.88,$76.88
Logitech PRO X  SUPERLIGHT 2 GPW3 Wireless Mouse Gaming Mouse Gpw Second Generation Upgrade Hero2 Sensor,1005009980214956,11月,Hawk Eye White,100.02,$100.02
Lenovo Xiaoxin Pad Pro 12.7 2025 키보드 및 스탠드,1005007793119040,11月,12.7inch for Pro2025,50.27,$50.27
스팀 청소기 고온 살균 에어컨 주방 후드 홈/자동차 김이 나는 청소기 110V 미국 플러그/220V EU 플러그,1005005866421492,11月,Upgraded White | 220 V,11.79,$11.79
UGREEN 스팀덱 독 9포트,1005006634832058,11月,DP 9-in-1 10Gbps,24.49,$24.49
LFINE 3D/4D 레이저 레벨기 已和网红确认按拍的样品sku进行,1005007455097227,11月,1M Tripod suitcase | CN,22.95,$22.95
XPPen 매직 노트 패드 안드로이드 14 화이트 그래픽 태블릿 비즈니스 디지털 필기 노트 패드 3-in-1 컬러 잉크 용지 전자책 리더,1005008631550314,11月,单一SKU,274.48,$274.48
2 in 1 750W LCD 디지털 디스플레이 작업 스테이션,4000977221890,11月,"8898 KIT 5, 220V EU PLUG",27.72,$27.72
8BitDo Pro 3 블루투스 게임패드,1005009603642826,11月,Gray with Bag,40.06,$40.06
Drift Innovation Ghost XL 액션 카메라,1005006832170410,11月,,57.21,$57.21
AIYIMA 업그레이드 S400 오디오 북쉘프 액티브 스피커 스튜디오 모니터 3인치 블루투스 USB DAC HiFi 홈 서브우퍼 시스템 TV PC,1005006578161841,11月,White EU Power,35.94,$35.94
DAJA DJ6 레이저 커팅기 价格无法下调 网红接受,1005004621294500,11月,DJ6 (EU Plug) | CHINA,104.84,$104.84
"Thinkrider X2Max 스마트 자전거 트레이너, MTB 도로 자전거 내장 파워 계량기, 홈 트레이너",1005007756833960,11月,X2 Max,155.49,$155.49
GEOID CC600 경로 탐색 자전거 GPS 컴퓨터 11개 언어 무선 자전거 속도계 자동 WIFI ANT+ 주행 거리계,1005007676156312,11月,CC600,29.79,$29.79
TOPUMP TB2 PRO 자전거 무선 타이어 팽창기 용 미니 휴대용 전기 펌프 120PSI 최대 450mAh 배터리 (화면 고속 충전 포함),1005007274254758,11月,TOPUMP TB2 PRO,22.94,$22.94
RYET 카본 3D 프린팅 안장 145/155MM 190g 7*9 남녀용 트라이애슬론 로드 MTB 산악 자전거 그라블 사이클링 부품,1005006893754548,11月,3D RT06S 145mm,42.25,$42.25
"SEEMEE DV 카메라 미등, USB-C 충전식 자전거 후방 조명, 도로 도시용 최대 110시간 런타임의 3400mAh 배터리",1005006830142314,11月,,62.0,$62.00
RYET Carbon 3D Printed Saddle Ultralight 190g 7*9 Bike Seating For Men Women Triathlon Road MTB Mountain Gravel Cycling Parts,1005006774719031,11月,3D Printed Saddle,53.14,$53.14
자전거 랙 홀더 보관 자전거 수리 스탠드 알루미늄 합금 자전거 작업 스탠드 전문 자전거 수리 도구 조정 가능한 접이식,1005002363834653,11月,,40.2,$40.20
RYET 풀 카본 로드 휠셋 자전거 초경량 1050g -  需退还样品,1005009377481656,11月,"ZERO-G Carbon Wheel, 40mm, T04  Carbon Spoke, DISC -Centrelock XDR, CERAMIC BEARING",576.19,$576.19
RYET 초경량 풀카본 자전거 안장 58g,1005008803111995,11月,,48.87,$48.87
ROCKBROS 자전거 수리 도구 키트 전문 자전거 다기능 수리 도구 키 세트 사이클링 도구,1005008561581516,11月,43210810001,20.96,$20.96
ThinkRider 실내 사이클링 데스크,1005008194262378,11月,Black,58.5,$58.50
"에디파이어 MR3 2.0 모니터 스피커 시스템, 고해상도 오디오, 블루투스 V5.4 밸런스드 TRS RCA AUX 입력, 앱 EQ 룸 보상 설정",1005007877281342,11月,White,46.04,$46.04
CROSSGUN Jet Turbo King Kong Jetfan Strong Fan Portable Handheld With LED Lighting Dust Elimination Computer hurricane storm X3,1005007781344048,11月,"Black, Type-C Charge",18.1,$18.10
"알루미늄 합금 전기 펌프, 휴대용 자전거 공기 충전식 타이어 팽창기, Schrader Presta 슈레이더 프레스타 밸브, 실버 CYCLAMI A3 MAX, 150 PSI, 전동펌프, 전동자전거 펌프",1005007681840240,11月,A3 MAX,27.75,$27.75
LTWOO V3 eRX 전자식 구동계,1005007176815599,11月,eRX,338.88,$338.88
Drift Innovation Ghost XL 액션 카메라,1005006832170410,11月,,57.21,$57.21
GOLDIX XDR 12단 카세트 10-28T,1005006688101350,11月,XDR 12S 10-28T-DP,48.84,$48.84
iGPSPORT BSC300T,1005008153155499,11月,BSC300T,92.0,$92.00
"RYET 3D 프린팅 자전거 안장, 초경량 로드 MTB 자전거 레이싱 시트, 110g/160g 풀 카본 자전거 시트 쿠션 자전거 부품",1005006016969601,11月,X6 3D Saddle,25.43,$25.43
CYCPLUS T2 사이클링 홈 트레이너 다이렉트 드라이브 운동 자전거 훈련 자전거 롤러 ANT+ BLE 5.0 파워 미터,1005003968783405,11月,12S 11-34T cassette,328.14,$328.14
RYET 카본안장 K30 3D Printed145mm,1005008183614010,11月,K30 3D Printed145mm,28.97,$28.97
FiiO K13 R2R 데스크탑 DAC and Headphone Amplifier,1005009927075048,11月,K13R2R silver,230.81,$230.81
FiiO K13 R2R 데스크탑 DAC and Headphone Amplifier,1005009927075048,11月,K13R2R black,230.81,$230.81
AIYIMA T20 진공관 프리 앰프 앰프 LME49720,1005009418834731,11月,With EU Plug,90.15,$90.15
LHY AUDIO 25W 듀얼 DC5V,1005010012747489,11月,5V With USB | 220 V,60.0,$60.00
LHY AUDIO 25W 듀얼 DC5V,1005010012747489,11月,9V Dual DC | 220 V,60.0,$60.00
LHY AUDIO 25W 듀얼 DC5V,1005010012747489,11月,12V Dual DC | 220 V,60.0,$60.00
FiiO K17 데스크탑 DAC and Headphone Amplifier,1005008395382938,11月,K17 Silver,656.72,$656.72
FiiO K17 데스크탑 DAC and Headphone Amplifier,1005008395382938,11月,K17 Black,656.72,$656.72
CROSSGUN Jet Turbo King Kong Jetfan Strong Fan Portable Handheld With LED Lighting Dust Elimination Computer hurricane storm X3,1005007781344048,11月,"Black, Type-C Charge",18.1,$18.10
SMSL DO100 Pro,1005009999359463,11月,DO100 Pro EU Plug,134.15,$134.15
TZT Singxer SU-6 USB 디지털 오디오 인터페이스,4001175229139,11月,,463.98,$463.98
Ampapa D1 하이파이 스테레오 블루투스 5.2 앰프,1005009937567737,11月,,132.19,$132.19
SJCAM A10 바디캠,1005008409400888,11月,"A10, No Memory Card",65.69,$65.69
VSYS 2채널 모터사이클 블랙박스 S2,1005007549714861,11月,S2,42.71,$42.71
MAXTO M3 인터콤,1005006868422501,11月,M3 1pc,46.78,$46.78
Drift Innovation Ghost XL 액션 카메라,1005006832170410,11月,,57.21,$57.21
Freedconn R1 Pro 인터콤,1005005055614644,11月,One Set R1 Pro,38.37,$38.37
"ETENWOLF ZEPHYR S3C Portable Air Compressor 100% Duty Cycle Car Tire Inflator 7800mAh for Cars, Motorcycles, Bicycles Balls",1005008295800556,11月,S3se orange,22.32,$22.32
"테슬라 T1-카라오케 마이크, USB-A 및 USB-C 수신기가 있는 충전식 카라오케 마이크, 플러그하여 사용, 페어링 필요 없음",1005009225665844,11月,Two Mics,41.13,$41.13
VJOYCAR 새로운 Y Juniper OEM 크롬 도어 핸들,1005009458489370,11月,New Y Juniper,105.0,$105.00
2025 테슬라 모델 3/Y 하이랜드 운전대 기어봉 물리 버튼 핸들 실내 개조,1005009223979465,11月,for Model Y Juniper,106.0,$106.00
Tesla Model Y 2025 자동차 전화 마운트 홀더 15W Magsafe 충전기,1005008599451954,11月,Color LED,10.66,$10.66
테슬라 모델 2026 업데이트 6세대 소프트 클로징 3 Y 3 Model Y L 하이랜드 새로운 모델 Y 주니퍼 4 도어 핀치 방지 스마트 자동 전기 흡입 도어 잠금 장치 폐쇄 테슬라 수정 액세서리 for Tesla New Y Juniper,1005006968723759,11月,Y Juniper - 4 Door,149.94,$149.94
자동 전원 프런트 프렁크 테슬라 모델 Y 3 X S 신형 모델 3 하이랜드 신형 Y 주니퍼 New 3 Hihgland New Y Juniper Model Y L자동 전원 Frunk 방수 전기 프론트 게이트 수정 된 자동 리프팅 클로저 Auto Power Frunk Tesla 개조용,1005006518612953,11月,New Y Juniper,157.0,$157.00
"신형 디지털 자동 전동 선쉐이드 (앰비언트 LED 조명 포함, 음성 제어 기능 탑재)",1005009723528842,11月,New Model Y Juniper,322.49,$322.49
테슬라 뉴 모델 Y 주니퍼 2025 카시트 커버,1005009137459487,11月,"White, New Model Y Juniper, Full Surround, 5 Seats cover, Nappa Leather",97.05,$97.05
테슬라 뉴 모델 Y 주니퍼 2025 카시트 커버,1005009137459487,11月,"Red, New Model Y Juniper, Full Surround, 5 Seats cover, Nappa Leather",97.05,$97.05
2025 Tesla Model Y Juniper 리얼 카본 스포일러,1005008843669506,11月,Matte Black,65.68,$65.68
테슬라 바닥 매트 모델 Y 주니퍼 2025 자동차 트렁크 매트,1005008603038983,11月,9PCS Set,60.19,$60.19
뒷좌석 하부 보호 매트 전기 자동차 보호 패드,1005008024878986,11月,MY Juniper TPE,8.77,$8.77
리얼 카본 대시보드 커버 样品质量问题已补发但不知道什么时候能到,1005007594224638,11月,1-1Genuine Dash,113.45,$113.45
TPE 문턱 보호 커버,1005009991286757,11月,MY Juniper 8pcs,22.71,$22.71
2026 새로운 350mm 요크 핸들 Model Y Juniper Model YL White Black Zen Grey 기본 색상 흰색 검정색젠 그레이 테슬라 개인화된 레이싱 가죽 맞춤형 액세서리를 위한 가열 요크 스티어링 휠이 있는 신형 모델 Y용 요크 핸들,1005008685509454,11月,White,94.02,$94.02
2026 새로운 350mm 요크 핸들 Model Y Juniper Model YL White Black Zen Grey 기본 색상 흰색 검정색젠 그레이 테슬라 개인화된 레이싱 가죽 맞춤형 액세서리를 위한 가열 요크 스티어링 휠이 있는 신형 모델 Y용 요크 핸들,1005008685509454,11月,Black,94.02,$94.02
P5 자동 비누 디스펜서,1005008656223755,11月,White Foam,6.32,$6.32
Ulanzi PK-08 Pocket 3 미니 삼각대,1005007635349018,11月,Kit,16.97,$16.97
마그네틱 커넥터 고속 충전 케이블 안드로이드 타입C 60W QC PD,1005009990783964,11月,1PC Blue | 18cm,4.96,$4.96
Ulanzi CA25 카메라 냉각 팬 4K 녹화 키트,1005006440356875,11月,Updated Black,19.29,$19.29
Anker Prime 735 보조베터리 20000mAh 200W 20K 휴대용 충전기 휴대용 보조베터리 대용량 20000mAh 배터리 예비 배터리,1005006067543904,11月,"Black, 20000mah",53.19,$53.19
Anker Prime 735 보조베터리 20000mAh 200W 20K 휴대용 충전기 휴대용 보조베터리 대용량 20000mAh 배터리 예비 배터리,1005006067543904,11月,"with base EU Plug, 20000mah",99.48,$99.48
FALCAM F38 Pro 멀티 홀 릴리스 플레이트 키트,1005006284449171,11月,F38 Basic Set,22.13,$22.13
FALCAM F38 Pro 멀티 홀 릴리스 플레이트 키트,1005006284449171,11月,F38 Pro set,25.25,$25.25
"Toocki 샤오미 맥북용 투명 케이블, C to C 케이블, 100W PD",1005005340684204,11月,"100W Blue, 2m",2.98,$2.98
TOPUMP TB2 PRO 자전거 무선 타이어 팽창기 용 미니 휴대용 전기 펌프 120PSI 최대 450mAh 배터리 (화면 고속 충전 포함),1005007274254758,11月,TOPUMP TB2 PRO,22.94,$22.94
휴대용 LCD 디스플레이 전자 고리형 저울,1005005562814968,11月,Webbing belt,1.91,$1.91
AhyKa 600ml 자전거 물병,1005009579095132,11月,1 set,14.11,$14.11
Shimano Di2 12단 구동계 배터리 충전기 어댑터,1005009276701400,11月,1 pcs,6.39,$6.39
ThinkRider 실내 사이클링 데스크,1005008194262378,11月,Black,58.5,$58.50
NEWBOLER 자전거 가방 방수 10L,1005008062883198,11月,BAG026,7.32,$7.32
X-TIGER 자전거 라이트 1600 루멘,1005008059843956,11月,QD-2501,17.6,$17.60
ROCKBROS 브레이크 감지 자전거 테일 라이트,1005007966963944,11月,Q1MAX,6.04,$6.04
웨스트 바이킹 3 In 1 자전거 랙,1005007408547343,11月,2 in 1,5.64,$5.64
"SEEMEE DV 카메라 미등, USB-C 충전식 자전거 후방 조명, 도로 도시용 최대 110시간 런타임의 3400mAh 배터리",1005006830142314,11月,,62.0,$62.00
NEWBOLER 핸들 바 가방 자전거 가방,1005006263780684,11月,BAG601,4.64,$4.64
ROCKBROS  라이트 1500LM/1000LM,1005005968945986,11月,RHL1000D,20.99,$20.99
자전거 랙 홀더 보관 자전거 수리 스탠드 알루미늄 합금 자전거 작업 스탠드 전문 자전거 수리 도구 조정 가능한 접이식,1005002363834653,11月,,40.2,$40.20
풍선 캠핑 텐트 4-8명 창문 포함 휴대용 방수 캠핑 텐트 사계절 텐트,1005009020289062,11月,4x3x2.1m,127.86,$127.86
모비가든 캠핑 에어 자충 매트 3D 스펀지 매트리스 휴대용 9CM 1인용 2인용,1005007384647357,11月,Mat 2P,52.85,$52.85
WESTTUNE 야외 무선 공기 펌프 침대 매트 수영 반지에 대 한 풍선 Deflate와 휴대용 전기 미니 풍선 펌프,1005009305409137,11月,Black,30.11,$30.11
야외 5단 접이식 IGT 리프팅 테이블,1005009437294507,11月,black,54.9,$54.90
MOBI GARDEN 모비가든 캠핑 랜턴,1005007335575389,11月,Brown（没有黑色）,10.82,$10.82
304 스테인레스 스틸 바베큐 그릴 휴대용 야외 스토브 IGT 테이블,1005007514003245,11月,BBQ Grill,7.99,$7.99
MOUNTAINHIKER 36L 트롤리 바퀴가있는 야외 냉장고,1005006621835679,11月,White,27.65,$27.65
Naturehike 그라운드시트 방습 매트,1005009989627971,11月,Brown,24.92,$24.92
네이처하이크 캠핑 선 쉘터 방수포 비닐 코팅 캐노피,1005006782735921,11月,M,27.0,$27.00
네이처하이크 캠핑 선 쉘터 방수포 비닐 코팅 캐노피,1005006782735921,11月,L,32.8,$32.80
WESTTUNE IGT 가스 스토브 버너,1005006343260318,11月,Black IGT Stove,24.22,$24.22
IGT 전술 테이블 Spliceable,1005007267339080,11月,89X45cm Table B,19.69,$19.69
iGPSPORT LW10,1005009895328679,11月,Black Classic,39.1,$39.10
기존 SHOKZ OpenRun Pro 2 S820 S821mini 블루투스 이어폰 IP55 방수 골전도 헤드폰 음악 스포츠 이어 버드,1005008561939766,11月,S820 Black,102.25,$102.25
ROCKBROS 성인용 접이식 자전거 SRAM X4/X5-speed 样品按时到不了也能正常进行,1005007370562619,11月,Green,249.15,$249.15
"ROCKBROS 성인용 경량 자전거 시마노 8 단, 20 인치",1005007370277392,11月,Green,252.78,$252.78
TOPUMP TB2 PRO 자전거 무선 타이어 팽창기 용 미니 휴대용 전기 펌프 120PSI 최대 450mAh 배터리 (화면 고속 충전 포함),1005007274254758,11月,TOPUMP TB2 PRO,22.94,$22.94
iGPSPORT BSC300T,1005008153155499,11月,BSC300T,92.0,$92.00
CYCPLUS T2 사이클링 홈 트레이너 다이렉트 드라이브 운동 자전거 훈련 자전거 롤러 ANT+ BLE 5.0 파워 미터,1005003968783405,11月,12S 11-34T cassette,328.14,$328.14
LTWOO eR9 전자식 로드 자전거 구동계,1005009605398605,11月,LTWOO eR9-Groupset,411.36,$411.36
XCADEY 로드 MTB 자전거 스파이더 기반 파워미터,1005008321550001,11月,EASTON 110BCD-4S,193.37,$193.37
XCADEY 로드 MTB 자전거 스파이더 기반 파워미터,1005008321550001,11月,Carbon 24mm-165mm,423.37,$423.37
RYET 풀 카본 로드 휠셋 자전거 초경량 1050g -  需退还样品,1005009377481656,11月,ZERO-G Carbon Wheel | DISC-Centrelock HG | T04 Carbon Spoke | CERAMIC BEARING | 50mm,576.19,$576.19
Edifier MR5 2.0 모니터 스피커 시스템 Bluetooth V6.0 LDAC 고해상도 무선 스피커 3방향 액티브 크로스오버 110W RMS,1005009103399159,11月,White,100.49,$100.49
기존 SHOKZ OpenRun Pro 2 S820 S821mini 블루투스 이어폰 IP55 방수 골전도 헤드폰 음악 스포츠 이어 버드,1005008561939766,11月,S820 Black,102.25,$102.25
"XIAOMI MIJIA 음파 진동 전동 칫솔 프로, 스마트 4가지 모드, 긴 배터리 수명, IPX8 방수, LED 스크린 및 여행용 잠금 장치",1005008535006200,11月,W Toothbrushes Head,23.58,$23.58
애완 동물 손질 키트 2.3L 진공 청소기,1005006699939821,11月,EU Plug,26.3,$26.30
K2 프로 차량용 DVR 4K 카메라 무선 카플레이,1005006640622538,11月,"Single Len, No TF Card",33.78,$33.78
"SOYO M4PLUS2 Mini PC: 8/16GB RAM, 256/512GBSSD, Intel Twin Lak N150, Windows 11Pro - Compact & Ideal for Home, Business & Gaming",1005006525654893,11月,16GB 512GB,101.08,$101.08
"Anker Laptop Power Bank, 25,000mAh Portable Charger with Triple 100W USB-C Ports for Multi-Device Charging For iPhone17",1005008753579553,11月,单一sku,52.87,$52.87
XIAOMI Mijia 공기 청정기 4 Lite AC-M17-SC 99.99% 강력한 항균 효과 저소음 작동 LED 디스플레이,1005008414613048,11月,Air Purifier 4 Lite | 6.0kg | CHINA | CN,65.6,$65.60
모션데스크,1005007500270347,11月,1.4M White,67.93,$67.93
Mixi 전면 노트북 포켓 여행 가방,1005005551612530,11月,Smoke White，20Inches,37.56,$37.56
JONR P1 로봇청소기 물걸레 미홈앱 음성제어 5000PA 2600mAh대용량 배터리,1005008255500278,11月,P1,58.25,$58.25
Logitech MX Master 3S Wireless Bluetooth Mouse Business Office Softtone Mouse Ergonomic Business Office Mouse,1005008489520149,11月,Black,56.83,$56.83
"Lenovo Xiaoxin Pad Pro GT 128GB 256GB Snapdragon 8 Gen 3 11.1"" 144Hz 3.2K Display 8860mAh 68W Charging Android Wifi7 Tablet PC",1005009876347872,11月,8G 256GB WIFI Grey,199.96,$199.96
마운틴하이커 5단 테이블 IGT 테이블 야외 캠핑용 휴대용 알루미늄 합금 초경량 접이식 캠핑 책상 BBQ 피크닉 IGT 테이블,1005009941952309,11月,Unit IGT Table 5,67.73,$67.73
Trustfire WL22 Flashlight 1900MM Telescopic Camping Lights 2200mAh Lanterns With Remote Control light for Outdoor Car Repair,1005008844741832,11月,CP.WL22,35.67,$35.67
AIRBANK PUFFER Pro 20PSI,1005007855695785,11月,D13PRO 5200mAh,48.15,$48.15
CROSSGUN Jet Turbo King Kong Jetfan Strong Fan Portable Handheld With LED Lighting Dust Elimination Computer hurricane storm X3,1005007781344048,11月,"Black, Type-C Charge",18.1,$18.10
MOSLIGHTING 야외 휴대용 손전등,1005007169257010,11月,MOS-LY01-G-2PCS,20.78,$20.78
캠핑용 웨건,1005006870373135,11月,FG-Black-7-4,20.28,$20.28
Li-Ning 남성 여성 FEIDIAN 5 ELITE 레이싱 운동화 슈퍼 붐 라이닝 탄소 섬유 플레이트 신발 미끄럼 방지 운동화,1005008363416406,11月,ARMV003-4 ,107.9,$107.90
361도 Flame 4.5 MIX,1005009580548620,11月,Green Blue,49.3,$49.30
361도 Flame 4.5,1005009577803491,11月,Yellow Red,80.1,$80.10
Li-Ning FEIDIAN 5 챌린저,1005008347394171,11月,ARMV001-2,60.45,$60.45
LiNing YUEYING 5 PRO,1005009095550226,11月,ARHV013-18,50.05,$50.05
Li-Ning 남성용 YUEYING 5 와이드 토 박스가 있는 최적화된 쿠션 런닝화 TEMPO BOUNSE 반사 리닝 스니커즈 ARHV015 ARHW003,1005009095399659,11月,ARHV015-14,28.55,$28.55
Xtep 2000km Plus,1005009029678670,11月,White Blue,37.62,$37.62
361도 Furious Future 2.0,1005008944383661,11月,white purple,98.5,$98.50
361도 하프 타임 런 2,1005008941002020,11月,blue green,43.5,$43.50
Xtep 원피스 3.0,1005008580595066,11月,Silver Gray,43.98,$43.98
Xtep QINGYUN,1005008494183241,11月,Black,49.0,$49.00
Xtep 360X 2.0,1005008358316983,11月,Blue Yellow,55.01,$55.01
Xtep Men's Running Shoes 2000km 3.0 2025 Spring Lightweight Cushioned Wear-Resistant Training Jogging Sneakers 875119110032,1005008671542679,11月,White,35.47,$35.47
361도 Furious ET,1005007532191112,11月,green blue,49.48,$49.48
361도 Furious 2.0,1005007463069010,11月,pink,70.19,$70.19
Xtep 160X 7.0 Running Shoes 2025 Professional Marathon Cushioning Shock Sneakers Combat PB Carbon Plate Sport Shoes 975319110039,1005009740436798,11月,Green,119.92,$119.92
Xtep 160X 6.5,1005009348762478,11月,White Pink,90.77,$90.77
Xtep 260X 2.0 2024,1005008227567416,11月,Light Green,64.65,$64.65
Xtep 160X 5.0,1005006006817294,11月,Yellow Orange Men,76.64,$76.64
Oakley CYBR DYNO 스포츠 선글라스,1005009767302984,11月,全sku,131.36,$131.36
Oakley Sutro Lite 사이클링 선글라스,1005009758806392,11月,9463A-03,131.36,$131.36
컵 홀더가 있는 알루미늄 프레임 롤링 수하물 휴대폰 홀더 전면 개방형 가방,1005009040074576,11月,"Silver, 27Inches",64.32,$64.32
CROSSGUN Jet Turbo King Kong Jetfan Strong Fan Portable Handheld With LED Lighting Dust Elimination Computer hurricane storm X3,1005007781344048,11月,"Black, Type-C Charge",18.1,$18.10
"샤오미 미지아 에어 펌프 2 25% 속도 부스트 미니 휴대용 전기 공기 압축기, 보물 150PSI, C 타입 LED 멀티툴 팽창기, 샤오미",1005008504578974,11月,Mijia 2,17.34,$17.34
메르세데스 벤츠용 머리 받침 목 지지대 시트,1005005168028532,11月,Black 2Pcs,7.81,$7.81
메르세데스 벤츠용 머리 받침 목 지지대 시트,1005005168028532,11月,Beige 2Pcs,7.73,$7.73
BATOCA Cordless 12V Car Polisher Dual Action Wireless Car Polishing Machine Electric Polish Machines Adjustment Power Tools,1005007443390537,11月,1 Batttery Set,20.97,$20.97
UTRAI 1500A Car Jump Starter Power Bank Portable 150PSI Air Pump Car Battery Emergency Boosters Starting Device Car Starter 2024,1005006967633770,11月,JS-9 1500A,42.33,$42.33
"Thinkrider X2Max 스마트 자전거 트레이너, MTB 도로 자전거 내장 파워 계량기, 홈 트레이너",1005007756833960,11月,X2 Max,155.49,$155.49
"알루미늄 합금 전기 펌프, 휴대용 자전거 공기 충전식 타이어 팽창기, Schrader Presta 슈레이더 프레스타 밸브, 실버 CYCLAMI A3 MAX, 150 PSI, 전동펌프, 전동자전거 펌프",1005007681840240,11月,A3 MAX,27.75,$27.75
RRSKIT 접이식 자전거 가방 Dahon ruhm 18-22 인치,1005007368249294,11月,For Dahon Set B,15.46,$15.46
웨스트 바이킹 접이식 자전거 수리 스탠드,1005006445202660,11月,Black,25.88,$25.88
"RYET 3D 프린팅 자전거 안장, 초경량 로드 MTB 자전거 레이싱 시트, 110g/160g 풀 카본 자전거 시트 쿠션 자전거 부품",1005006016969601,11月,X6 3D Saddle,25.43,$25.43
GEOID CC600 경로 탐색 자전거 GPS 컴퓨터 11개 언어 무선 자전거 속도계 자동 WIFI ANT+ 주행 거리계,1005007676156312,11月,CC600,29.79,$29.79
Shokz OpenFit 2 T920 Open Headsets,1005009074242381,11月,T920 Black,94.99,$94.99
MEROCA 서스펜션 스템,1005008624333538,11月,Folding Bike Stem,23.13,$23.13
iGPSPORT LW10,1005009895328679,11月,Black Classic,39.1,$39.10
WEST BIKING 3D Printed Bike Grips Ergonomic MTB Handle Grip Breathable Shock Absorption Bike Handlebar Grips Bicycle Accessories,1005009191798170,11月,3D Printed Ergonomic,18.03,$18.03
ROCKBROS 자전거 앞 바구니 16L,1005008690703154,11月,30110080001 | about 16L,22.53,$22.53
ThinkRider 실내 사이클링 데스크,1005008194262378,11月,Black,58.5,$58.50
패널 안티 킥 패드 프로텍터,1005009437766232,11月,MY Juniper TPE,18.02,$18.02
리어 트렁크 TPE 전체 커버 키트,1005009386027334,11月,half packaged 6PCS,35.82,$35.82
안드로이드오토 카플레이,1005009202949989,11月,Without Rear Camera,20.8,$20.80
도어 내측 수납 박스,1005008925511691,11月,Juniper 4pcs,14.26,$14.26
트렁크 사이드 박스,1005008918323569,11月,TYPE 3,10.58,$10.58
강화 유리 보호 필름,1005008843158873,11月,HD 3pcs,11.69,$11.69
TPE 트렁크 도어 보호 패드,1005009093154808,11月,MY Juniper 2025,15.69,$15.69
마그네틱 휴대폰 홀더,1005008682429973,11月,Combination set,12.02,$12.02
테슬라 플로어 매트 카펫,1005009312504373,11月,Extend the floor mat,48.99,$48.99
TPE 트렁크 매트,1005008407484006,11月,For Model Y 21-25,19.3,$19.30
TPE 좌석 레일 보호대,1005008289340597,11月,For Model Y Juniper,26.13,$26.13
CROSSGUN Jet Turbo King Kong Jetfan Strong Fan Portable Handheld With LED Lighting Dust Elimination Computer hurricane storm X3,1005007781344048,11月,"Black, Type-C Charge",18.1,$18.10
YZ 언더시트 수납 박스,1005006653661213,11月,Front ABS 2PCS,10.89,$10.89
트렁크 범퍼 가드,1005005987552484,11月,"Model Y Juniper 3pcs, Model Y",6.0,$6.00
CARSUN 휴대용 충전식 에어 펌프,1005005768360349,11月,Black,10.31,$10.31
레그 서포트 연장 시트 커버,1005009785811507,11月,"White 1 PC, Nappa Leather, MODEL 3 2017-2023",21.15,$21.15
Tesla Model3 Y Juniper 2025 중앙 제어 화면 숨겨진 자기 개폐 보관함 티슈 박스 보관 액세서리,1005009700324477,11月,M3Y Highland Juniper,13.96,$13.96
뒷자석 송풍구 보호 어댑터,1005008776186686,11月,Type-C and Type-C,13.39,$13.39
YZ for Tesla 모델 3 하이랜 모델 Y X S 2018-2025 스티어링 휠 노트북 트레이 여행용 책상 휴대용 사무실 테이블 자동차 액세서리,1005005982140019,11月,1PC,15.92,$15.92
중앙 콘솔 수납함,1005003792538781,11月,highland Juniper 4PC,9.79,$9.79
K2 프로 차량용 DVR 4K 카메라 무선 카플레이,1005006640622538,11月,"Single Len, No TF Card",33.78,$33.78
K2 프로 차량용 DVR 4K 카메라 무선 카플레이,1005006640622538,11月,"Dual Lens - GPS, No TF Card",41.03,$41.03
OBDPEAK K8 Pro 1.3인치 카플레이,1005009474170601,11月,"Single Len, No TF Card",45.82,$45.82
OBDPEAK K8 Pro 1.3인치 카플레이,1005009474170601,11月,"Dual Lens-GPS, No TF Card",54.67,$54.67
Imagebon H70 Pro 11.4 ″ 무선 카플레이,1005008154680737,11月,H70 Pro | NO TF Card,56.99,$56.99
Imagebon H70 Pro 11.4 ″ 무선 카플레이,1005008154680737,11月,H70 Pro Full Set | NO TF Card,68.15,$68.15
JMCQ 10인치 카플레이 차량용 스마트 스크린,1005007359322335,11月,10 inch,28.62,$28.62
JMCQ 10인치 카플레이 차량용 스마트 스크린,1005007359322335,11月,10 inch camera,30.86,$30.86
FiiO K13 R2R 데스크탑 DAC and Headphone Amplifier,1005009927075048,11月,K13R2R black,230.81,$230.81
HIDIZS MK12 Turris 12mm 91% 순수 마그네슘 다이어프램 HiFi 이어폰,1005009727940309,11月,Grey 4.4mm,117.15,$117.15
FiiO/Snowsky 멜로디 헤드폰 앰프 4.4mm 및 3.5mm,1005009636807341,11月,maple color,25.87,$25.87
HeartField CU8 Quad-BA 인이어 모니터링 이어폰,1005009233668961,11月,4.4mm,196.1,$196.10
SMSL DS20 휴대용 DAC 및 헤드폰 앰프,1005009075501852,11月,SMSL DS20,116.49,$116.49
Anker SOLIX C300 DC 전원 은행 스테이션 실외 288Wh(90000mAh) 여러 장치용 휴대용 발전소 LiFePO4 배터리,1005008896444715,11月,"Dark Grey, EU ,300W - 500W",164.36,$164.36
VJOYCAR 새로운 Y Juniper OEM 크롬 도어 핸들,1005009458489370,11月,New Y Juniper,105.0,$105.00
"테슬라 T1-카라오케 마이크, USB-A 및 USB-C 수신기가 있는 충전식 카라오케 마이크, 플러그하여 사용, 페어링 필요 없음",1005009225665844,11月,Two Mics,41.13,$41.13
"ETENWOLF ZEPHYR S3C Portable Air Compressor 100% Duty Cycle Car Tire Inflator 7800mAh for Cars, Motorcycles, Bicycles Balls",1005008295800556,11月,S3se orange,22.32,$22.32
바토카 S4 무선 자동차 광택기 무선 자동차 폴리싱 머신 3mm/12mm 랜덤 오비탈 무료 2개 2.0Ah 리튬 배터리,1005006140691588,11月,SET 1， 220V-230V,81.79,$81.79
"신형 디지털 자동 전동 선쉐이드 (앰비언트 LED 조명 포함, 음성 제어 기능 탑재)",1005009723528842,11月,New Model Y Juniper,322.49,$322.49
70mai T800 3채널 HDR 차량용 블랙박스,1005008263175301,11月,"T800-2 n HWK UP03, 70mai UHS-I U3 256GB",183.07,$183.07
70mai t800e 3채널 HDR 블랙박스 询价时是不含卡的价格 不另外设券,1005007523418871,11月,"T800e set n hw up03, UHS-I U3 64GB",86.93,$86.93
UGREEN-PD 100W USB C to USB C 충전 케이블,4001132667842,11月,100W Double Angle， 2m,4.79,$4.79
LAMZU PARO - White + Aurora,1005008858314321,11月,PARO -White + Aurora 接收器,92.0,$92.00
LAMZU PARO - White + Aurora,1005008858314321,11月,PARO-Black + Aurora 接收器,92.0,$92.00
WLmouse Beast X Max Mouse,1005010038703929,11月,Non-openLight Black,108.0,$108.00
WLmouse Beast X Max Mouse,1005010038703929,11月,Non-openLight White,108.0,$108.00
WLmouse Beast X Max Mouse,1005010038703929,11月,Non-openLight Gray,108.0,$108.00
ATK BlazingSky F1 익스트림 무선 게임용 마우스,1005008271046660,11月,White F1 Extreme,45.83,$45.83
ATK BlazingSky F1 익스트림 무선 게임용 마우스,1005008271046660,11月,Black F1 Extreme,45.83,$45.83
Wlmouse Beast X 미니 프로 경량 무선 게이밍 마우스,1005009902142715,11月,Baixian ohm no hole,108.0,$108.00
Wlmouse Beast X 미니 프로 경량 무선 게이밍 마우스,1005009902142715,11月,Yinshan ohm no hole,108.0,$108.00
MCHOSE G3 울트라 무선 게이밍 트라이 모드 마우스,1005009980181277,11月,G3 Ultra White,28.0,$28.00
Logitech PRO X  SUPERLIGHT 2 GPW3 Wireless Mouse Gaming Mouse Gpw Second Generation Upgrade Hero2 Sensor,1005009980214956,11月,Hawk Eye Pink,100.02,$100.02
LAMZU Maya X 무선 게임용 마우스,1005008339300887,11月,White-8K Receiver,101.0,$101.00
Gulikit Hyperlink2 Adpater,1005009922759295,11月,PC05,10.15,$10.15
ES Pro (White),1005009733460516,11月,White,19.85,$19.85
Gulikit Elves 2 (Pink),1005009684977274,11月,Coral Red,18.28,$18.28
8Bitdo Retro R8 (N Edition),1005009103814947,11月,N Edition,29.18,$29.18
Mobapad Huben 2 (Pink),1005009370414361,11月,PINK,48.93,$48.93
Machenike G6 V2 (White),1005009946029736,11月,WHITE,24.02,$24.02
"GameSir G7 Pro Xbox 게임 컨트롤러 유선 게임패드 (Xbox Series X용) | S, Xbox One X | S, 스팀, PC, 충전 도크가 포함된 안드로이드",1005009691003184,11月,Mech White,50.49,$50.49
ZD Ultimate Legend 品牌限价 价格上涨,1005009718176935,11月,Ultimate Legend,67.68,$67.68
Retroid Pocket Flip2 휴대용 게임 콘솔 5.5'' AMOLED 화면 DP 출력 금어초 MediaTek 프로세서 활성 냉각 Android OS,1005010119088720,11月,"그레이,SD865",194.72,$194.72
TangZu WanerII 다이나믹 드라이버 이어폰 형 이어폰 고품질 사운드 편안한 착용 유선 이어 버드 WanerII 사전 주문,1005008843899377,11月,Black TYPE-C MIC,12.89,$12.89
TangZu WanerII 다이나믹 드라이버 이어폰 형 이어폰 고품질 사운드 편안한 착용 유선 이어 버드 WanerII 사전 주문,1005008843899377,11月,White TYPE-C MIC,12.85,$12.85
HIFIMAN 아난다 스텔스 자석 오픈 백 오버 이어 풀 사이즈 평면 마그네틱 하이파이 헤드폰,1005005585261297,11月,black,188.26,$188.26
AULA F108 Pro 게이밍 기계식 키보드 트라이 모드 커스텀 멀티 노브 스크린 RGB e스포츠 무선 키보드 TFT 스마트 디스플레이 탑재,1005008489394609,11月,Grey White Blue,27.38,$27.38
ATK VXE MAD R/R MAJOR 무선 E-스포츠 게임용 마우스 초경량 듀얼 모드 PAW3395/3950 인체공학적 마우스 표준 8K,1005007713492510,11月,MAD R Plus (White),30.78,$30.78
AULA F87 Pro 가스켓 게임용 기계식 키보드 75% TKL 레이아웃 무선 핫 스왑 RGB 맞춤형 Bluetooth 키보드 2024 새로운 색상,1005006838602057,11月,"Star Trek, Graywood V3 Switch",21.31,$21.31
"ZEUSLAP 16"" 2.5K 144hz Portable Monitor 2560*1600 16:10 100%sRGB 500Cd/m²  Travel Gaming Display for Laptop Switch ps4 ps5 Xbox",1005006384112217,11月,/,77.4,$77.40
Edifier M60 Compact Desktop 2.0 Speakers Hi-Res Audio Wireless LDAC Bluetooth 5.3 USB-C AUX Inputs Support EQ Setting 66W RMS,1005007612849331,11月,White EU-Plug,72.3,$72.30
"WOB Rainy75 기계식 키보드, 무선 트라이 모드, 알루미늄 합금, 핫 스왑, RGB 맞춤형 게이밍 키보드, 노트북 액세서리",1005007580613805,11月,Sliver-Standard,61.0,$61.00
Foreverlily 26W 브러시리스 모터 고출력 목 어깨 마사지기 무선 목어깨 마사지기 목어깨마사지기 충전식 목어깨 안마기 목 어깨 마사지베개 목 마사지 목안마기 목마사지기 어깨 안마 어깨 마사지 어깨안마기 어깨마사지기 등 마사지 등마사지기 등안마기 허리안마 허리마사지 종아리 안마 종아리마사지 승모근 마사지,1005007512788964,11月,26W-Grey,12.47,$12.47
QCY MeloBuds Pro ANC Bluetooth 5.3 이어폰 무선 46dB 하이브리드 ANC 고해상도 LDAC 이어 버드 6 마이크 헤드폰 34H 이어폰 감지,1005006959700436,11月,WHITE,22.29,$22.29
"XIAOMI MIJIA 컴퓨터 모니터 라이트 바 1S, 학생 눈 보호 독서 학습을 위한 높은 CRI, 무선 원격, 화면 눈부심 없음",1005007311692313,11月,Monitor Light Bar 1S,25.1,$25.10
"Nintendo Switch, Switch 2, Windows 10/11용 8BitDo Ultimate 2 Bluetooth 컨트롤러 무선 게임패드(TMR 조이스틱 액세서리 포함)",1005008818912800,11月,White,35.11,$35.11
닌텐도 스위치/OLED/스위치2용 하기비스 스위치 독 USB C to HDMI 케이블 어댑터 8K@60Hz HDR 100W PD (노트북 SteamDeck ROG용),1005008223666431,11月,Black Gold -8K60Hz,8.88,$8.88
"FRAMEO 디지털 액자 - 1920*1080 IPS 터치 스크린 HD 디스플레이, 내장 32GB 스토리지, Wal을 갖춘 15.6인치 디지털 사진 프레임",1005008169339409,11月,15.6   WIFI,59.52,$59.52
"FRAMEO 디지털 액자 - 1920*1080 IPS 터치 스크린 HD 디스플레이, 내장 32GB 스토리지, Wal을 갖춘 15.6인치 디지털 사진 프레임",1005007484399599,11月,brown EU,30.14,$30.14
SmallRig 휴대용 Focusable RF 10C LED 비디오 라이트 4 색 미니 스포트라이트 10W CRI 96 TLCI 98 결혼식 라이브 스트리밍 비디오,1005007378538508,11月,LED Video Light,31.27,$31.27
"UGREEN 지갑 찾기, 스마트 태그 Bluetooth 추적기 수하물 태그용 카드 항목 찾기 Apple Find My App이 포함된 여권(iOS만 해당)",1005008349940884,11月,4-Pack | CHINA,50.65,$50.65
RC ERA C184 미니 MD500 광학 흐름 센서 스케일 마이크로 RC 헬리콥터 성인 초보자용 원격 조종 취미 장난감 선물,1005009762905899,11月,with transmitter,37.79,$37.79
QCY Crossky C30S 오픈 이어 무선 이어폰 LDAC 이어 클립 이어버드가 포함된 고해상도 Bluetooth 6.0 클립 온 OWS 스포츠 헤드폰 40시간,1005008965197230,11月, BLACK,20.21,$20.21
"Global Version Xiaomi Smart Band 10 1.72"" AMOLED Display Health Fitness Sleep Management 5ATM Waterproof Mi HyperOS 2 Bracelet",1005010226254794,11月,"Black n black strap,CHINA",44.0,$44.00
Xtep Women Running Shoes 2000km 3.0 2025 Spring Lightweight Cushioned Wear-Resistant Training Jogging Sneakers  875118110034,1005008304783235,11月,"White,38|(所有sku共计备货200即可）",42.44,$42.44
Xtep Men's Running Shoes 2000km 3.0 2025 Spring Lightweight Cushioned Wear-Resistant Training Jogging Sneakers 875119110032,1005008671542679,11月,"Black,43|(所有sku共计备货200即可",39.47,$39.47
Li-Ning Men RED HARE 8 레이싱 운동화 LIGHT FOAM ULTRA 반사 쿠션 안정적인 신발 LiNing Light Sneakers ARPV001,33002418514,11月,,25.5,$25.50
SPTA LD105 12V Mini Cordless Car Polisher Wireless Polishing Machine With Flexible Shaft Kit A&RO Polisher 2pcs2.0Ah Battery,1005006347967984,11月,"mini polisher set,CN,220V-230V",115.19,$115.19
UTRAI 1500A Car Jump Starter Power Bank Portable 150PSI Air Pump Car Battery Emergency Boosters Starting Device Car Starter 2024,1005006967633770,11月,"JS-9 1500A,CHINA",42.33,$42.33
Original New Xiaomi Mijia Wireless Car Washer 2 160L/h Large Water Volum Efficient Flushing High Pressure Wireless cleaning,1005009436398856,11月,Black,32.88,$32.88
"SPTA  2.25L/76 oz Electric Pressurized Soap Sprayer,Pressure Foam Sprayer, Car Foam Sprayer, Cordless Pump Sprayer",1005008708512635,11月,"SPTA  2.25L/76 oz Electric Pressurized Soap Sprayer,Pressure Foam Sprayer, Car Foam Sprayer, Cordless Pump Sprayer",18.55,$18.55
"샤오미 미지아 에어 펌프 2 25% 속도 부스트 미니 휴대용 전기 공기 압축기, 보물 150PSI, C 타입 LED 멀티툴 팽창기, 샤오미",1005009121379696,11月,Mijia Air Pump 2 Pro,27.17,$27.17
CENRR 자동차 진공 청소기 미니 998000 PA 가전제품 휴대용 송풍기 자동차 청소기용 강력한 무선 휴대용 진공 청소기,1005008343221315,11月,MAX Black 4hepa YL,15.5,$15.50
에텐울프 제피르 S3/S5 휴대용 타이어 공기 주입기 100% 작동률 7800/15600mAh 자동차 자전거 공기 펌프 (신제품),1005007749000609,11月,S5,39.99,$39.99
Foamboss 전기 거품 분무기 세차 홈 가든 깨끗한 자세히 눈 거품 대포 고압 물,1005006807256207,11月,black | Battery Powered,25.63,$25.63
"Karcher 창 유리 청소기, 시간과 물 절약, 강력한 흡입, 고효율, LED 전원 시각 청소 기계",1005008621935076,11月,WHITE | Battery Powered,29.76,$29.76
"Baseus 접이식 자동차 뒷좌석 트레이 노트북 책상, 자동차 테이블, 머리 받침 브래킷, 자동차 컵, 전화 거치대",1005007992891167,11月,	black,51.99,$51.99
CENRR 새 자동차 진공 청소기 강력한 흡입 가전 제품을위한 강력한 무선 휴대용 자동차 클리너 생일 선물 제공,1005009595519095,11月,CE203-4hepa Bag,21.28,$21.28
Baseus 20000mAh 자동차 점프 스타터 보조베터리 2000A 20000mAh 자동차 배터리 충전기 자동 비상 부스터 시작 장치 점프 시작,1005003118120456,11月,	20000mAh 2000A | CHINA,50.32,$50.32
ML14,1005010205925009,11月,white,54.0,$54.00
Xtep Men's Running Shoes 2000km 3.0 2025 Spring Lightweight Cushioned Wear-Resistant Training Jogging Sneakers 875119110032,1005008671542679,11月,silver 44,39.47,$39.47
Xtep 160X 6.0 PRO 남성용 운동화 안정적인 지지력 내구성이 뛰어난 전문 마라톤 레이싱 마라톤 라이트 스니커즈,1005009628408940,11月,blue 44,129.39,$129.39
361 Degrees Flame 4.5 MIX Men Running Shoes Carbon Plate Marathon Stable Rebound Cushioned Airy Traction Male Sneaker 672532217F,1005009623987171,11月,greenblue 44,57.92,$57.92
Li-Ning 남성 여성 FEIDIAN 5 ELITE 레이싱 운동화 슈퍼 붐 라이닝 탄소 섬유 플레이트 신발 미끄럼 방지 운동화,1005008363416406,11月,ARMV003-25;44,107.9,$107.90
ONEMIX Pace Beam 마라톤 운동화 남성용 Anti-slip 초경량 리바운드 운동화 탄소판 스포츠 워킹 스니커즈,1005007340673151,11月,black 10,55.2,$55.20
KAILAS Fuga EX3 GTX 방수 트레일 운동화 남성 야외 스포츠 아치 지원 통기성 경량 운동화 KS2513109,1005009673644659,11月,EX3 BOA Light Gray; 44,161.35,$161.35
Garmin Forerunner 265 Running Smartwatch 1.3'' 다채로운 AMOLED 디스플레이 GPS 13일 배터리 수명 수면 모니터링 피트니스 트래커,1005010226417498,11月,white 46mm 265,308.6,$308.60
"SoundPEATS PearlClip Pro 무선 이어폰, 블루투스 5.4 오픈이어 이어버드, AI ENC 클리어 통화, 멀티포인트 연결, IPX5",1005008483401507,11月,white,22.59,$22.59
Sanag Z60S 이어 클립 OWS 이어폰 HiFi 사운드 오픈 이어 이어 버드 Audífonos Bluetooth 무선 헤드폰 플래시 세일 Chioce 헤드셋,1005008380726585,11月,white,12.3,$12.30
ONEMIX 2025 New Carbon Plate Marathon Running Shoe Pro Tests Stable Support For Shock-absorbing Ultralight Bounce Sneakers,1005007264100496,11月,pink 44,23.89,$23.89
论坛,1004805177,11月,,9.0,$9.00
Jonr S20 PRO Wireless Smart Mopping Machine Model - Lie Flat Voice Broadcast Single Row Edge Cleaning Feature,1005008653745367,11月,"S20 PRO,CHINA,KR",90.89,$90.89
"로지텍 G502 X 고급 에디션 게이밍 마우스, 광학 기계식 하이브리드 마이크로 HERO 엔진, 신제품",1005010195377465,11月,Wireless White,47.17,$47.17
AULA F87 Pro V2 3모드 무선 기계식 키보드 12000mAh 긴 배터리 수명 E-스포츠 키보드 핫스왑 RGB 커스텀 PC 게이밍,1005010000572105,11月,Blackberry-Begonia S,33.5,$33.50
오리지널 레노버 샤오신 100P 프로젝터 1140 ANSI 자동 초점 Wifi6 스마트 홈시어터 360도 PTZ 지원 4K HD 휴대용 프로젝터,1005007861114271,11月,Xiaoxin 100P,107.7,$107.70
Baseus MC1 Pro Ear Clip Wireless Earphones Bluetooth 6.0 Hi-Res Ultra Open Earbuds earrings 4-Mic ENC Clip on ear buds Headphone,1005009338441815,11月,Cosmic Black,29.8,$29.80
"UGREEN 지갑 찾기, 스마트 태그 Bluetooth 추적기 수하물 태그용 카드 항목 찾기 Apple Find My App이 포함된 여권(iOS만 해당)",1005008349940884,11月,2-Pack,24.9,$24.90
Edifier M60 Compact Desktop 2.0 Speakers Hi-Res Audio Wireless LDAC Bluetooth 5.3 USB-C AUX Inputs Support EQ Setting 66W RMS,1005007612849331,11月,White EU-Plug,72.3,$72.30
Baseus GaN 충전기 범용 여행용 어댑터 내장 70W 접이식 케이블 2AC 2 USB-A Type-C 고속 충전 EU/UK/USA/AUS,1005009205983512,11月,Black,23.49,$23.49
soundcore Anker Space Q45 적응형 소음 차단 헤드폰 매우 긴 50H 재생 시간 앱 제어 고해상도 사운드 Bluetooth 5.3-,1005010050057983,11月,White,50.65,$50.65
CROSSGUN Jet Turbo King Kong Jetfan Strong Fan Portable Handheld With LED Lighting Dust Elimination Computer hurricane storm X3,1005007781344048,11月,"Black, Type-C Charge",18.1,$18.10
Anker Prime 735 보조베터리 20000mAh 200W 20K 휴대용 충전기 휴대용 보조베터리 대용량 20000mAh 배터리 예비 배터리,1005006067543904,11月,"Black, 20000mah",53.19,$53.19
WESTTUNE 캠핑 침대 휴대용 접이식 침대 야외 하이킹 배낭 여행을위한 초경량 알루미늄 합금 슬리핑 침대,1005006352759050,11月,Black,18.45,$18.45
휴대용 캠핑 랜턴 다기능 LED 캠핑 라이트 마그네틱 베이스와 삼각대가 있는 방수 야외 라이트 랜턴,1005008989341806,11月,RHL1,7.87,$7.87
1500LM 휴대용 야외 캠핑 조명 USB 충전식 램프 LED 비상 램프 높은 전력 텐트 랜턴 야간 조명,1005008648016575,11月,black,10.84,$10.84
화재 단풍 나무 해바라기 X 가스 캠핑 스토브 다기능 휴대용 가스 히터 캠핑을위한 적외선 방사선 따뜻한 가스 버너,1005008549328025,11月,SunflowerX,39.81,$39.81
"네이처하이크 캠핑 문 체어, 고하중 초경량 야외 의자, 접이식 통기성 여행 피크닉 낚시 정원 의자, 2025 신제품",1005008413065825,11月,Green,19.11,$19.11
티아티산 티타늄 호리병 컵,1005009785841063,11月,Ice crystal set ,14.16,$14.16
플렉스테일 제로펌프,1005007142361622,11月,ZERO PUMP,20.07,$20.07
Naturehike Camping Box 60L Large Capacity Folding Storage Box 25L 30L 50L Home Bedside Table Outdoor Travel Picnic PP Sundry Box,1005006056056919,11月,50L,14.88,$14.88
BISINNA 캠핑 왜건 카트 접이식 유틸리티 헤비 듀티 대용량 트롤리 야외 쇼핑 피크닉 접이식 핸드 트럭,1005008951835689,11月,Brown,32.59,$32.59
IGT 전술 테이블 Spliceable,1005007267339080,11月,89X45cm Table B,19.69,$19.69
CROSSGUN Jet Turbo King Kong Jetfan Strong Fan Portable Handheld With LED Lighting Dust Elimination Computer hurricane storm X3,1005007781344048,11月,"Black, Type-C Charge",18.1,$18.10
Baseus MC1 Pro Ear Clip Wireless Earphones Bluetooth 6.0 Hi-Res Ultra Open Earbuds earrings 4-Mic ENC Clip on ear buds Headphone,1005009338441815,11月,Cosmic Black,29.8,$29.80
타우르스 이너+플라이,1005006667575613,11月,Taurus 1 set -black,170.42,$170.42
Fireproof 2 Person Winter Tent Hot Tent Waterproof Tunnel Dome Tent with Stove Jack and Snow Skirt for Camping Hiking 4 Season,1005008290656063,11月,Olive green|Wolf brown,45.43,$45.43
네이처하이크 양자리 터널 텐트 캠핑 야외 여행 4 시즌 확장 루프 텐트 4-6인용 측지 이중 레이어 대형 텐트,1005008298279408,11月,Khaki | CHINA,117.75,$117.75
PMO 오로라 80 E-스포츠 기계식 키보드 RGB 라이트 다이내믹 뮤직 트라이 모드 80% 사이즈 알루미늄 바디 핫 스왑 가스켓 게이밍 오피스,1005010519708781,3月,Qingzhu Axis（비RGB）,60.32,$60.32
PMO 오로라 80 E-스포츠 기계식 키보드 RGB 라이트 다이내믹 뮤직 트라이 모드 80% 사이즈 알루미늄 바디 핫 스왑 가스켓 게이밍 오피스,1005010519708781,3月,Qingzhu Axis（RGB),70.95,$70.95
PMO 오로라 80 E-스포츠 기계식 키보드 RGB 라이트 다이내믹 뮤직 트라이 모드 80% 사이즈 알루미늄 바디 핫 스왑 가스켓 게이밍 오피스,1005010519708781,3月,Moon God Axis|Aurora Purple Axis,78.3,$78.30
Logitech MX Master 3S 무선 Bluetooth 마우스 비즈니스 오피스 소프트톤 마우스 인체공학적 비즈니스 오피스 마우스,1005011668949401,3月,White,53.15,$53.15
LOFREE 블록 무선 기계식 게이머 키보드 가스켓 98키 3모드 키보드 핫스왑 레트로 블록 게이밍 키보드 노트북 PC용,1005010257097566,3月,BLOCK Keyboard,81.17,$81.17
NuPhy Node100 기계식 키보드 로우 액시스 무선 트라이 모드 하이 액시스 사일런트 4000mAh PC e스포츠 노트북 게이밍 키보드 Node75,1005010685511816,3月,"Node75 Max High Axis, Super Tea Axis",51.0,$51.00
NuPhy Node100 기계식 키보드 로우 액시스 무선 트라이 모드 하이 액시스 사일런트 4000mAh PC e스포츠 노트북 게이밍 키보드 Node75,1005010685511816,3月,"Node100 Max High Axi, Daifen Axis",69.0,$69.00
"로지텍 G PRO X Superlight 2 SE 무선 게이밍 마우스, HERO 2 센서, 44000DPI, 888IPS, G 허브, Type-C 인터페이스",1005011703502630,3月,red7474,76.58,$76.58
"로지텍 G PRO X SUPERLIGHT 2c 무선 게이밍 마우스, 51g, HERO 2 센서 최대 44000DPI 및 888IPS, 8KHz 지원",1005011707902450,3月,black 7535,93.97,$93.97
AULA F87 Pro V2 3모드 무선 기계식 키보드 12000mAh 긴 배터리 수명 E-스포츠 키보드 핫스왑 RGB 커스텀 PC 게이밍,1005011689530817,3月,Black Mist Meteor Sw|20802,39.31,$39.31
AULA F87 Pro V2 3모드 무선 기계식 키보드 12000mAh 긴 배터리 수명 E-스포츠 키보드 핫스왑 RGB 커스텀 PC 게이밍,1005011689530817,3月,"20710, WhiteContour10000mAh",30.1,$30.10
누피 ®   Nuphy Air75 V3 무선 로우 프로파일 기계식 키보드,1005009948741198,3月,"Nova White, Red nano",98.78,$98.78
NuPhy Kick75 하이브리드 프로파일 맞춤형 기계식 키보드(QMK 및 VIA 펌웨어),1005011661378910,3月,IO,81.41,$81.41
NuPhy Kick75 하이브리드 프로파일 맞춤형 기계식 키보드(QMK 및 VIA 펌웨어),1005011661378910,3月,QMK,71.11,$71.11
KingBank KJXS DDR5 SILVER HEATSINK SERIES  16GB / 16GBx2 6000MHz CL36 Dual Channel Kit High-Speed Computer RAM,1005010528149675,3月,"1ram,DDR5",204.65,$204.65
JUHOR DDR5 16GB 4800MHz 5600MHz 6000MHz  RAM UDIMM for Computer PC Desktop Memory Ram DDR5,1005010527122304,3月,DDR5 16G 4800MHz,150.0,$150.00
"BATOCA S4 무선 자동차 광택기, 미니 나노 무선 연마기 키트, 퀵 체인지 헤드, 브러시리스 모터, 3mm, 12mm 궤도",1005010306223698,3月,2 Battery Set 2,101.68,$101.68
TPCELL 8/10Ah PD100W 18V 21700 셀 배터리 USB-C 커넥터 포함 MKT 18V 전동 공구용 리튬이온 교체 배터리 LXT BL1850 BL1840,1005010705299963,3月,MT 8Ah PRO PD,48.0,$48.00
"XIAOMI MIJIA 자동차 진공 청소기 21kPa 흡입, Type-C 고속 충전, 150mL 먼지 컵, 가정용 무선 진공 청소기, 2400mAh 배터리",1005009139287286,3月,Car Cleaner,37.29,$37.29
X70 1500W 터보 블로워 제트 팬 64MM 브러시리스 모터 2800g 추력 강력한 에어 블로워 자동차 눈 청소용 마키타/디월트/밀워키용,1005009785451800,3月,For Makita，For Dewalts,34.13,$34.13
"880000RPM 터보 팬 제트 강력한 에어 블로워 10000mAh 600g 추력 70m/s 바람 브러시리스 먼지 제거기, 자동차용 진공 잎 제거 건조기",1005009897116598,3月,F02-AS-black,21.19,$21.19
"UWANT V500 무선 청소기, 도킹 스테이션 포함, 자동 먼지 비움 기능 탑재, 230,000Pa의 강력한 흡입력, 미세먼지를 감지하는 마이크로 그린 라이트, LED 디스플레이 탑재, 작고 가벼운 디자인, 최대 40분간 사용",1005010661950273,3月,,74.03,$74.03
"강력한 휴대용 터보 제트 선풍기, 자동차 강력한 공기 송풍기, 고속 64mm 브러시리스 모터 추력 1600g 세차 에어건 건조기, 1100W",1005008380138687,3月,for Makita，for Dewalt,35.01,$35.01
ETENWOLF ZEPHYR S3 휴대용 타이어 팽창기 100% 듀티 사이클 160 PSI 자동차 공기 압축기 7800mAh 자동차 오토바이 공 (신규),1005007649257337,3月,bright orange,26.7,$26.70
DeWalt 20V 배터리 용 TPCELL 8Ah/10Ah Dewalt 18V/20V 도구 배터리와 호환되는 21700 DCB200 교체 용 배터리,1005007339098972,3月,DW8Ah PRO,39.21,$39.21
TPCELL PD65W 4/5/6AH 디월트 18V/20V 배터리용 타입-C 입출력 전동 공구 리튬 이온 교체 배터리 DCB184,1005011551433973,3月,DW 6Ah PRO PD,41.5,$41.50
Anker SOLIX C300 DC 전원 은행 스테이션 실외 288Wh(90000mAh) 여러 장치용 휴대용 발전소 LiFePO4 배터리,1005008896444715,3月,,167.36,$167.36
"전면 개폐형 노트북 수납 가능 여행용 대용량 트롤리 가방, 컬러풀한 회전 바퀴 장착",1005010401476329,3月,white，20寸,51.53,$51.53
Qi1/Qi2.2 접이식 3-in-1 마그네틱 무선 충전 스테이션 아이폰 12~17 시리즈 에어팟 아이워치 휴대용 여행용 충전기,1005010669491002,3月,Qi2.2-Orange,17.22,$17.22
Qi2.2 3-in-1 메탈 마그네틱 무선 충전기 25W 고속 충전 스테이션 360 °   아이폰 17 16 15 워치 에어팟용 회전 접이식,1005010578598399,3月,Silvery,24.12,$24.12
샤오미 미지아 에어 펌프 2프로 스피드 부스트 미니 휴대용 전기 자동차 타이어 컴프레서 트레저 150PSI 멀티툴 인플레이터 인젝터,1005007571395947,3月,Air Pump 2Pro,35.04,$35.04
Joyroom Qi2 Magnetic Charging Station for Apple Fast Wireless Charger for iPhone 17 16 15 Pro Max for iWatch for AirPods JR-W23,1005009615468296,3月,,22.46,$22.46
"KICA Jetfan Ultra 45m/s 압축 공기 더스터 전기 송풍기 LED 조명 휴대용 무선 116000 RPM 충전식, 4000mAh",1005008554889527,3月,,47.63,$47.63
"KiCA 제트팬 맥스 785W 핸드헬드 팬 터보 풍속 85000RPM 이상&900g, 6x4000mAh 알루미늄 합금 소재 최대 5.5시간",1005008180061066,3月,,99.5,$99.50
다기능 운반 가방 전면 개방형 노트북 탑승 케이스 USB 충전 트롤리 케이스 20 인치 ABS + PC 여행용 수하물,1005007696910748,3月,,50.3,$50.30
ESSAGER 240W USB C to C 케이블 PD3.1 6A 초고속 충전 케이블 아이폰16 15 샤오미 삼성 S23 화웨이 맥북용,1005006304425302,3月,C-C 240W 1M,3.52,$3.52
olaf USB C to USB C 케이블 100W 아이폰 16 15 플러스 프로 맥스용 접이식 케이블 맥북 아이패드 고속 충전 케이블 데이터 케이블,1005009553022238,3月,C-C Black,2.01,$2.01
"Anker Laptop Power Bank, 25,000mAh Portable Charger with Triple 100W USB-C Ports for Multi-Device Charging For iPhone17",1005008753579553,3月,"grey,20001mAh-25000mAh,China Mainland",53.39,$53.39
"GL.iNet 베릴 AX MT3000 포켓 사이즈 와이파이 6 무선 여행 기가비트 라우터, 사이버 보안, 테더링, RV, 부모 제어",1005005454572301,3月,GL-MT3000-EU UK US,69.38,$69.38
투키 PD 100W USB 접이식 케이블 C타입 to C타입 고속 충전 케이블 (아이폰 15 16 Pro Max 샤오미12 13 삼성 S23 S24 호환),1005009466301312,3月,3Pcs Gray,7.25,$7.25
"QCY MeloBuds N70 ANC 무선 이어버드, 블루투스 6.0, 적응형 노이즈 캔슬링, LDAC, 고해상도 오디오, 6개 마이크, ENC 이어폰, 50시간 재생, 무선 충전, 헤드폰, 인이어 감지",1005009361746399,3月,BLACK,26.87,$26.87
베이스어스 MC1 Pro 베이스어스 보위 이어 클립 무선 이어폰 블루투스 6.0 하이레졸 울트라 오픈형 이어버드 귀걸이 4-마이크 ENC 클립온 이어버드 헤드폰 클립형 이어폰,1005010724623265,3月,Cosmic Black,21.49,$21.49
"쇼크즈 오픈핏 2+ T921 오픈형 이어폰 돌비 오디오 무선 블루투스 이어폰, 듀얼부스트 기술 AI 노이즈 감소",1005009961437697,3月,T921 Black,100.27,$100.27
기존 SHOKZ OpenRun Pro 2 S820 S821mini 블루투스 이어폰 IP55 방수 골전도 헤드폰 음악 스포츠 이어 버드,1005008561939766,3月,S820 Black,100.78,$100.78
기존 SHOKZ OpenRun Pro 2 S820 S821mini 블루투스 이어폰 IP55 방수 골전도 헤드폰 음악 스포츠 이어 버드,1005008561939766,3月,S821MINI black,100.78,$100.78
Edifier ES20 Portable Bluetooth Speaker Wireless Speaker IP67 Waterproof Light Effects Outdoor Speakers Deep Bass with Mic,1005008551195344,3月,Black,29.24,$29.24
레노버 리전 Y700 2025 CN 안드로이드 패드 4세대 TB322FC 게이밍 태블릿 12/256GB 16/512GB 스냅드래곤 8 엘리트 8.8인치 165Hz 7600mAh 태블릿,1005010120015183,3月,12GB 256GB White,320.0,$320.00
"Lenovo Xiaoxin Pad Pro GT 128GB 256GB Snapdragon 8 Gen 3 11.1"" 144Hz 3.2K Display 8860mAh 68W Charging Android Wifi7 Tablet PC",1005011785060188,3月,8GB 256GB grey,190.15,$190.15
GMKtec G2 Mini PC Windows 11 Pro Intel 12.a generación Alder Lake N100 Mini PC DDR5 12GB RAM 512GB ROM WiFi 6 BT5.2 computadora de escritorio,1005009999376748,3月,"N95,8+256GB",128.47,$128.47
"WOB Rainy75 기계식 키보드, 무선 트라이 모드, 알루미늄 합금, 핫 스왑, RGB 맞춤형 게이밍 키보드, 노트북 액세서리",1005007580613805,3月,Black-Standard,72.11,$72.11
MOVESPEED SU10 1090MB/s 솔리드 스테이트 펜드라이브 2TB 1TB 512GB 256GB 128GB LCD USB3.2 Gen2 타입 C 플래시 드라이브 아이폰 15/16/17 PC용,1005010165869274,3月,512GB,84.5,$84.50
MOVESPEED SU10 1090MB/s 솔리드 스테이트 펜드라이브 2TB 1TB 512GB 256GB 128GB LCD USB3.2 Gen2 타입 C 플래시 드라이브 아이폰 15/16/17 PC용,1005010165869274,3月,1TB,137.1,$137.10
MOVESPEED 7450MB/s SSD NVMe M.2 2280 4TB 2TB 1TB Internal Solid State Hard Disk M2 PCIe 4.0x4 2280 SSD Drive for PS5 Laptop PC,1005005325013777,3月,7450Mbps 4TB,341.45,$341.45
가민 포러너 265 러닝 스마트워치 1.3'' 컬러풀 AMOLED 디스플레이 GPS 13일 배터리 수명 수면 모니터링 피트니스 트래커,1005011789026343,3月,Black 46mm 265,302.12,$302.12
레노버 리전 Y700 2025 CN 안드로이드 패드 4세대 TB322FC 게이밍 태블릿 12/256GB 16/512GB 스냅드래곤 8 엘리트 8.8인치 165Hz 7600mAh 태블릿,1005010120015183,3月,12GB 256GB White,320.0,$320.00
"Lenovo Xiaoxin Pad Pro GT 128GB 256GB Snapdragon 8 Gen 3 11.1"" 144Hz 3.2K Display 8860mAh 68W Charging Android Wifi7 Tablet PC",1005011785060188,3月,8GB 256GB grey,190.15,$190.15
GMKtec G2 Mini PC Windows 11 Pro Intel 12.a generación Alder Lake N100 Mini PC DDR5 12GB RAM 512GB ROM WiFi 6 BT5.2 computadora de escritorio,1005009999376748,3月,"N95,8+256GB",128.47,$128.47
"MOVESPEED GD10 1050MB/s 외장 SSD 2TB 1TB 터치스크린 암호화 USB3.2 Gen2 타입 C 하드 드라이브 (아이폰 15/16, PS4, PS5, PC용)",1005009392010134,3月,1TB,133.5,$133.50
"로지텍 G PRO X Superlight 2 SE 무선 게이밍 마우스, HERO 2 센서, 44000DPI, 888IPS, G 허브, Type-C 인터페이스",1005011703502630,3月,WHITE 7517,76.58,$76.58
JONR Robot Vacuum P20 Pro International Edition Mopping Vacuuming Dushing Wipes Automatic Cleaning Dust Collecting Drainage Water,1005010178835114,3月,,150.5,$150.50
"UWANT M500 청소기는 강력한 흡입력, 진드기 제거 기능, UVC 살균 기능을 갖추고 있으며, 먼지와 진드기를 감지하는 스마트 센서와 열풍 건조 기능도 탑재되어 있습니다",1005008985120898,3月,,27.83,$27.83
네이처하이크 TPU 폼 슬리핑 패드 C12 내장 펌프 캠핑 매트리스 R5.0 야외 2인 에어 매트리스 접이식 풍선 매트,1005007370054858,3月,1 person,76.48,$76.48
네이처하이크 TPU 폼 슬리핑 패드 C12 내장 펌프 캠핑 매트리스 R5.0 야외 2인 에어 매트리스 접이식 풍선 매트,1005007370054858,3月,2 person widen,97.32,$97.32
레노버 리전 Y700 2025 CN 안드로이드 패드 4세대 TB322FC 게이밍 태블릿 12/256GB 16/512GB 스냅드래곤 8 엘리트 8.8인치 165Hz 7600mAh 태블릿,1005010120015183,3月,12GB 256GB White,320.0,$320.00
"Lenovo Xiaoxin Pad Pro GT 128GB 256GB Snapdragon 8 Gen 3 11.1"" 144Hz 3.2K Display 8860mAh 68W Charging Android Wifi7 Tablet PC",1005011785060188,3月,8GB 256GB grey,190.15,$190.15
새로운 Lenovo Xiaoxin Pad Pro 12.7 2025년 2월 태블릿 크기 8300 2.9k 해상도 144Hz 새로 고침 빈도 WIFI 10200mAh WIFI Android,1005011701730285,3月,Std Edition 8G 128G,147.8,$147.80
WORX WU139 브러시리스 스크루 드라이버 경량 무선 드릴 50N.m 1/4인치 ElectricDrill 12V 배터리 좁은 공간을 위한 미니 드릴,1005009408670848,3月,WU139.1  BOX,42.2,$42.20
Edifier QR30 Desktop Active Speakers PC Bluetooth V5.4 Speaker 2.0 Channel 15W+15W RMS Light Effects EQ Setting Deep Bass,1005008849882224,3月,White EU-Plug,56.4,$56.40
Edifier M60 Compact Desktop 2.0 Speakers Hi-Res Audio Wireless LDAC Bluetooth 5.3 USB-C AUX Inputs Support EQ Setting 66W RMS,1005007612849331,3月,White EU-Plug,70.4,$70.40
"ZEUSLAP-Z16K 16"" 4K Portable Monitor 3840x2400 100% DCI-P3 Thunderbolt USB-C HDMI for Phone, PS5, Laptop PC Second Screen",1005009926300553,3月,,109.21,$109.21
MOVESPEED 2100MB/s 2TB 1TB USB 플래시 드라이브 20Gbps USB3.2 Gen2x2 타입 C 솔리드 스테이트 펜 드라이브 512G 256G 펜드라이브 (아이폰 ProRes 지원),1005009178644083,3月,"1TB, Silver",131.5,$131.50
MOVESPEED 2100MB/s 2TB 1TB USB 플래시 드라이브 20Gbps USB3.2 Gen2x2 타입 C 솔리드 스테이트 펜 드라이브 512G 256G 펜드라이브 (아이폰 ProRes 지원),1005009178644083,3月,"2TB, Silver",227.4,$227.40
"Vention 새로운 35W Qi2 자기 보조베터리 10000mAh 15W 무선 ​​고속 충전기 iPhone 16, 15, 14용 휴대용 외부 예비 배터리",1005009983757430,3月,Qi2 Power Bank,20.79,$20.79
에디파이어 ES60 휴대용 블루투스 스피커 미니 사운드 박스 무선 사운드 바 36W RMS 야외 IP66 방수 긴 배터리 수명,1005008564373536,3月,Ivory,57.62,$57.62
AMD Ryzen 5 Pro 6650H 16GB LPDDR5,1005010541508792,3月,LPDDR5 16GB 512GB EU|>> LPDDR5 16GB No SSD,214.22,$214.22
CHUWI LarkBox X Mini PC Intel N100 Game PC UHD Graphics for 12th Gen Intel Processors 12GB RAM 512GB SSD WiFi 6 Desktop Computer,1005011697300249,3月,EU Plug,216.54,$216.54
아야네오 포켓 에어 미니 레트로 휴대용 게임 콘솔 홀 이펙트 조이스틱/트리거 4.2인치 1280*960 LCD 화면 휴대용 안드로이드 MTK,1005010587888823,3月,"Grey, 3G 64G",94.67,$94.67
2025 Trimui Smart Pro S 4.96inch 1280x720pixel Ips Fully Laminated Handheld Upgrade Portable Hd Wireless Gba Nds Game Machine,1005010502790947,3月,"grey, 64G",73.73,$73.73
AMPOWN TRIMUI BRICK HAMMER Handheld Game Console Retro Video Games 3.2'' IPS Screen Full Metal CNC Linux System Portable Gaming,1005009749717934,3月,"Sliver, 64G(9K Games)",66.97,$66.97
Anbernic RG34XXSP 플립 휴대용 게임 콘솔 3.4 ''IPS 스크린 TV 출력 Linux 시스템 홀 자기 플립 커버 비디오 플레이어 선물,1005009346714378,3月,"Indigo, 64G(5K Games)",51.76,$51.76
망미 에어 X 휴대용 게임 콘솔 퀄컴 스냅드래곤 662 5.5인치 터치스크린 안드로이드 14 액티브 쿨링 팬 15W 고속 충전 RGB,1005010445707012,3月,Retro GB / 128G,104.46,$104.46
미유 미니 플립 휴대용 게임기 2.8인치 IPS 화면 리눅스 시스템 비디오 게임 콘솔 무료 케이스 게이머 선물 레트로 게임,1005011646502046,3月, 64G(4K Games),45.61,$45.61
"Geinxurn 58Pcs 도구 세트는 DIY 용 임팩트 스크루 드라이버 비트, 미니 렉스, 스텝 드릴, 소켓 어댑터 및 비트 홀더와 함께 포장됩니다.",1005009605552335,3月,58PCS,15.02,$15.02
칼린킷 3 in 1 안드로이드 15 카플레이 AI 박스 무선 어댑터 안드로이드 오토 퀄컴 SM6350 128GB 8코어 유튜브 넷플릭스 FOTA 지원,1005010322354621,3月,"8GB 128GB, Android 15 EAU",117.92,$117.92
새로운 DJI Mic Mini (2TX+1RX+충전 케이스) 지능형 소음 제거 기능을 갖춘 무선 마이크 고품질 오디오 DJI Original,1005009321023539,3月,Mic Mini 2TX 1RX,79.87,$79.87
DDPAI Z60 Pro 4K 대시캠 자동차 전방 카메라 듀얼 SONY 센서 WiFi ADAS 야간 시야 DVR 비디오 레코더,1005008473283113,3月,"2-Channel 4G Hw, U3 128GB SD Card",191.05,$191.05
테슬라 모델 3 하이랜드 뉴 Y 주니퍼 LCD 기어 시프트 버튼 USB 타입-C 포트 퍼포먼스 플러그앤플레이 2-in-1 충전&시프트 노브,1005008220577669,3月,Model Y Juniper,63.24,$63.24
"Alpicool NLS 차량용 냉장고 듀얼 존, 휴대용 압축기 냉장고 냉동고, 캠핑용, 12V, 24V, DC 100-240V AC, 20L, 30L, 40L",1005008108497796,3月,20L,100.5,$100.50
베이스어스 VJ1 3000A 차량 점프 스타터 4 in 1 에어 컴프레서 21600mAh 파워 뱅크 비상 차량 배터리 부스터 시동 장치,1005011611399243,3月, 4 in 1 3000A,71.69,$71.69
TOUGHBULILT TB-CT-62-12/TB-CT-62-16A/TB-CT-62-20 12인치/16인치/20인치 대형 입구 방수 하드 바닥 지퍼 밀봉 도구,1005010685170117,3月, TB-CT-62-20,42.53,$42.53
LEYDUN ZORO Baitcasting 낚시 릴 145g 초경량 알루미늄 합금 바디 10 + 1BB 5.6:1 4.5KG 바닷물 롱 핸들 BFS 릴,1005010559161132,3月,01,36.6,$36.60
2024 시마노 밴포드 스피닝 낚시 릴 1000/2500/C3000HG/4000XG/5000XG 7+1BB AR-C 스풀 해수 낚시 릴 3-11KG 파워ㅋ,1005011565272759,3月,C3000XG,132.25,$132.25
2025 시마노 낚시 릴 ULTEGRA 스피닝 릴 피더 잉어 낚시 릴 2500/C3000/4000/C5000XG 방수 시스템 HANAGE Gear,1005009039267574,3月,2500HG,87.57,$87.57
2025 오리지널 DAIWA 낚시 스피닝 릴 FUEGO CS LT 1000-6000 낚시 릴 5KG/10KG/12KG 전력 5.3:1/6.2:1 해수 릴,1005009019916500,3月,4000CXH,62.7,$62.70
"KastKing Kestrel 스피닝 낚시 릴, 1000 SFS 카본 바디, 10 + 1 스테인리스 스틸 이중 차폐 볼 베어링, 6.2:1 기어 비율",1005005244952966,3月,,40.74,$40.74
시마노 낚싯줄 핏불 150M/200M PE 합사 X8/X12 낚싯줄 그린 일본산 고강도 부드러운 낚싯줄,1005011565696031,3月,"GREEN, 8 x150-1.0-22.4LB",12.44,$12.44
레이둔 2026 아우라 T1100 스피닝 낚싯대 FUJI 가이드 링 87.5g AR79MLM 84M 오징어 보트 웹풋 카본 클로스 낚싯대,1005011564374608,3月,84M,30.14,$30.14
LEYDUN 신형 ISO 텐션 낚싯대 500 부표 낚시 플랫폼 0.6 1.0 1.5 2.0 텔레스코픽 서프캐스팅 스피닝 해안 바다 낚시,1005010649342933,3月,500-0.6,54.12,$54.12
레이던 2026 조로 야누스 초경량 낚싯대 150-160L/M/H 티타늄 팁 갑오징어 낚시 캐스팅 로드 오징어 보트 낚시대,1005010559381036,3月,H,30.77,$30.77
레이던 2026 SJ 히라메 슬로우 지깅 낚싯대 612M MH H 1.85m T1100 해수 보트 캐스팅 로드 바다 낚싯대,1005011564602007,3月,SJ-H,27.27,$27.27
퓨어루어 뉴 엔디비아 맥스 아징 앤드 에깅 튜블러 팁 8FT 8.3FT 8.6FT 1.2-10G 소프트 루어 및 에기 F/MF 액션 퍼치 파이크 잔더 오징어,1005010258899296,3月,Spinning-862ML,55.64,$55.64
존쿠 오징어 낚싯대 1.5m 일체형 티타늄 팁 43g 경량 캐스팅 보트 낚싯대,1005011566210184,3月,one and half section,26.24,$26.24
WORX WU139 브러시리스 스크루 드라이버 경량 무선 드릴 50N.m 1/4인치 ElectricDrill 12V 배터리 좁은 공간을 위한 미니 드릴,1005009965231033,3月,WU139.1 BAG,48.71,$48.71
존쿠 에기 낚싯대 경량 2.4m 2.6m 오징어 낚싯대 티타늄 가이드 M ML 파워 빠른 액션 고품질,1005009948463046,3月,2.4m,30.55,$30.55
"XIAOMI MIJIA 공기청정기 5, 가정 알레르기용 침실의 애완동물 털, 최대 28-48개 커버 ㎡ ,CN 버전(어댑터 포함), 바이러스용, 먼지용",1005008503471146,3月,,116.24,$116.24
"AULA F108Pro/F108 Wireless Bluetooth tri-mode connection, multi-functional display, Gasket structure, RGB lighting effects",1005011698703994,3月,F108 Pro Black and Grey,33.11,$33.11
"XIAOMI MIJIA 스마트 살균 가습기 S,4.5L UV-C 99.9% 살균,450mL/h 미스트 출력,34dB 조용한 작동, 앱 제어 ​",1005008810786490,3月,White,30.76,$30.76
"XIAOMI MIJIA DC 인버터 플로어 팬 프로, 초박형 접이식, 보관함 포함, 스마트 스탠딩 선풍기, 100가지 공기 흐름 설정",1005008810647750,3月,XIAOMI Floor Fan Pro,54.28,$54.28
마운틴하이커 36L 야외용 냉장고 트롤리 휠 포함 인큐베이터 휴대용 보온 박스 BBQ 차량용 휠 보온 박스 냉장고 박스,1005009897474124,3月,khaki,33.15,$33.15
킹덤 135g 낚시 릴 초경량 스풀 미끼 파인세 미끼 캐스팅 릴 마이크로 몬스터 7.1:1 8.1:1 4kg 얕은 스풀 라이트 코일,1005007988937402,3月,7.1 Gear Ratio,44.1,$44.10
"QCY MeloBuds N70 ANC 무선 이어버드, 블루투스 6.0, 적응형 노이즈 캔슬링, LDAC, 고해상도 오디오, 6개 마이크, ENC 이어폰, 50시간 재생, 무선 충전, 헤드폰, 인이어 감지",1005009361746399,3月,BLACK|TIGOLD|PURPLE,26.87,$26.87
"GOMEXUS 상어 바이트 낚싯줄 커터, 견인기 포함, 플라이 낚시 니퍼",1005008029382502,3月,전 제품|12000043317754597,27.81,$27.81
Edifier M60 Compact Desktop 2.0 Speakers Hi-Res Audio Wireless LDAC Bluetooth 5.3 USB-C AUX Inputs Support EQ Setting 66W RMS,1005007612849331,3月,Classic oak EU-Plug,70.4,$70.40
ONEMIX 2025 새로운 운동화 버퍼 운동화 헤비급 주자 남성 미끄럼 방지 통기성 경량 야외 스포츠 신발,1005006420790065,3月,"white,全尺码",21.33,$21.33
ONEMIX 트레일 레이싱 운동화 쿠션 통기성 메쉬 안정적인 웨어러블 야외 카본 플레이트 마라톤 스포츠 트레이닝 스니커즈,1005007905586326,3月,全部颜色，全尺码,52.05,$52.05
ONEMIX White Road Running Shoes for Men Air Cushion Outdoor Sport Shoes Male Trainers Summer Jogging Shoes Women Footwear,1005005195850718,3月,全部颜色，全尺码,29.12,$29.12
ONEMIX Casual Running Shoes Breathable Summer Jogging Shoes Men Lightweight Women Gym Shoes Outdoor Male Cushion Sports Shoes,1005008640450528,3月,全部颜色，全尺码|,26.94,$26.94
ONEMIX 2025 겨울 훈련용 남성 스포츠 신발 가죽 따뜻한 내구성 여성 조깅화 워킹 스니커즈,1005008043140004,3月,全部颜色，全尺码,28.81,$28.81
BISINNA Camping 7800W High Power Gas Stove Split Portable Outdoor Cooking Butane Camping Supplies For Hiking Travel,1005010726271457,3月,全部颜色,16.07,$16.07
BISINNA Camping Wagon Cart Folding Utility Heavy Duty Large Capacity Trolley Outdoor Shopping Picnic Collapsible Hand Truck,1005010368095250,3月,全部颜色,38.5,$38.50
네이처하이크 유멍 브러쉬드 에어 매트리스 캠핑 에어 쿠션 야외 연결 가능 침대 10CM 텐트 인플레이터블 침대 더블 슬리핑 패드,1005010776924149,3月,2P Beige Electric,61.76,$61.76
SCOUT47-1.4M-2section,1005010115174396,3月, casting 2pcs-1.4m,22.59,$22.59
SOLOKING ASHMOON 합금 베이트캐스팅 릴 12+1BB 6KG 파워 롱 핸들 BFS 릴/다목적 릴/바다 낚시 릴,1005007936286293,3月,전 제품|12000049522899192,54.51,$54.51
AUGURS-1.55M,1005009041778142,3月,전 제품|12000047683607382,28.47,$28.47
"Lenovo Xiaoxin Pad Pro GT 128GB 256GB Snapdragon 8 Gen 3 11.1"" 144Hz 3.2K Display 8860mAh 68W Charging Android Wifi7 Tablet PC",1005011785060188,3月,8GB 256GB grey,190.15,$190.15
Thermalright Peerless Assassin 120 VISION MAX AGHP 5.0 6*6MM 히트 파이프 5인치 스크린 공랭식 CPU 쿨러 LGA1851/1700 AM5용,1005010531283049,3月,ARGB White,52.6,$52.60
신형 AMD R5 9600X CPU 프로세서 라이젠 5 9600X 6코어 12스레드 5.4GHz 65W TDP L3=32M 소켓 AM5 (쿨러 미포함),1005009494953247,3月,单一sku,157.92,$157.92
AMD 라이젠 5 7500F 신형 6코어 12스레드 L3=32M DDR5 3.7GHz 프로세서 R5 7500F 5NM 소켓 AM5 65W (쿨러 미포함),1005009965958265,3月,单一sku,99.13,$99.13
새로운 AMD Ryzen 7 7800X3D R7 7800X3D 5.0GHz 8코어 16스레드 게이밍 CPU 5NM 96M 100- 100000910 쿨러가 없는 소켓 AM5,1005009493450936,3月,单一sku,239.17,$239.17
AMD 라이젠 7 7700 R7 7700 CPU 8코어 16스레드 5.3GHz 언락 데스크탑 프로세서 소켓 AM5 게이밍 CPU (패키지 미포함),1005009493883310,3月,单一sku,148.66,$148.66
"Thermalright TROFEO VISION 360 ARGB 올인원 수냉 라디에이터, 6.86인치 LCD 디스플레이/자기 콜드 헤드/LGA1851/1700 지원",1005009299084293,3月,TV 360 ARGB White,108.0,$108.00
신형 AMD 라이젠 7 5700X 65W 7NM L3=32M 3.4GHz 8코어 16스레드 R7 5700X 게이밍 프로세서 DDR4 소켓 AM4 (팬 없음),1005009494957758,3月,单一sku,107.93,$107.93
XPPen 매직 노트 패드 안드로이드 14 화이트 그래픽 태블릿 비즈니스 디지털 필기 노트 패드 3-in-1 컬러 잉크 용지 전자책 리더,1005008631550314,3月,Add keyboard,274.84,$274.84
CUSU Memoria Ram RGB RAM ddr4 8GBx2 16GBx2 3200MHz 3600MHz ddr4 ram 1.35V 듀얼 채널 UDIMM 데스크탑 메모리,1005008567198517,3月,RGB D4 3200 16GBx2,163.06,$163.06
JUHOR DDR5 16GB 4800MHz 5600MHz 6000MHz  RAM UDIMM for Computer PC Desktop Memory Ram DDR5,1005010527122304,3月,DDR5 16G 4800MHz,150.0,$150.00
AULA L99 지능형 스크린 기계식 키보드 블루투스 무선 트라이 모드 야간 게임용 노트북 키보드 8000mAh 레인드롭 스위치,1005011698202288,3月,Rainy Switch White,45.69,$45.69
"Rapoo VT2 MAX 무선 e스포츠 게이밍 마우스, 8K 폴링 레이트 광학 센서, 인체공학적 디자인, 53g 경량, PC 노트북용",1005009782950290,3月,VT2 MAX 8K White P5,33.31,$33.31
레노버 리전 Y700 2025 CN 안드로이드 패드 4세대 TB322FC 게이밍 태블릿 12/256GB 16/512GB 스냅드래곤 8 엘리트 8.8인치 165Hz 7600mAh 태블릿,1005010120015183,3月,12GB 256GB White,320.0,$320.00
"플렉스타일 맥스 펌프 3 - 전기 에어 펌프, 에어 베드, 수면 패드, 진공 백용 3단계 환경 조명이 있는 휴대용 캠핑 펌프",1005007591011271,3月,Orange,32.41,$32.41
"CAMPINGMOON D-240 야외 조명 브래킷, 휴대용 램프 거치대, 3 단계 조정 램프 브래킷, 삼각대 미포함",1005011606498823,3月,D-240,30.98,$30.98
Anker SOLIX C300 DC 전원 은행 스테이션 실외 288Wh(90000mAh) 여러 장치용 휴대용 발전소 LiFePO4 배터리,1005007673598585,3月,,120.09,$120.09
네이처하이크 트루스 R 3.0 IXPE 에그 네스트 매트 2.5cm 두꺼운 캠핑 매트 접이식 폼 슬리핑 패드 알루미늄 필름 방습 매트,1005010725647031,3月,green,27.56,$27.56
플렉스타일 타이니 샤워 - 야외 캠핑 샤워 휴대용 전기 샤워 펌프 IPX7 방수 야외 및 가정 청소용,1005010043661863,3月,TINY SHOWER,20.51,$20.51
네이처하이크 BLACKDOG 캠핑 라이트 메이트 마그네틱베이스 야외 피크닉 손전등 USB 충전식 5000mAh 방수 IPX4 랜턴,1005009484544415,3月,Light Mate,15.89,$15.89
CAMPINGMOON FD-22 Stainless Steel Telescopic Field Frame Home Flowerpot Frame Camping Multi-purpose Folding Storage Rack,1005008672432949,3月,FD-22,13.45,$13.45
네이처하이크 Mongar 2 UL/PRO 텐트 캠핑 1 2인 텐트 야외 여행 15D 방수 초경량 배낭 보호소 텐트 하이킹 네이처하이크 텐트 몽가2 ul naturehike 텐트 네이처하이크 캠핑용품 신기한 베스트 쉘터 초경량 텐트 1 2인용텐트 캠핑텐트 초경량 1 2 인텐트 2인텐트 네이처하이크 타프 캠핑타프,1005008402994657,3月,PRO 2P Brown,104.0,$104.00
"Thous Winds 휴대용 캠핑 집게, 야외 관광 식기, 스테인레스 스틸 클립 집게, 피크닉 하이킹 조리기구, 캠핑 용품",1005004230139017,3月,TW3033-B,11.5,$11.50
"네이처하이크 캠핑 미니 테이블, 초경량 고하중, 간편한 청소 피크닉 테이블, 야외 휴대용 접이식 낚시 테이블, 2024 신제품",1005008318372506,3月,grey,11.35,$11.35
네이처하이크 겨울 오리 다운 피트 커버 야외 하이킹 캠핑 초경량 650FP 따뜻한 유지 소프트 부츠 양말 CYY2441FS011,1005007878054892,3月,Black,13.3,$13.30
네이처하이크 등반 스틱,1005007030090971,3月,2pcs black 115-135,27.4,$27.40
WALLHACK SP-005 강화유리 마우스 패드 Awakening SORA 커스텀 대형 E-스포츠 게이밍 데스크 패드 PC FPS 게이밍 마우스 패드,1005011669762083,3月,"Regular Version, 49x43 cm",46.82,$46.82
Irok MG68 PRO/MAX/PLUS 무선 마그네틱 스위치 기계식 키보드 8K 알루미늄 합금 CNC 키보드 핫 스왑 RT0.001 PC 게이머,1005011732717280,3月,MG68 ACE PLUS,54.87,$54.87
MCHOSE 믹스 87 마그네틱 축 케이블 E-스포츠 기계식 키보드 8K+256K 이스포츠 0.08ms 맞춤형 게임 마운트 타이산 축 GT,1005010185289663,3月,Black Lightning Swit,32.3,$32.30
MCHOSE V9 pro E-스포츠 헤드셋(마이크 포함) 트라이 모드 게임용 USB 무선 7.1 채널 서라운드 사운드 휴대용 오디오 헤드폰,1005009391429501,3月,V9Pro-Bule,24.1,$24.10
Baseus GH02 무선 게임용 헤드셋(마이크 헤드폰 포함) Bluetooth 5.3 40mm 드라이버 2.4G/무선/케이블 RGB 오버헤드 헤드폰,1005008781966502,3月,Black,31.24,$31.24
WLMOUSE Beast X Pro 마그네슘 합금 경량 무선 e스포츠 게임용 마우스 750IPS 8K PAW3950HS 30000DPI 백라이트 없음,1005009636034833,3月,Silver(Side Slits),105.88,$105.88
"Logitech G PRO X SUPERLIGHT 2 무선 게이밍 마우스, 프로그래밍 가능한 버튼 5개, 44k DPI 센서, 8kHz 반복을 갖춘 60g 프로급 마우스",1005011704549529,3月,Black,89.93,$89.93
"QCY MeloBuds N70 ANC 무선 이어버드, 블루투스 6.0, 적응형 노이즈 캔슬링, LDAC, 고해상도 오디오, 6개 마이크, ENC 이어폰, 50시간 재생, 무선 충전, 헤드폰, 인이어 감지",1005009361746399,3月,TIGOLD,26.87,$26.87
CROSSGUN New Jet Fan Strong Portable Power Handheld Dust Elimination Computer Hurricane Storm Source Turbo Jetfan LED X6 Pro,1005009343275998,3月,With Accessory,27.3,$27.30
NEEWER BASICS FL10 LED 사진 손전등,1005008945268095,3月,,27.0,$27.00
"Anker Laptop Power Bank, 25,000mAh Portable Charger with Triple 100W USB-C Ports for Multi-Device Charging For iPhone17",1005008753579553,3月,,53.39,$53.39
UGREEN 12-in-1 USB 허브 Type-C to 2HDMI 4K120Hz DP USB3.2 10Gbps SD/TF RJ45 PD100W 맥북 델 HP 노트북 액세서리 도킹 스테이션,1005009100871797,3月,10-in-1 2HDMI,27.99,$27.99
"핑크 투야 아이비 스마트 파종기, 49 가지 이상의 풍부한 표현",1005007010635897,3月,IvySmartPlante-Pink,19.4,$19.40
AULA F87 Pro 가스켓 게임용 기계식 키보드 75% TKL 레이아웃 무선 핫 스왑 RGB 맞춤형 Bluetooth 키보드 2024 새로운 색상,1005006838602057,3月,"Star Trek B,노란색 스위치",27.12,$27.12
2500W 고온 및 온도 휴대용 스팀 청소기 에어컨 주방 후드 자동차 스팀 청소 기계 바닥 및 기타 청소,1005007707853108,3月,Style3；220v,16.66,$16.66
"Anker Nano Power Bank (5K, Slim)，5000mAh",1005010636749102,3月,White,28.36,$28.36
Lofree FLOW2 Mechanical Keyboard Business Office Wireless Bluetooth Wired Quiet & Gentle Sound Compatible Mute Aluminum Lump,1005010450683174,3月,68Key Grey PULSE,81.42,$81.42
Lofree FLOW2 Mechanical Keyboard Business Office Wireless Bluetooth Wired Quiet & Gentle Sound Compatible Mute Aluminum Lump,1005010450683174,3月,84Key Grey PULSE,103.2,$103.20
Lofree FLOW2 Mechanical Keyboard Business Office Wireless Bluetooth Wired Quiet & Gentle Sound Compatible Mute Aluminum Lump,1005010450683174,3月,100Key Grey PULSE,115.09,$115.09
Ulanzi MA60 접이식 마그네틱 전화 삼각대 0.8cm 데스크탑 스탠드 용 초슬림 양면 자석 전화 삼각대 라이브 스트리밍 Vlog,1005009657371906,3月,green,13.38,$13.38
"8BitDo 레트로 R8 마우스 (PAW 3395 광학 센서, DPI 26K, 무선 4K 폴링 마우스, 충전 도크 포함) - N 에디션",1005009621922753,3月,-,30.52,$30.52
Anker SOLIX C300 DC 전원 은행 스테이션 실외 288Wh(90000mAh) 여러 장치용 휴대용 발전소 LiFePO4 배터리,1005007673598585,3月,200W ~ 300W,118.19,$118.19
새로운 Lenovo Xiaoxin Pad Pro 12.7 2025년 2월 태블릿 크기 8300 2.9k 해상도 144Hz 새로 고침 빈도 WIFI 10200mAh WIFI Android,1005011701730285,3月,Std Edition 8G 128G,149.19,$149.19
Edifier MR5 2.0 모니터 스피커 시스템 Bluetooth V6.0 LDAC 고해상도 무선 스피커 3방향 액티브 크로스오버 110W RMS,1005009103399159,3月,Black,100.12,$100.12
레노버 요가 패드 프로 12.7 12GB 256GB 태블릿 스냅드래곤 8 Gen 3 12.7인치 144Hz LCD 화면 10200mAh 68W 충전 안드로이드 와이파이 탭,1005009604407877,3月,12 256 Beige,251.21,$251.21
글로벌롬 레노버 샤오신 패드 11 2025 탭 128GB 256GB 디멘시티 6300 11인치 2.5K 스크린 7040mAh 와이파이 안드로이드 패드 구글 플레이 태블릿,1005011701489651,3月,Std 6G 128G Gray,89.1,$89.10
"레노버 스타일러스 프로2 탭 펜 2세대 AP602U (레노버 샤오신 패드 프로 13, 태블릿 프로 GT 13 2026용) 마그네틱 페어 무선 충전",1005011702698505,3月,Pencil Pro,38.03,$38.03
"Lenovo Xiaoxin Pad Pro GT 128GB 256GB Snapdragon 8 Gen 3 11.1"" 144Hz 3.2K Display 8860mAh 68W Charging Android Wifi7 Tablet PC",1005011785060188,3月,8GB 256GB grey,190.15,$190.15
레노버 리전 Y700 2025 CN 안드로이드 패드 4세대 TB322FC 게이밍 태블릿 12/256GB 16/512GB 스냅드래곤 8 엘리트 8.8인치 165Hz 7600mAh 태블릿,1005010120015183,3月,12GB 256GB White,320.0,$320.00
새로운 Lenovo Xiaoxin Pad Pro 12.7 2025년 2월 태블릿 크기 8300 2.9k 해상도 144Hz 새로 고침 빈도 WIFI 10200mAh WIFI Android,1005011701730285,3月,Std 8G 128G Grey,149.19,$149.19
"레노버 스타일러스 프로2 탭 펜 2세대 AP602U (레노버 샤오신 패드 프로 13, 태블릿 프로 GT 13 2026용) 마그네틱 페어 무선 충전",1005011702698505,3月,Pencil,17.57,$17.57
레노버 요가 패드 프로 12.7 12GB 256GB 태블릿 스냅드래곤 8 Gen 3 12.7인치 144Hz LCD 화면 10200mAh 68W 충전 안드로이드 와이파이 탭,1005009604407877,3月,12 256 Blue,236.03,$236.03
"XIAOMI MIJIA 휴대용 블렌더 2,40S 신속하게 주스 짜기, 19500 rpm,300ML 용량 믹서 과즙 기, PCTG 컵 바디 블렌더",1005007593287969,3月,MJZZB02PL,14.41,$14.41
DOCO 헤어 드라이어 고속 75m/s 2억 개 음이온 헤어 케어 110000 RPM 전문가용 경량 가정 여행 선물,1005007532722790,3月,"white,EU,China Mainland",23.08,$23.08
새로운 고급 지능형 휴대폰/태블릿 거치대 자석식 차량용 회전 휴대폰 거치대 무선 충전기,1005009070193777,3月,Wireless charging,9.29,$9.29
베이스어스 100W 고속 충전기 GaN 충전기 아이폰 17 16 샤오미 삼성 노트북 태블릿 USB C 충전기 QC PD 충전기 USB 폰 충전기,1005008708117856,3月,EU Plug White,19.64,$19.64
"로지텍 MX 키즈 미니 미니멀리스트 무선 조명 키보드, 컴팩트, 블루투스, 백라이트, USB-C, 애플 macOS 호환",1005011708837425,3月,white  1601,62.78,$62.78
"8BitDo Ultimate 2 무선 컨트롤러, Bluetooth/USB/2.4G 게임패드(TMR 조이스틱 포함), PC용 충전 도크, Windows 10,11, Android",1005008548361526,3月,White,36.52,$36.52
Edifier MR5 2.0 모니터 스피커 시스템 Bluetooth V6.0 LDAC 고해상도 무선 스피커 3방향 액티브 크로스오버 110W RMS,1005009103399159,3月,White,100.12,$100.12
"Uwant Y100 차세대 습식 청소기,패브릭 청소기,펫 청소기,전문가급 클리닝,18,000Pa,카페트 청소기,소파 청소기,매트리스 청소기",1005010656903072,3月,/,50.82,$50.82
"UWANT V500 무선 청소기, 도킹 스테이션 포함, 자동 먼지 비움 기능 탑재, 230,000Pa의 강력한 흡입력, 미세먼지를 감지하는 마이크로 그린 라이트, LED 디스플레이 탑재, 작고 가벼운 디자인, 최대 40분간 사용",1005010661950273,3月,WHITE,74.03,$74.03
Mixi 새로운 알루미늄 프레임 가방은 USB 포트 탑승 캐빈 컵 및 전화 홀더가 있는 롤링 수하물을 운반합니다. 20 24 인치,1005006814383354,3月,Smoke White/20inch,47.14,$47.14
"쇼크즈 오픈핏 2+ T921 오픈형 이어폰 돌비 오디오 무선 블루투스 이어폰, 듀얼부스트 기술 AI 노이즈 감소",1005009961437697,3月,T921 Black,100.27,$100.27
UGREEN MFi 3-in-1 15W MAX 마그네틱 무선 충전기 스탠드 Qi2 총 25W 충전 아이폰 16 17 프로 애플 워치용 MagSafe,1005009889116002,3月,Qi2 Upgrade 25W,16.55,$16.55
DOCOLAB 금속 전기 면도기 미니 휴대용 자기 양방향 수염 트리머 남성용 전신 세척 면도기 면도기,1005009657183176,3月,,26.54,$26.54
UGREEN 145W 90W 60W 차량용 충전기 3 USB-C & 1 USB-A 포트 PD QC4.0 고속 충전 리트랙터블 케이블 포함 아이폰 17 프로 맥북용,1005009286078717,3月,145W,15.65,$15.65
【KC 인증】유그린 Qi2.2 25W 보조배터리 고속 충전 10000mAh 타입 C 케이블 파워뱅크 아이폰 17 프로 맥스용 MagSafe 30W 지원,1005006287670753,3月,PD30W Qi2 25W,33.89,$33.89
"Lenovo Xiaoxin Pad Pro GT 128GB 256GB Snapdragon 8 Gen 3 11.1"" 144Hz 3.2K Display 8860mAh 68W Charging Android Wifi7 Tablet PC",1005011785060188,3月,8GB 256GB grey,190.15,$190.15
월드 프리미어 ALLDOCUBE iPlay 70 Max Pro 13인치 2.5K 90Hz 디스플레이 태블릿 Unisoc T7300 8GB 램 128GB 롬 안드로이드 16 10000mAh LTE,1005011558463521,3月,EU Plug,127.99,$127.99
Magcubic HY350GT 휴대용 프로젝터 900 ANSI 1080P 풀 HD 구글 TV 네이티브 자동 초점 홈 시어터 안드로이드 빔,1005010791070673,3月,HY350GTV,74.58,$74.58
"Anker Nano Power Bank (5K, Slim)，5000mAh",1005010636749102,3月,Black,28.36,$28.36
사운드코어 슬립 A30 세계 최초 스마트 ANC 수면 이어버드 컴포트 AI 브레인웨이브 오디오 9시간 재생 수면 이어폰,1005010123446864,3月,Moonlit White,116.18,$116.18
"UWANT V500 무선 청소기, 도킹 스테이션 포함, 자동 먼지 비움 기능 탑재, 230,000Pa의 강력한 흡입력, 미세먼지를 감지하는 마이크로 그린 라이트, LED 디스플레이 탑재, 작고 가벼운 디자인, 최대 40분간 사용",1005010661950273,3月,,74.03,$74.03
Edifier M60 Compact Desktop 2.0 Speakers Hi-Res Audio Wireless LDAC Bluetooth 5.3 USB-C AUX Inputs Support EQ Setting 66W RMS,1005007612849331,3月,White EU-Plug,70.4,$70.40
"레트로 휴대용 비디오 게임 콘솔, 리눅스 시스템, 3.5 인치 IPS 스크린, R35s 프로, 휴대용 포켓 비디오 플레이어, 64GB 게임, 128G R36S",1005007171179962,3月,Black 128G,25.22,$25.22
Mixi 와이드 핸들 여행용 수하물 가방 롤링 스피너 휠 하드사이드 PC TSA 잠금 장치 20 24 인치 남여 공용,1005005843248488,3月,"Smoke White, 20 inch carry on",34.17,$34.17
에텐울프 제피르 S3/S5 휴대용 타이어 공기 주입기 100% 작동률 7800/15600mAh 자동차 자전거 공기 펌프 (신제품),1005007749000609,3月,ZEPHYR S5,42.51,$42.51
AULA L99 지능형 스크린 기계식 키보드 블루투스 무선 트라이 모드 야간 게임용 노트북 키보드 8000mAh 레인드롭 스위치,1005011698202288,3月,1184,46.66,$46.66
전동 드라이버 리튬 배터리 충전식 가정용 유지보수 수리 LED 라이트 전동 드라이버,1005010572586769,3月,금,18.34,$18.34
텍슬라스트 T50 미니 안드로이드 15 태블릿 8.7인치 IPS 120Hz G99 8코어 최대 20GB(8GB+12GB 확장) RAM 128GB ROM 듀얼 4G LTE 타입-C GPS,1005009420302134,3月,Tablet and Case,75.87,$75.87
"올인원 4K 프로젝터** – 듀얼 스크린 터치, 휴대용, 게임/가라오케, HDMI/USB, 무선 BT/WiFi, 완벽한 홈 시네마",1005010368996589,3月,Aepuosem A5pro,78.06,$78.06
"글로벌 버전 Xiaomi 스마트 밴드 9 Pro 1.74"" AMOLED 디스플레이 Smartwatch GPS 건강 모니터링 150개 이상의 스포츠 모드 Miband 팔찌",1005008005656463,3月,Global Black,46.81,$46.81
"안드로이드 태블릿 큐봇 TAB 킹콩 미니, 10200mAh 메가 배터리 16GB(6+10),128GB, 캠핑 라이트, 8.68인치 화면, 48MP 카메라, GPS",1005009938233889,3月,Black,115.49,$115.49
AULA Hero 68HE 마그네틱 키보드 RGB 라이트 유선 핫 스왑 Esports 8K 게임 Hero68 기계식 키보드 저 지연 PC 액세서리,1005011758100218,3月,White Jade Emperor,31.85,$31.85
LDNIO 65W 고속 충전 멀티탭 eu한국형플러그 2M 연장선 3구 고용량 써지오 멀티콘센트 kr 변환 플러그 usb 콘센트 220v 돼지코,1005008186545086,3月,,11.63,$11.63
Netac NVMe SSD M2 1TB 2TB 500GB 250GB 3500MB/s SSD PCIe3.0 M.2 2280 SInternal Solid State Drives Disk NV3000 for Laptop Desktop,1005005445585329,3月,1TB,84.99,$84.99
CHUWI LarkBox X Mini PC Intel N100 Game PC UHD Graphics for 12th Gen Intel Processors 12GB RAM 512GB SSD WiFi 6 Desktop Computer,1005011697300249,3月,,216.54,$216.54
새로운 Lenovo Xiaoxin Pad Pro 12.7 2025년 2월 태블릿 크기 8300 2.9k 해상도 144Hz 새로 고침 빈도 WIFI 10200mAh WIFI Android,1005011701730285,3月,Std Edition 8G 128G,149.19,$149.19
AULA L99 지능형 스크린 기계식 키보드 블루투스 무선 트라이 모드 야간 게임용 노트북 키보드 8000mAh 레인드롭 스위치,1005011698202288,3月,Latte Switch Caramel,46.66,$46.66
"AULA F108Pro/F108 Wireless Bluetooth tri-mode connection, multi-functional display, Gasket structure, RGB lighting effects",1005011698703994,3月,F108 Pro Yellow Mix|页面没货,33.12,$33.12
월드 프리미어 ALLDOCUBE iPlay 70 Max Pro 13인치 2.5K 90Hz 디스플레이 태블릿 Unisoc T7300 8GB 램 128GB 롬 안드로이드 16 10000mAh LTE,1005011558463521,3月,EU Plug,127.99,$127.99
FIREBET AM02 미니 PC 6600H CPU 6코어/12스레드 최대 4.5GHz 16GB LPDDR5 RAM 512GB SSD 윈도우 11 데스크탑 2*RJ45 WIFI6 BT5.2 게이밍 컴퓨터,1005010399391896,3月,"Ryzen 5 6600H,16GB RAM 512GB ROM,EU",207.16,$207.16
레노버 요가 패드 프로 12.7 12GB 256GB 태블릿 스냅드래곤 8 Gen 3 12.7인치 144Hz LCD 화면 10200mAh 68W 충전 안드로이드 와이파이 탭,1005009604407877,3月,12GB 256GB Blue,236.03,$236.03
레노버 리전 Y700 2025 CN 안드로이드 패드 4세대 TB322FC 게이밍 태블릿 12/256GB 16/512GB 스냅드래곤 8 엘리트 8.8인치 165Hz 7600mAh 태블릿,1005010120015183,3月,12GB 256GB White,320.0,$320.00
"Lenovo Xiaoxin Pad Pro GT 128GB 256GB Snapdragon 8 Gen 3 11.1"" 144Hz 3.2K Display 8860mAh 68W Charging Android Wifi7 Tablet PC",1005011785060188,3月,8GB 256GB grey,190.15,$190.15
MLLSE G1 Pro 미니 PC AMD Ryzen7 5700U DDR4 16GB RAM 512GB SSD WiFi6 BT5.2 Windows 11 Pro 미니 데스크탑 컴퓨터 게임 작업,1005008778249442,3月,"16GB RAM 512GB SSD, EU and US PLUG",184.12,$184.12
"로지텍 알토 키즈 K98M 무선 블루투스 기계식 키보드(진동 흡수 개스킷 포함), PC Mac 노트북용 백라이트 키",1005011708736981,3月,K98M-Purple,50.43,$50.43
"쇼크즈 오픈핏 2+ T921 오픈형 이어폰 돌비 오디오 무선 블루투스 이어폰, 듀얼부스트 기술 AI 노이즈 감소",1005009961437697,3月,T921 White,100.27,$100.27
에디파이어 W820NB Plus  ANC 무선 헤드폰,1005009870146739,3月,Dark Gray,35.93,$35.93
CROSSGUN New Jet Fan Strong Portable Power Handheld Dust Elimination Computer Hurricane Storm Source Turbo Jetfan LED X6 Pro,1005009343275998,3月,With Accessory,27.3,$27.30
SHOKZ OpenDots ONE 오픈 무선 블루투스 헤드셋 V5.4 마이크 포함 Dolby 사운드 방수 긴 배터리 수명 New 2025,1005009463218687,3月,E310 white,100.08,$100.08
Edifier QR30 Desktop Active Speakers PC Bluetooth V5.4 Speaker 2.0 Channel 15W+15W RMS Light Effects EQ Setting Deep Bass,1005008849882224,3月,White EU-Plug,56.4,$56.40
기존 SHOKZ OpenRun Pro 2 S820 S821mini 블루투스 이어폰 IP55 방수 골전도 헤드폰 음악 스포츠 이어 버드,1005008561939766,3月,S820 Black,101.9,$101.90
"ORICO 선더볼트 4 도킹 스테이션, C타입-HDMI 호환 어댑터, USB 3.2 Gen2 허브 분배기, 맥북 맥 윈도우용, 8K @ 30Hz",1005010389077451,3月,Silver KR Plug,118.09,$118.09
CUSU M2 SSD 1TB 2TB NVMe SSD 512GB 하드 드라이브 PCIe3.0 x4 노트북 데스크탑용 내부 솔리드 스테이트 디스크,1005008518479099,3月,"1TB,China Mainland",89.28,$89.28
Sobergo 스마트 윈도우 로봇 청소기 3세대 6.2cm 울트라 슬림/5600PA 흡입/인터랙티브/한국어 어댑터 및 사용 설명서,1005010177409794,3月,,33.18,$33.18
완보 큐브 2 프로 4K 휴대용 네이티브 1080P 프로젝터 500ANSI 안드로이드 TV 11.0 ToF 레이저 레이더 실시간 초점 3가지 색상 가능,1005010126443024,3月,White ,131.84,$131.84
"Ulanzi TT88 1.44M 오버헤드 셀카 스틱 전화 삼각대, 마그네틱 클램프 포함 라이브 스트리밍 Vlog 용 무선 원격 확장 삼각대",1005008108618534,3月,White TT88,14.49,$14.49
Magcubic 네이티브 1080P 650ANSI 8K 안드로이드14 L018 프로젝터 자동 키스톤 보정 포커스 와이파이6 BT5.4 휴대용 영화 야외용,1005008043403398,3月,White,45.2,$45.20
CROSSGUN New Jet Fan Strong Portable Power Handheld Dust Elimination Computer Hurricane Storm Source Turbo Jetfan LED X6 Pro,1005009343275998,3月,With Accessory,27.3,$27.30
Flymile Extendable Tripod Adjustable Selfie Stick Long Hand Grip for DJI Pocket 3/Action 5/Insta360/Gopro Hero 13 12 Accessories,1005009604949170,3月,62.99in Selfie Stick,9.07,$9.07
"Lenovo Xiaoxin Pad Pro GT 128GB 256GB Snapdragon 8 Gen 3 11.1"" 144Hz 3.2K Display 8860mAh 68W Charging Android Wifi7 Tablet PC",1005011785060188,3月,8GB 256GB grey,190.15,$190.15
에디파이어 ES60 휴대용 블루투스 스피커 미니 사운드 박스 무선 사운드 바 36W RMS 야외 IP66 방수 긴 배터리 수명,1005008564373536,3月,Black,58.09,$58.09
"8BitDo Ultimate 2 무선 컨트롤러, Bluetooth/USB/2.4G 게임패드(TMR 조이스틱 포함), PC용 충전 도크, Windows 10,11, Android",1005008548361526,3月,Black|页面没货,36.52,$36.52
"ORICO 선더볼트 4 도킹 스테이션, C타입-HDMI 호환 어댑터, USB 3.2 Gen2 허브 분배기, 맥북 맥 윈도우용, 8K @ 30Hz",1005010389077451,3月,Silver KR Plug,118.08,$118.08
Anker Powerline III Flow Usb Type C Cable 100W USB C Cable Fast Charge USB 2.0,1005003437788439,3月,"Black,3ft,China Mainland",9.3,$9.30
앤커 파워라인3 플로우 USB-C to C 케이블,1005011879533720,3月,"Black,3ft,",8.88,$8.88
"Anker USB C-USB C 케이블, 아이폰 16 시리즈, 맥북, 아이패드용 고속 충전, 4 ft 2-in-1, 최대 140W",1005008418870113,3月,"1.2m,China Mainland",10.18,$10.18
Anker Prime 735 보조베터리 20000mAh 200W 20K 휴대용 충전기 휴대용 보조베터리 대용량 20000mAh 배터리 예비 배터리,1005006067543904,3月,"with base EU Plug,20000mah,China Mainland",90.1,$90.10
UGREEN 100W GaN Charger With Smart Display For MacbookPro Laptop iPhone 17 16 Pro iPad Tablet Samsung QC4.0 PD 3.0 USB C Charger,1005006579895295,3月,"KR GaN 100W,China Mainland",21.83,$21.83
PHILOGEO 스마트 창문 로봇청소기 6.3cm 초스림 AI 시스템 초고청정효율 / 2025년 최신형 / 한국형 어댑터 & 설명서,1005010178085883,3月,White,43.27,$43.27
믹시 대용량 여행가방 트롤리 케이스 26인치 체크인 하드케이스 롤링 휠 수하물 와이드 핸들 여행용 캐리어 트렁크,1005009446097994,3月,Smoke White,43.1,$43.10
"Foombthe 무선 전기 휴대용 에스프레소 커피 머신, 차량 및 가정용 캠핑용 커피 메이커, 80ml 물탱크 용량, 디지털 디스플레이, 3-in-1 캡슐 파우더 여행용 커피 메이커",1005009212557833,3月,blacks,15.82,$15.82
Xiaomi Mijia 스마트 스케일 S800 8 전극 바디 Mi Fat Scale Bluetooth 이중 주파수 BIA 강화 유리 Mijia App과 함께 작동,1005009103236913,3月,S800 Body fat scale|有50满减的话，调回50,44.13,$44.13
2026년 신형 휴대용 접이식 전기 의류 건조기 다기능 건조기 미니 여행용 온풍 세탁 건조기 타이머 기능 포함 가정용,1005007346149084,3月,EU Plug 220V,10.7,$10.70
양말 속옷 팬티 세탁기용 회전 건조기가 있는 새로운 휴대용 소형 접이식 세탁기 가정용 미니 세탁기,1005010554998897,3月,"PURPLE|能不能用超链进行,已反馈哲乙",14.69,$14.69
UGREEN 145W 20000mAh 보조베터리 맥세이프 Qi2 15W 자기 무선 보조베터리 스테이션 유그린 PD3.1 노트북 100W 고속충전 고속 충전용 외장 배터리 대용량 맥세이프 충전기,1005008365311968,3月,20000mAh,62.99,$62.99
"MOBAPAD CHITU 2 HD 기계식 게임 컨트롤러 (닌텐도 스위치 1/2, PC, 안드로이드, iOS용) TMR 글라이드 스틱 게임패드",1005010652293175,3月,"Black, Chitu2 HD",32.49,$32.49
"쇼크즈 오픈핏 2+ T921 오픈형 이어폰 돌비 오디오 무선 블루투스 이어폰, 듀얼부스트 기술 AI 노이즈 감소",1005009961437697,3月,T921 silver,100.27,$100.27
레노버 요가 패드 프로 12.7 12GB 256GB 태블릿 스냅드래곤 8 Gen 3 12.7인치 144Hz LCD 화면 10200mAh 68W 충전 안드로이드 와이파이 탭,1005009604407877,3月,12GB 256GB Blue,236.03,$236.03
기삼 35000RPM 브러시리스 전기 에어 블로워 2in1 터보 블로워 팬 낙엽 먼지 눈 청소 도구 마키타 18V 배터리 핀용,1005009919920500,3月,1 Battery,28.5,$28.50
HILDA USBElectric 2-in-1 에어 네일 건 가구 공압 건 우드 프레임 스테이플러 공압 도구 전동 공구 2000pcs 스테이플,1005007112189576,3月,OZ125,13.07,$13.07
SHAHE 디지털 각도 게이지 자기 각도기 경사계 레벨 각도 파인더 각도 큐브 레벨 박스(마그네 및 백라이트 포함),1005006368915211,3月,SHAHE-5315-90C,5.75,$5.75
AIRAJ 다기능 도구 가방 1680D 옥스포드 천 전기 가방 방수 및 내마모성 대용량 저장 가방,1005005784812202,3月,3415,5.66,$5.66
"Practmanu 미니 레이저 레벨 12 라인 3D 레벨 셀프 레벨링, 360 도 수평 및 수직 크로스, 그린 레이저 빔 라인",1005005209198572,3月,Set 2,16.99,$16.99
UGREEN Nexode Pro 300W 48000mAh 파워 뱅크 휴대용 외장 배터리 Macbook Pro 고속 충전 파워 스테이션,1005009667911048,3月,300W 48000mAh,90.73,$90.73
"텔레신 마그네틱 폰 카메라 촬영 핸드 그립 폰 홀더 촬영 보조 리모컨 핸들 (스마트폰, 아이폰, 안드로이드용)",1005010526811036,3月,White Fill light kit,16.07,$16.07
Ulanzi MA38 휴대 전화 사진 스탠드 Selfie 스틱 삼성 Xiaomi Huawei iPhone Vivo 용 이중 자기 오버 헤드 삼각대,1005009244709348,3月,Ulanzi MA38,20.59,$20.59
QCY Crossky C50 오픈 이어 무선 이어버드 블루투스 6.0 컴포트 클립온 이어폰 4 마이크 AI 클리어 콜 베이스 부스트 헤드폰 35시간 재생 시간 스포츠 러닝용,1005009084986255,3月,BLACK,18.49,$18.49
"Nintendo Switch, Switch 2, Windows 10/11용 8BitDo Ultimate 2 Bluetooth 컨트롤러 무선 게임패드(TMR 조이스틱 액세서리 포함)",1005008818912800,3月,"White with Bag, Ultimate 2 Bluetooth",42.69,$42.69
【KC 인증】유그린 Qi2.2 25W 보조배터리 고속 충전 10000mAh 타입 C 케이블 파워뱅크 아이폰 17 프로 맥스용 MagSafe 30W 지원,1005006287670753,3月,30W 10000mAh|页面没货了,33.89,$33.89
오리지널 신제품 샤오미 미지아 나이트 라이트 3 조절 가능한 밝기 적외선 스마트 인체 센서 자석 베이스 스마트 홈 라이프용,1005010779085846,3月,1 Pcs,8.36,$8.36
Vol.1 Rx-78-02 헬멧 사이버 펑크 1:1 마스크 기계 로봇 헬멧 라이트 터치 컨트롤 Fash 코스프레 의상 키즈 할로윈 장난감 선물,1005007850699753,3月,With base,26.14,$26.14
"Essager USB C to Tye C 케이블, 샤오미 Poco 고속 충전 데이터, 여행용 다기능 코드, 거치대 보관함 포함, PD 60W",1005006974264270,3月,black,3.13,$3.13
【KC 인증】유그린 Qi2.2 25W 보조배터리 고속 충전 10000mAh 타입 C 케이블 파워뱅크 아이폰 17 프로 맥스용 MagSafe 30W 지원,1005006287670753,3月,KC Korean Version,33.89,$33.89
디붐 미니투 레트로 블루투스 스피커 휴대용 픽셀 디스플레이 뮤직 박스 레트로 컴퓨터 스타일 스피커 선물,1005010118451740,3月,,38.39,$38.39
투키 GaN 65W 유니버설 여행용 어댑터 전 세계용 2개의 타입-C 포트 2개의 USB 포트 1개의 AC 콘센트 고속 충전 소켓 어댑터 EU/US/JP/AU,1005010119726280,3月,65W Universal,14.45,$14.45
베이스어스 3 in 1 마그네틱 무선 충전기 Qi2.2 25W 고속 충전 아이폰 17 16 15 14 애플워치 이어버드 에어팟 프로 iWatch용,1005009911629200,3月,Without Charger,30.59,$30.59
"XIAOMI MIJIA 자동차 진공 청소기 21kPa 흡입, Type-C 고속 충전, 150mL 먼지 컵, 가정용 무선 진공 청소기, 2400mAh 배터리",1005009139287286,3月,Car Cleaner,37.29,$37.29
SEAMETAL 접이식 트렁크 보관 상자 방수 옥스포드 천 110L 캠핑/낚시 용 대용량 자동차 주최자 휴대하기 쉬운,1005008395026123,3月,36L,7.57,$7.57
SEAMETAL 접이식 트렁크 보관 상자 방수 옥스포드 천 110L 캠핑/낚시 용 대용량 자동차 주최자 휴대하기 쉬운,1005008395026123,3月,72L,11.31,$11.31
"SPTA LD104 무선 미니 자동차 폴리 셔 기계, RO/DA 미니 자동차 자세히 폴리 셔 기계 세트 2pcs 2.0Ah 리튬 배터리",1005008356248473,3月,mini polisher set,63.99,$63.99
BATOCA Cordless 12V Car Polisher Dual Action Wireless Car Polishing Machine Electric Polish Machines Adjustment Power Tools,1005007443390537,3月,1 Batttery Set,20.88,$20.88
Foamboss 전기 거품 분무기 세차 홈 가든 깨끗한 자세히 눈 거품 대포 고압 물,1005006807256207,3月,black,23.27,$23.27
Stud Finder Wall Scanner Stud Detector Center Finder for Wood Metal AC Wire Pipe Detection Electronic Stud with Laser Level LCD,1005010363347979,3月,PURPLE,10.39,$10.39
Woodworking Bench Vise Hard Wood Vise Kit with G Type Fixing Clips Wood Desktop Work Table for Garage Studios Processing Wood,1005009167711289,3月,Woodworking Bench Vise Hard Wood Vise Kit with G Type Fixing Clips Wood Desktop Work Table for Garage Studios Processing Wood,43.18,$43.18
Accurate Measurement Level Four Sided Magnetic Suction Double-sided Laser Tilt Angle Box Small Electronic Angle Ruler for Slope,1005009463059116,3月,1pc,9.05,$9.05
"Makita DJV182Z Cordless Jigsaw:18V,300W,0-2700rpm,80mm Stroke,±45° Cutting Angle,For Wood/Plastic/Metal Cutting Jobs",1005010098374659,3月,No battery,16.36,$16.36
Bakelite Guide Plate Saw Base Woodworking Bench Accessory for Adjustable Cutting Machine Circular Saw Guide Rail Bottom Plate,1005008153600610,3月,28-21CM,12.28,$12.28
"데스크탑 사이버트럭 3 in 1 마그네틱 고속 무선 충전기 폰 거치대 (아이폰 16, 15 Pro Max, 애플 & 삼성 워치, 에어팟 프로용)",1005009663112756,3月,B,18.86,$18.86
"XIAOMI MIJIA 컴퓨터 모니터 라이트 바 1S, 학생 눈 보호 독서 학습을 위한 높은 CRI, 무선 원격, 화면 눈부심 없음",1005007311692313,3月,Monitor Light Bar 1S,27.06,$27.06
CROSSGUN Jet Turbo King Kong Jetfan Strong Fan Portable Handheld With LED Lighting Dust Elimination Computer hurricane storm X3,1005007781344048,3月,"Black, Type-C Charge",18.69,$18.69
에텐울프 제피르 S3/S5 휴대용 타이어 공기 주입기 100% 작동률 7800/15600mAh 자동차 자전거 공기 펌프 (신제품),1005007749000609,3月,ZEPHYR S3,26.4,$26.40
에텐울프 제피르 S3/S5 휴대용 타이어 공기 주입기 100% 작동률 7800/15600mAh 자동차 자전거 공기 펌프 (신제품),1005007749000609,3月,ZEPHYR S5,42.51,$42.51
"BATOCA S4 무선 자동차 광택기, 미니 나노 무선 연마기 키트, 퀵 체인지 헤드, 브러시리스 모터, 3mm, 12mm 궤도",1005006131389188,3月,SET 2,93.99,$93.99
"XIAOMI MIJIA 자동차 진공 청소기 21kPa 흡입, Type-C 고속 충전, 150mL 먼지 컵, 가정용 무선 진공 청소기, 2400mAh 배터리",1005009139287286,3月,Vacuum Cleaners,37.29,$37.29
"샤오미 미지아 휴대용 무선 진공 청소기, 가정 및 차량용, 13KPa 흡입, 최대 배터리 수명 30 분",1005005529971634,3月,하얀색,24.68,$24.68
Foamboss 전기 거품 분무기 세차 홈 가든 깨끗한 자세히 눈 거품 대포 고압 물,1005006807256207,3月,black,23.27,$23.27
"XIAOMI MIJIA Dust Mite Vacuum Cleaner 2,With UV-C Light,12Kpa Suction Anti-allergen Bed Vacuum Home,Chinese version with Adapter",1005008112905999,3月,ADD Original Filter,25.21,$25.21
LMETJMA 250W 5 in 1 Electric Vegetable Slicer Shredder Automatic Salad Shooter Machine Cheese Grater Carrot Cabbage Cutter JT253,1005007608809462,3月,EU 220V,27.11,$27.11
"XIAOMI MIJIA 자동차 진공 청소기 21kPa 흡입, Type-C 고속 충전, 150mL 먼지 컵, 가정용 무선 진공 청소기, 2400mAh 배터리",1005009139287286,3月,Car Cleaner,37.29,$37.29
"UWANT M500 청소기는 강력한 흡입력, 진드기 제거 기능, UVC 살균 기능을 갖추고 있으며, 먼지와 진드기를 감지하는 스마트 센서와 열풍 건조 기능도 탑재되어 있습니다",1005008985120898,3月,,27.83,$27.83
2500W 고온 및 온도 휴대용 스팀 청소기 에어컨 주방 후드 자동차 스팀 청소 기계 바닥 및 기타 청소,1005007707853108,3月,Style3；220v,16.66,$16.66
Uwant V500 더스트백,1005009364301831,3月,Set I,6.48,$6.48
"UWANT V500 무선 청소기, 도킹 스테이션 포함, 자동 먼지 비움 기능 탑재, 230,000Pa의 강력한 흡입력, 미세먼지를 감지하는 마이크로 그린 라이트, LED 디스플레이 탑재, 작고 가벼운 디자인, 최대 40분간 사용",1005010661950273,3月,,74.03,$74.03
네이처하이크 쿨 캠핑 장비 야외 바베큐 철판 라운드 탁상 바베큐 그릴 휴대용 탄소 스토브 숯불 그릴 스토브,1005008895758153,3月,Standard Model,15.38,$15.38
"MOUNTAINHIKER 휴대용 야외 캠핑 테이블, 컴팩트한 접이식 디자인, 피크닉, 바베큐, 하이킹 및 여행에 적합",1005010115131644,3月,light color,33.25,$33.25
"Mountainhiker 모기 퇴치 램프, 다기능 야외 캠핑 조명, 다기능 텐트 조명, 캠핑 조명, 휴대용 분위기 조명, 걸이형 조명, 모기 퇴치 알약 무료 증정, 두 가지 색상 선택 가능, 캠핑 필수품.",1005011550215364,3月,green,7.41,$7.41
Mountainhiker 20-96L 야외 보관 상자 캠핑 피크닉 여행 알루미늄 합금 대용량 상자 액세서리 보관 가방 6 크기,1005005593261907,3月,New Model 48L,46.75,$46.75
ThousWinds Twilight 트와일라이트 빈티지 캠핑 랜턴 에모션 오일 램프 야외 휴대용 레트로 조명 피크닉 백팩 캠핑 용품,1005005439188168,3月,TW6007-V,30.13,$30.13
"PAKICETUS 패밀리 럭셔리 팽창식 글램핑 텐트 - 친환경 야외 캠핑 팽창식 텐트, 넓은 7-8인용 수용 인원, 빠른 설치, 사계절 사용 가능, 캠핑 및 야외 모험을 위한 오버사이즈 캐노피 거실",1005010501814238,3月,Green 3x4.1x2m,126.78,$126.78
마운틴하이커 5단 테이블 IGT 테이블 야외 캠핑용 휴대용 알루미늄 합금 초경량 접이식 캠핑 책상 BBQ 피크닉 IGT 테이블,1005009941952309,3月,5 Unit IGT Table,67.69,$67.69
10000Mah LED 캠핑 텐트 라이트 충전식 야외 비상 조명 방수 휴대용 교수형 야간 램프 캠핑 조명,1005009428958643,3月,R9 Green,17.37,$17.37
네이처하이크 접이식 의자 FE01 야외 캠핑 피크닉 의자 초경량 정원 공원 의자 가족 여행 의자 낚시 의자,1005005743490530,3月,Black 2 Chairs,30.02,$30.02
네이처하이크 유멍 브러쉬드 에어 매트리스 캠핑 에어 쿠션 야외 연결 가능 침대 10CM 텐트 인플레이터블 침대 더블 슬리핑 패드,1005010776924149,3月,2P Gray Electric,61.76,$61.76
"ASTA GEAR 윤산 1 이중층 텐트 – 초경량 실리콘 코팅 1인용 텐트 등산, 하이킹 및 설산용",1005010410664259,3月,tent with porch,123.02,$123.02
"아스타기어 윤산2 엘리트-1인용 단면 실리콘 코팅 초경량 텐트 15D, 강한 비와 바람에도 견딤",1005010397209113,3月,1 tent with porch,123.0,$123.00
"아스타기어 윤산2 엘리트-1인용 단면 실리콘 코팅 초경량 텐트 15D, 강한 비와 바람에도 견딤",1005010397209113,3月,tent with porch,143.0,$143.00
CAMPINGMOON T230 Multi purpose Iron Storage Rack Camping Table Portable Multi functional BBQ Outdoor Folding Table,1005009510931129,3月,T-230,12.21,$12.21
HOMFUL 야외 휴대용 소형 강철 테이블 캠핑 테이블 접이식 테이블 피크닉 바베큐 테이블 캐주얼 전술 테이블 2 세대,1005011564933649,3月,bilayer,39.94,$39.94
"ISE MOUNT 야외 전술 배낭 (바퀴 및 손잡이 포함), 캠핑용 휴대용 경량 분리형 접이식 테이블 및 바베큐",1005011549667684,3月,Double Desk Suit,95.67,$95.67
"스마일로돈 우드 캠핑 스토브, 430SS 무연 난로, 휴대용 텐트 히터, 3중 유리 뷰 캠프파이어 스토브, 2차 연소 스토브",1005010038691754,3月,S.M. Fireplace,116.59,$116.59
"스마일로돈 우드 캠핑 스토브, 430SS 무연 난로, 휴대용 텐트 히터, 3중 유리 뷰 캠프파이어 스토브, 2차 연소 스토브",1005010038691754,3月,Dia60-30cm Pipe,5.68,$5.68
T-2306 스테인레스 스틸 삼각형 스카이보드 캠핑 접이식 다용도 테이블 액세서리 보조 트레이 지지대 스카이보드,1005009880027419,3月,T-2306,7.9,$7.90
T-2305 스테인리스 스틸 패턴 사각 천장 다용도 테이블 액세서리 보조 트레이 지지 천장,1005010121699337,3月,T-2305,12.76,$12.76
"30/100pcs 천연 화재 스타터, 왁스 나무 스틱, 벽난로, 바베큐 스토브, 굴뚝 오븐, 숯 점화에 적합",1005008216884752,3月,100pcs,6.53,$6.53
Mountainhiker 20-96L 야외 보관 상자 캠핑 피크닉 여행 알루미늄 합금 대용량 상자 액세서리 보관 가방 6 크기,1005005593261907,3月,New Medium 48L,46.75,$46.75
Thous Winds Firedance Oil Lamp Stove Portable Outdoor Camping Lantern Emotion Retro Lights for Picnic Backpack Camping Supplies,1005006324684096,3月,TW6008-V,93.91,$93.91
BISINNA Camping Wagon Cart Folding Utility Heavy Duty Large Capacity Trolley Outdoor Shopping Picnic Collapsible Hand Truck,1005010368095250,3月,Black,39.26,$39.26
Sobergo 스마트 윈도우 로봇 청소기 3세대 6.2cm 울트라 슬림/5600PA 흡입/인터랙티브/한국어 어댑터 및 사용 설명서,1005010177409794,3月,,33.18,$33.18
"XIAOMI MIJIA 자동차 진공 청소기 21kPa 흡입, Type-C 고속 충전, 150mL 먼지 컵, 가정용 무선 진공 청소기, 2400mAh 배터리",1005009139287286,3月,Car Cleaner,37.29,$37.29
Xiaomi Mijia 도구 상자 가정용 휴대용 다기능 보관 상자 펜치 렌치 스크루 드라이버 테이프 측정 조합 도구 세트,1005008078401968,3月,Toolbox,32.21,$32.21
샤오미 미지아 에어 펌프 2프로 스피드 부스트 미니 휴대용 전기 자동차 타이어 컴프레서 트레저 150PSI 멀티툴 인플레이터 인젝터,1005008135454273,3月,,32.19,$32.19
Baseus 합금강 자동차 안전 망치 비상 창 차단기 구조 도구를위한 양방향 탈출 망치 좌석 벨트 커터,1005005043729443,3月,,5.27,$5.27
"접이식 당김 막대가 있는 2/4륜 소형 트럭, 휴대용 장바구니, 가정용 식료품 카트, 소형 당김 카트, 수하물 카트",1005007297868040,3月,4 rounds,9.35,$9.35
360° 매직 키보드 케이스 iPad Air 11 13 M2 M3 2025 Air 4 5 10.9 호환 iPad Pro 11 12.9 13 10세대 11세대 A16 10.2 7/8/9세대 폴리오,1005009109466250,3月,"Silver, Pro 13 M4 2024",39.41,$39.41
바퀴가 달린 조절 가능한 오버베드 노트북 책상 |   침실 가구 롤링 컴퓨터 테이블 |   핸드 크랭크 단단한 나무 책상,1005008998515767,3月,150x40cm B,67.27,$67.27
"[Ultra Compact] Bi-foldable Foldable & Portable Laptop Aluminum Stand for Desk, Lightweight Tablet Stand for Business Travel",1005010075525156,3月,Silvery,5.29,$5.29
Lofree FLOW2 Mechanical Keyboard Business Office Wireless Bluetooth Wired Quiet & Gentle Sound Compatible Mute Aluminum Lump,1005010450683174,3月,84Key Silver VOID,118.39,$118.39
Ulanzi VM1 Vlog Selfie Monitor Screen for iPhone 17 16 15 Selfie Monitor Screen with Magnetic Ring for Smartphones Android,1005010354800822,3月,"VM1,China Mainland",27.99,$27.99
"Anker Laptop Power Bank, 25,000mAh Portable Charger with Triple 100W USB-C Ports for Multi-Device Charging For iPhone17",1005008753579553,3月,"grey,20001mAh-25000mAh,China Mainland",53.39,$53.39
레노버 요가 패드 프로 12.7 12GB 256GB 태블릿 스냅드래곤 8 Gen 3 12.7인치 144Hz LCD 화면 10200mAh 68W 충전 안드로이드 와이파이 탭,1005009604407877,3月,"Standard Discount, 12GB 256GB Blue",236.03,$236.03
레노버 리전 Y700 2025 CN 안드로이드 패드 4세대 TB322FC 게이밍 태블릿 12/256GB 16/512GB 스냅드래곤 8 엘리트 8.8인치 165Hz 7600mAh 태블릿,1005010120015183,3月,"Super Deal, 12GB 256GB Black",320.0,$320.00
레노버 리전 Y700 2025 CN 안드로이드 패드 4세대 TB322FC 게이밍 태블릿 12/256GB 16/512GB 스냅드래곤 8 엘리트 8.8인치 165Hz 7600mAh 태블릿,1005010120015183,3月,16GB 512GB Black,369.55,$369.55
"QCY MeloBuds N70 ANC 무선 이어버드, 블루투스 6.0, 적응형 노이즈 캔슬링, LDAC, 고해상도 오디오, 6개 마이크, ENC 이어폰, 50시간 재생, 무선 충전, 헤드폰, 인이어 감지",1005009361746399,3月,BLACK|TIGOLD|PURPLE,26.87,$26.87
"Lenovo Xiaoxin Pad Pro GT 128GB 256GB Snapdragon 8 Gen 3 11.1"" 144Hz 3.2K Display 8860mAh 68W Charging Android Wifi7 Tablet PC",1005011785060188,3月,"Standard Discount, 8GB 128GB White",190.15,$190.15
"쇼크즈 오픈핏 2+ T921 오픈형 이어폰 돌비 오디오 무선 블루투스 이어폰, 듀얼부스트 기술 AI 노이즈 감소",1005009961437697,3月,T921 Black,100.27,$100.27
【KC 인증】유그린 Qi2.2 25W 보조배터리 고속 충전 10000mAh 타입 C 케이블 파워뱅크 아이폰 17 프로 맥스용 MagSafe 30W 지원,1005006287670753,3月,30W 10000mAh,33.89,$33.89
Nintendo Switch/Android/Raspberry Pi/iOS/Win10/11 및 키보드 모드를 위한 8BitDo 마이크로 블루투스 게임 패드 미니 컨트롤러 지원,1005009534731857,3月,green,11.4,$11.40
Nintendo Switch/Android/Raspberry Pi/iOS/Win10/11 및 키보드 모드를 위한 8BitDo 마이크로 블루투스 게임 패드 미니 컨트롤러 지원,1005009534731857,3月,blue,12.07,$12.07
냉각 팬이 포함된 ORICO-USB C 허브 M.2 NVMe SATA SSD 인클로저 외부 10Gbps 4K 60Hz HDMI-Com RJ45 SD TF 도킹 스테이션,1005006455458250,3月,Upgrade with Fan,32.44,$32.44
【KR 플러그 】유그린 160W GaN  충전기  PD3.1 QC4.0 3.0 고속 충전 MacBook Pro 노트북 USB 충전 지원 삼성 iPhone 17 샤오미 태블릿등 적용,1005006445275495,3月,KR GaN 160W,29.44,$29.44
"UGREEN 55W 파워 뱅크 10000mAh 타입 C 케이블 휴대용 고속 충전 파워뱅크 (레드미 노트, 샤오미 미 14, 13, 12 호환) 휴대용 배터리",1005007956125217,3月,55W 10000mAh,23.99,$23.99
애플워치 전용 안커 마그고 파워뱅크 공식 인증 10000mAh 컴팩트 배터리팩 내장형 USB-C 케이블 포함 아이폰17,1005007825590918,3月,White / Black,45.75,$45.75
새로운 Lenovo Xiaoxin Pad Pro 12.7 2025년 2월 태블릿 크기 8300 2.9k 해상도 144Hz 새로 고침 빈도 WIFI 10200mAh WIFI Android,1005011701730285,3月,Std Edition 8G 128G,149.19,$149.19
Ulanzi MA38 휴대 전화 사진 스탠드 Selfie 스틱 삼성 Xiaomi Huawei iPhone Vivo 용 이중 자기 오버 헤드 삼각대,1005009244709348,3月,Ulanzi MA38,20.59,$20.59
FIREBET AM02 미니 PC 6600H CPU 6코어/12스레드 최대 4.5GHz 16GB LPDDR5 RAM 512GB SSD 윈도우 11 데스크탑 2*RJ45 WIFI6 BT5.2 게이밍 컴퓨터,1005010399391896,3月,"Ryzen 5 6600H,16GB RAM 512GB ROM,EU",207.16,$207.16
"GMKtec K12 Gaming Mini PC AMD Ryzen 7 H 255(Upgraded 8745HS) Desktop Mini Computers Radeon 780M WiFi 6E/BT5.2, USB-C,  Barebone",1005009835919350,3月,"AMD Ryzen 7 H 255,No Ram No Storage,EU",200.69,$200.69
주호르 노트북 램 DDR5 16GB 4800MHz 5600MHz 노트북 메모리 램,1005009757813258,3月,"5600MHz,16 GB,DDR5",162.75,$162.75
"XIAOMI MIJIA 전기 구강 세정기 업그레이드 버전 – 초음파, 90일 부드러운 사용, 물 치실 치과, 3가지 모드, 200mL 탱크",1005007685791957,3月,:Upgraded version,17.48,$17.48
UGREEN 45W 20000mAh 보조배터리 삼성 S25 Ultra PPS 고속 충전 배터리 외장 배터리 용 내장 유형 C 케이블 전원 은행 삼성 보조배터리,1005008595790262,3月,"KC Certified Version,China Mainland",19.34,$19.34
CROSSGUN Jet Turbo King Kong Jetfan Strong Fan Portable Handheld With LED Lighting Dust Elimination Computer hurricane storm X3,1005007781344048,3月,"Black,Type-C Charge",18.69,$18.69
"UGREEN 트리플 디스플레이 USB C 허브, 10Gbps 4K HDMI 어댑터, 8 인 1 스플리터, HDMI DP, USB3.2, PD, 100W 독, 맥북 프로 에어 PC용",1005007227813985,3月,2HDMI 1DP,18.94,$18.94
UGREEN 100W GaN Charger With Smart Display For MacbookPro Laptop iPhone 17 16 Pro iPad Tablet Samsung QC4.0 PD 3.0 USB C Charger,1005006579895295,3月,"KR GaN 100W,China Mainland",21.83,$21.83
새로운 AMD Ryzen 7 7800X3D R7 7800X3D 5.0GHz 8코어 16스레드 게이밍 CPU 5NM 96M 100- 100000910 쿨러가 없는 소켓 AM5,1005009493450936,3月,/,255.34,$255.34
MAXSUN eSport B850M WIFI ICE 마더보드 AMD Ryzen AM5 B850M은 Ryzen7000 Ryzen8000 Ryzen9000 WIFI6 컴퓨터 구성 요소를 지원합니다.,1005008676333976,3月,"Motherboards,China Mainland",83.66,$83.66
새로운 AMD Ryzen 5 5600 R5 5600 3.5GHz 6코어 12스레드 CPU 프로세서 7NM L3=32M 100- 000000927 소켓 AM4 팬 없음,1005009371984022,3月,CN,85.69,$85.69
레노버 리전 Y700 2025 CN 안드로이드 패드 4세대 TB322FC 게이밍 태블릿 12/256GB 16/512GB 스냅드래곤 8 엘리트 8.8인치 165Hz 7600mAh 태블릿,1005010120015183,3月,12GB 256GB White,320.0,$320.00
"Lenovo Xiaoxin Pad Pro GT 128GB 256GB Snapdragon 8 Gen 3 11.1"" 144Hz 3.2K Display 8860mAh 68W Charging Android Wifi7 Tablet PC",1005011785060188,3月,8GB 256GB grey,190.15,$190.15
새로운 Lenovo Xiaoxin Pad Pro 12.7 2025년 2월 태블릿 크기 8300 2.9k 해상도 144Hz 새로 고침 빈도 WIFI 10200mAh WIFI Android,1005011701730285,3月,"Standard, 8G 128G Grey",149.19,$149.19
레노버 요가 패드 프로 12.7 12GB 256GB 태블릿 스냅드래곤 8 Gen 3 12.7인치 144Hz LCD 화면 10200mAh 68W 충전 안드로이드 와이파이 탭,1005009604407877,3月,12GB 256GB Blue,236.03,$236.03
Worx 4V Electrical Screwdriver Sets WX242 Smart Cordless Electric Screwdrivers SDS Chuck USB Rechargeable 30 Bit Sets,1005006025572712,3月,WX242,20.48,$20.48
Xiaomi Mijia 전기 스크루 드라이버 키트 MI 정밀 장비 수리 도구 다중 속도 조절 가능한 충전식 자기 박스 패드,1005005830868366,3月,/,18.04,$18.04
Edifier MR5 2.0 모니터 스피커 시스템 Bluetooth V6.0 LDAC 고해상도 무선 스피커 3방향 액티브 크로스오버 110W RMS,1005009103399159,3月,White,100.12,$100.12
UGREEN DP KVM Switch 2 Monitors 2 PCs 8K 60Hz USB 3.0 Sharing Keyboard Mouse Monitor with HDR 3D for Laptop Desktop Printer,1005009078711208,3月,8K DP KVM Kit,33.98,$33.98
UGREEN HDMI KVM Switch for 2 Monitor 2 PCs 4K 60Hz USB C USB 3.0 Sharing Monitor Keyboard Mouse Printer with HDR 3D Support,1005008936884408,3月,8K HDMI KVM Kit,45.92,$45.92
"에디파이어 MR3 2.0 모니터 스피커 시스템, 고해상도 오디오, 블루투스 V5.4 밸런스드 TRS RCA AUX 입력, 앱 EQ 룸 보상 설정",1005007877281342,3月,White,44.2,$44.20
Edifier M60 Compact Desktop 2.0 Speakers Hi-Res Audio Wireless LDAC Bluetooth 5.3 USB-C AUX Inputs Support EQ Setting 66W RMS,1005007612849331,3月,White EU-Plug,70.4,$70.40
Edifier M90 Bi-amped 2.0 Speaker Compact Design Bluetooth V6.0 LDAC Hi-Res Audio Wireless Speaker with Remote 100W RMS,1005011600003372,3月,White,107.05,$107.05
AI 센서 네일 램프 UV LED 미니 램프 충전식 무선 램프 데스크탑 및 휴대용 건조 라이트 모든 네일 젤 빠르게 경화,1005009750235353,3月,G1 White,7.98,$7.98
우아한 그리드 네일 스탬핑 플레이트 10*15cm 플러스 사이즈 체크무늬 라인 스트라이프 나비 꽃 디자인 네일 아트 플레이트 DIY 프린팅 도구,1005007044787494,3月,OM-D01,1.51,-$1.51
요크펠로우 임마스터 3D 프렌치 네일 듀얼 폼 세트 150개 15사이즈 매직 캡 익스텐션 네일 폼 매니큐어 DIY 아트 살롱 도구,1005010721982173,3月,Space-150pcs PP box,1.89,$1.89
SHGO-핑크 꽃병 작은 꽃병 펜 홀더 메이크업 브러쉬 홀더 현대 디자인 홈 오피스를위한 장식 여성 선물,1005009768295230,3月,Pink,10.22,$10.22
60pcs 재사용 가능한 부드러운 실리콘 패드 스텐실 폴리 네일 젤 듀엣 시스템 용 프랑스어 Forma 스티커 프랑스 매니큐어 용 듀얼 폼,1005006112898531,3月,A,2.06,-$2.06
120 팁/세트 학습자를위한 전문 클리어 네일 팁 네일 젤 폴란드어 디스플레이 컬러 보드 차트 타원형 워터 드롭 네일 살롱 도구,1005004355126536,3月,120PCS,0.32,$0.32
회전하는 고양이 눈 네일 자석 와이드 라이트 글래스 비즈 효과 다기능 강력 자동 네일 아트 마그네틱 젤 네일 폴리쉬용,1005011590561627,3月,A pink 1pc,2.26,$2.26
캣아이 네일 마그넷 보조 홀더 패드 네일 아트용 자석 젤 폴리쉬 가이드 도구 초보자 DIY 자석 네일 헬퍼,1005010375181991,3月,HJ-NAT288-Pink,1.53,-$1.53
30/20/5pcs 매니큐어 회전 보석 액세서리 만화 유니버설 회전 베어링 회전식 전송 구슬 네일 장식,1005007805201833,3月,5PCS-3mm,0.81,-$0.81
2박스 세트 미니 리본 네일 참 3D 레드 핑크 리본 네일 아트 라인스톤 귀여운 Y2K 장식 매니큐어 디자인 부품 24MIX,1005010762960296,3月,2 Box,1.24,-$1.24
1개 창의적인 3D 하트 별 오각형 실리콘 네일 몰드 DIY 네일 아트 장식 투명 매니큐어 템플릿 네일 참용,1005011641523885,3月,1,1.2,-$1.20
카니우 투명 속이 빈 프렌치 네일 스티커 눈꽃 별 디자인 네일 아트 데칼 셀프 접착 매니큐어 스텐실 템플릿,1005010554680360,3月,01-1Pcs,1.51,-$1.51
"1개 네일 스탬핑 플레이트 30가지 패턴, 격자무늬 기하학적 네일 아트 스텐실, 전문가용 메탈 스탬핑 플레이트, DIY 네일",1005010410959292,3月,gangban X-003,0.38,-$0.38
네일 아트 젤 폴리쉬 브러쉬 글리터 파우더 매니큐어 액세서리 용 도구가있는 100 개/상자 그라디언트 스폰지 브러쉬,1005009929679128,3月,Pink,0.47,-$0.47
5Pcs 소프트 청소 네일 브러쉬 도구 6.2x3.2cm 매니큐어 페디큐어 도구에 대 한 얼음 투명 아크릴 핑크/블루 네일 클리너 브러쉬,1005008524634578,3月,1,1.65,-$1.65
300Pcs 이슬 방울 물방울 네일 아트 매력 시뮬레이션 라운드 물방울 수지 비즈 네일 장식 믹스 크기 3D 라인 석 부분,1005007274454601,3月,1,1.53,-$1.53
2400pcs + 반짝 이는 클리어 크리스탈 보석 네일 라인 석 1.5-4mm 혼합 라운드 유리 스톤 플랫 백 네일 매력 12 그리드 네일 다이아몬드 DIY,1005007942007044,3月,resin champagne,1.45,-$1.45
새로운 Lenovo Xiaoxin Pad Pro 12.7 2025년 2월 태블릿 크기 8300 2.9k 해상도 144Hz 새로 고침 빈도 WIFI 10200mAh WIFI Android,1005011701730285,3月,Std Edition 8G 128G,149.19,$149.19
가민 포러너 255 스포츠 스마트워치 46mm 1.3인치 컬러 스크린 14일 배터리 수명 4GB RAM NFC 블루투스 와이파이 5ATM 방수,1005010272575016,3月,Slate Gray (GPS),179.46,$179.46
WORX WU094 12V 무단속 속도 조절 ESD 안전 브러시리스 리튬 사이클론 먼지 제거 터보 팬 핸드헬드 리프 블로워 청소 도구,1005010009493449,3月,WU094.1 Set,42.31,$42.31
"버니플라이 18/20인치 알루미늄 합금 마그네슘 모던 기내용 캐리어, 항공 승인 알루미늄 트롤리 휴대용 기내 사이즈 여행 가방",1005009949091248,3月,"Color:Silver,Luggage Size:18Inches 450mm",52.23,$52.23
투키 PD 100W USB 접이식 케이블 C타입 to C타입 고속 충전 케이블 (아이폰 15 16 Pro Max 샤오미12 13 삼성 S23 S24 호환),1005009466301312,3月,3Pcs Gray,7.25,$7.25
UGREEN 200W GaN Charger 8 in 1 Desktop Laptop Fast Charging Stand For iPhone 17 16 15 Pro Max Macbook Air Xiaomi Samsung Tablets,1005008707006131,3月,KR GaN 200W,37.0,$37.00
"UPERFECT 4K 휴대용 모니터 16인치 3840x2400 IPS 노트북 확장형 화면 1200니트 USB-C HDMI 컴퓨터 PC 게임 디스플레이 스피커 및 스마트 커버 포함 여행용 모니터 PC, 휴대폰, PS5/4, Xbox, 스위치, 스팀 덱",1005009173829374,3月,EU Plug,100.73,$100.73
기존 SHOKZ OpenRun Pro 2 S820 S821mini 블루투스 이어폰 IP55 방수 골전도 헤드폰 음악 스포츠 이어 버드,1005008561939766,3月,S821MINI black 50|S820 BLACK 50|S820 orange 50,100.78,$100.78
Foamboss 전기 거품 분무기 세차 홈 가든 깨끗한 자세히 눈 거품 대포 고압 물,1005006807256207,3月,black,23.27,$23.27
"AMD Ryzen 5 7500F R5 7500F, 3.7GHz, 6 코어 12 스레드 CPU 5NM L3 = 32M 100 000001015 소켓 AM5, 쿨링 없음, 신제품",1005008569262257,3月,/,94.1,$94.10
"AMD Ryzen 7 7800X3D CPU, R7 7800X3D, 5.0GHz, 8-Core,16-Thread,5NM,96M,100-100000910 Socket AM5 New Tray Without Cooler",1005010199663594,3月,/,239.99,$239.99
AMD Ryzen 5 Pro 6650H 16GB LPDDR5,1005010541508792,3月,LPDDR5 16GB 512GB EU|>> LPDDR5 16GB No SSD,214.22,$214.22
"UWANT V500 무선 청소기, 도킹 스테이션 포함, 자동 먼지 비움 기능 탑재, 230,000Pa의 강력한 흡입력, 미세먼지를 감지하는 마이크로 그린 라이트, LED 디스플레이 탑재, 작고 가벼운 디자인, 최대 40분간 사용",1005010661950273,3月,WHITE,74.03,$74.03
레노버 요가 패드 프로 12.7 12GB 256GB 태블릿 스냅드래곤 8 Gen 3 12.7인치 144Hz LCD 화면 10200mAh 68W 충전 안드로이드 와이파이 탭,1005009604407877,3月,"Standard Discount, 12GB 256GB Blue",236.03,$236.03
월드 프리미어 ALLDOCUBE iPlay 70 Max Pro 13인치 2.5K 90Hz 디스플레이 태블릿 Unisoc T7300 8GB 램 128GB 롬 안드로이드 16 10000mAh LTE,1005011558463521,3月,EU Plug,127.99,$127.99
"MX Master 4 Logitech Wireless Bluetooth Office Mouse, Dual Mode 8K Multi-Device Switching AI Smart Electromagnetic Scroll Wheel",1005011707972780,3月,Graphite black,101.4,$101.40
로지텍 MX 마스터 4,1005010188669643,3月,Graphite black,100.71,$100.71
UGREEN 145W 20000mAh 보조베터리 맥세이프 Qi2 15W 자기 무선 보조베터리 스테이션 유그린 PD3.1 노트북 100W 고속충전 고속 충전용 외장 배터리 대용량 맥세이프 충전기,1005008365311968,3月,20000mAh,62.99,$62.99
【KC 인증】유그린 Qi2.2 25W 보조배터리 고속 충전 10000mAh 타입 C 케이블 파워뱅크 아이폰 17 프로 맥스용 MagSafe 30W 지원,1005006287670753,3月,KC Korean Version,33.89,$33.89
UGREEN 업그레이드 Magflow Qi2.2 25W 무선 충전기 2 in 1 혁신적인 로켓 스타일 아이폰 17 16 프로 맥스 고속 충전,1005010549800708,3月,2 in 1 Qi2 25W,27.86,$27.86
Edifier M60 Compact Desktop 2.0 Speakers Hi-Res Audio Wireless LDAC Bluetooth 5.3 USB-C AUX Inputs Support EQ Setting 66W RMS,1005007612849331,3月,White EU-Plug,70.4,$70.40
"Anker Nano Power Bank (5K, Slim)，5000mAh",1005010636749102,3月,"White,5000mAh|black,5000mAh",28.36,$28.36
UGREEN 145W 20000mAh 보조베터리 맥세이프 Qi2 15W 자기 무선 보조베터리 스테이션 유그린 PD3.1 노트북 100W 고속충전 고속 충전용 외장 배터리 대용량 맥세이프 충전기,1005009327896904,3月,"Qi2 25W Upgrade,China Mainland",23.83,$23.83
바퀴 달린 접이식 카트 대용량 다기능 카트 정원 공원 야외 해변 캠핑 카트 휴대용 바베큐 트롤리,1005010729399701,3月,blue/RED,41.03,$41.03
UGREEN MFi 3-in-1 15W MAX 마그네틱 무선 충전기 스탠드 Qi2 총 25W 충전 아이폰 16 17 프로 애플 워치용 MagSafe,1005009889116002,3月,Qi2 Upgrade 25W,16.55,$16.55
FARASUTE NEW Machinery 남자 시계 연어 다이얼 St17 수동 기계식 시계 작은 두 번째 빈티지 Bonklip 팔찌,1005009176358915,3月,Salmon/ Silver/blue/bamboo green/brown,189.3,$189.30
2026 WLtoys 원격 조종 항공기 A310 브러시리스 모터 3D/6G 자이로스코프 듀얼 윙스 4채널 비행기 소년 장난감 선물,1005010649986323,3月,A310 4CH Green,46.0,$46.00
헹롱 메탈 무선 조종 탱크 장난감 자동차 타이거 원 크롤러 무선 전동 배틀 발사 가능 무선 조종 자동차 남자아이 선물,1005010328312218,3月,upgraded version,109.76,$109.76
WLtoys K270 RC 헬리콥터 2.4G 6축 자이로스코프 4채널 고도 유지 광학 흐름 브러시리스 원격 제어 헬리콥터 장난감 어린이용,1005010303620694,3月,K270 1Battery,50.87,$50.87
RC 비행기 5채널 3D/6G 고정익 RC 비행기 2.4GHz P51D 머스탱 RTF 성인 초보자용 쉽게 조종 가능한 탈착식 브러시리스 전투기,1005010140014103,3月,(RTF) Brushless 2B,40.71,$40.71
아풀 퍼포머 8S 하이파이 이어폰 1DD+6BA+1패시브 라디에이터+1마이크로 플래너 인이어 유선 헤드폰 (조절 가능한 패시브 유닛 포함),1005010733634231,3月,P8S-4.4mm,272.99,$272.99
MOONDROP 구식 온이어 헤드폰 0.78-2핀 3.5mm 3중 견고한 플렉스 복합 다이어프램 헤드셋,1005010457140996,3月,3.5mm Plug,16.99,$16.99
BEEP 오디오 Azure 10mm+8mm 2DD+1BA(노울즈) 인이어 이어폰 고품질 사운드 편안한 유선 이어버드 3.5mm+4.4mm 케이블,1005010450175686,3月,AZURE,63.41,$63.41
MOONDROP Dawn Pro 2 휴대용 USB DAC 앰프 듀얼 CS43198 DAC 32BIT/384KHz DSD256 2세대 온라인 대화형 DSP,1005009812747410,3月,Dawn Pro 2,38.49,$38.49
에디파이어 T5s 파워드 서브우퍼 8인치 전면 발사 롱스로우 우퍼 깊고 강력한 베이스 스피커 RCA 입력 70W RMS,1005009416223170,3月,Black,82.75,$82.75
Edifier MR5 2.0 모니터 스피커 시스템 Bluetooth V6.0 LDAC 고해상도 무선 스피커 3방향 액티브 크로스오버 110W RMS,1005009103399159,3月,Black,100.12,$100.12
Edifier MR5 2.0 모니터 스피커 시스템 Bluetooth V6.0 LDAC 고해상도 무선 스피커 3방향 액티브 크로스오버 110W RMS,1005009103399159,3月,White,100.12,$100.12
"HIFIMAN SVANAR 무선 LE 소음 차단 Bluetooth 이어폰형 Hi-Fi 이어폰, Hymalaya DAC, 토폴로지 다이어프램 드라이버, IPX5 포함",1005006160337688,3月,BROWN,52.44,$52.44
주방 비누 기계 자동 센서 손 소독제 스마트 전기 바디 워시 비누 디스펜서 304 스테인레스 스틸,1005007723620432,3月,X12Drybatteryversion,14.63,$14.63
Baseus 마그네틱 주방 타이머 디지털 타이머 수동 카운트다운 알람 시계 기계식 요리 타이머 요리 샤워 연구 스톱워치,1005006103477556,3月,Black,6.94,$6.94
"GameSir G7 Pro Xbox 게임 컨트롤러 유선 게임패드 (Xbox Series X용) | S, Xbox One X | S, 스팀, PC, 충전 도크가 포함된 안드로이드",1005009691003184,3月,Mech White,53.99,$53.99
Ulanzi U200 U-200 스마트폰 비디오 조작 LED 비디오 라이트 2 in 1 링 라이트 마이크용 콜드 슈 Tiktok Youtube Live Rig Light,1005001794516332,3月,U200 Light,31.9,$31.90
"새로운 ETENWOLF V3 휴대용 타이어 공기 주입기 펌프 160 PSI 자동차 컴프레서 100% 듀티 사이클 7800mAh 에어 펌프 (자동차, 오토바이, 자전거용)",1005009132563753,3月,V3-Black,23.5,$23.50
"WOLFBOX MF200 전기 에어 더스터 에어 블로워-320g 풍압, 충전식 3단계 브러시리스 모터 자동차/PC/가정/야외용",1005010002690851,3月,MF200 | China Mainland,50.6,$50.60
"UGREEN 보안 스마트트랙 카드, 애플 내 지갑 찾기, 블루투스 추적기, 휴대폰 찾기, 방수 기능, iOS 전용",1005008451372409,3月,1-Pack | China Mainland,13.29,$13.29
"샤오미 미지아 에어 펌프 2 25% 속도 부스트 미니 휴대용 전기 공기 압축기, 보물 150PSI, C 타입 LED 멀티툴 팽창기, 샤오미",1005010336924024,3月,2D Upgraded version,29.56,$29.56
"샤오미 미지아 전기 세차건, 고압 클리너, 폼 깍지, 자동 청소 케어, 무선 세차 물총, 2.4MPA",1005007107852350,3月,White,41.59,$41.59
"데스크탑 사이버트럭 3 in 1 마그네틱 고속 무선 충전기 폰 거치대 (아이폰 16, 15 Pro Max, 애플 & 삼성 워치, 에어팟 프로용)",1005009663112756,3月,B,18.86,$18.86
Alpicool DD40 40L 자동차 냉장고 12V 압축기 냉장고 냉동고 캠핑 바베큐를위한 듀얼 존 독립 제어 휴대용 쿨러,1005009085259159,3月,40L,143.67,$143.67
"UGREEN 2팩 Bluetooth 추적기 태그는 Samsung SmartThings 앱과 함께 작동합니다(Samsung 전용), 550일 재생 시간 아이템 찾기 스마트 태그",1005009610674146,3月,1pack,10.97,$10.97
에텐울프 제피르 S5C 무선 타이어 인플레이터 100% 듀티 사이클 자동차 컴프레서 160PSI & 15600mAh 픽업 SUV 자동차 타이어용,1005010355874613,3月,S5C Orange,50.9,$50.90
"Baseus 자동차 비상 안전 망치, U자형 안전 벨트 커터, 창문 차단기, 비상 램프 포함 탈출, 자동차 액세서리, 3 in 1",1005007099351339,3月,black,7.6,$7.60
1PC 태양열 자동차 전화 번호판 Led 조명 임시 주차 카드 숨겨진 플레이트 주차장 중지 여러 번호 주차 가제트,1005008993616599,3月,black,4.74,$4.74
"글로벌 버전 70mai 백미러 대시 캠, 9.35 인치 터치 스크린, 70mai S500 자동차 DVR 3K 슈퍼 캐패시터 듀얼 채널 HDR 음성 제어, 24 시간 주차",1005006165836344,3月,Set n HWK UP03+128g sd card,110.06,$110.06
"360 ° 회전 이중 렌즈 내시경, 3.9MM 5인치 IPS 내시경 검사 카메라, 자동차 기계 산업용 내시경",1005006371131184,3月,S10 6MM Single lens | 2m,65.98,$65.98
UGREEN MFi 3-in-1 15W MAX 마그네틱 무선 충전기 스탠드 Qi2 총 25W 충전 아이폰 16 17 프로 애플 워치용 MagSafe,1005009889116002,3月,Qi2 Upgrade 25W,16.55,$16.55
MIJIA 고속 워터 이온 H701 헤어 드라이어 전문 헤어 케어 퀵 드라이 음이온 65m/s 110000Rpm 220V CN 버전,1005006117699086,3月,Hair Dryers Grey,49.97,$49.97
"AULA F108Pro/F108 Wireless Bluetooth tri-mode connection, multi-functional display, Gasket structure, RGB lighting effects",1005011698703994,3月,F108 Pro Yellow Mix,33.11,$33.11
글로벌롬 레노버 샤오신 패드 11 2025 탭 128GB 256GB 디멘시티 6300 11인치 2.5K 스크린 7040mAh 와이파이 안드로이드 패드 구글 플레이 태블릿,1005011701489651,3月,Std 6G 128G Gray,89.1,$89.10
"AULA F108Pro/F108 Wireless Bluetooth tri-mode connection, multi-functional display, Gasket structure, RGB lighting effects",1005011698703994,3月,F108 Pro Yellow Mix,33.11,$33.11
AULA F87 Pro 가스켓 게임용 기계식 키보드 75% TKL 레이아웃 무선 핫 스왑 RGB 맞춤형 Bluetooth 키보드 2024 새로운 색상,1005006838602057,3月,Star Trek,25.67,$25.67
"UGREEN 무선 버티컬 마우스, 맥북 태블릿 노트북 컴퓨터 PC 마우스용, 인체 공학적 4000DPI 6 음소거 버튼, 블루투스 5.0, 2.4G",1005007344983187,3月,Vertical Mouse,13.98,$13.98
ZSUS 2160*1440 노트북 XBox PS4 / 5 스위치 TV 박스 휴대 전화 PC 확장 모바일 용 14 인치 2K 휴대용 모니터 60HZ,1005006111326351,3月,PM14T-2k,57.17,$57.17
레노버 리전 Y700 2025 CN 안드로이드 패드 4세대 TB322FC 게이밍 태블릿 12/256GB 16/512GB 스냅드래곤 8 엘리트 8.8인치 165Hz 7600mAh 태블릿,1005010120015183,3月,12GB 256GB White,320.0,$320.00
AULA F75 MAX 게임용 기계식 키보드 75% 유선/블루투스/2.4G 핫스왑 RGB E-스포츠 키보드(PC/Mac용 TFT 스크린 포함) ﻿,1005008918966109,3月,Black contour lines,39.98,$39.98
"에디파이어 MR3 2.0 모니터 스피커 시스템, 고해상도 오디오, 블루투스 V5.4 밸런스드 TRS RCA AUX 입력, 앱 EQ 룸 보상 설정",1005007877281342,3月,White,44.2,$44.20
Logitech MX Master 3S 무선 Bluetooth 마우스 비즈니스 오피스 소프트톤 마우스 인체공학적 비즈니스 오피스 마우스,1005011668949401,3月,Black,56.35,$56.35
"Anker Nano Power Bank (5K, Slim)，5000mAh",1005010636749102,3月,White,28.36,$28.36
완보 큐브 2 프로 4K 휴대용 네이티브 1080P 프로젝터 500ANSI 안드로이드 TV 11.0 ToF 레이저 레이더 실시간 초점 3가지 색상 가능,1005010126443024,3月,Green,131.84,$131.84
레노버 요가 패드 프로 12.7 12GB 256GB 태블릿 스냅드래곤 8 Gen 3 12.7인치 144Hz LCD 화면 10200mAh 68W 충전 안드로이드 와이파이 탭,1005009604407877,3月,12GB 256GB Blue,236.03,$236.03
UGREEN 145W 20000mAh 보조베터리 맥세이프 Qi2 15W 자기 무선 보조베터리 스테이션 유그린 PD3.1 노트북 100W 고속충전 고속 충전용 외장 배터리 대용량 맥세이프 충전기,"1005008153705312,1005011839796368",3月,20000mAh,62.99,$62.99
SHOKZ OpenDots ONE 오픈 무선 블루투스 헤드셋 V5.4 마이크 포함 Dolby 사운드 방수 긴 배터리 수명 New 2025,1005009463218687,3月,E310 black,100.08,$100.08
LEOBOG AMG65 트라이 모드 기계식 키보드 커스텀 TFT 듀얼 스크린 핫스왑 가스켓 구조 저소음 스위치 저소음 키보드,1005008804152833,3月,"White Starlight, Silent Switch",64.7,$64.70
"에디파이어 Edifier QS20 휴대용 블루투스 스피커 앰비언트 라이트 기능, 블루투스 V6.0, IP67 방수, 스테레오 페어링, 멀티포인트 연결, 마이크 포함",1005009418690152,3月,"White,China Mainland",30.49,$30.49
레노버 리전 Y700 2025 CN 안드로이드 패드 4세대 TB322FC 게이밍 태블릿 12/256GB 16/512GB 스냅드래곤 8 엘리트 8.8인치 165Hz 7600mAh 태블릿,1005010120015183,3月,16GB 512GB Black,369.55,$369.55
SHARGE Flow Mini 2 휴대용 충전기 22.5W 최대 고속 충전 5000mAh 보조베터리 안드로이드 iPhone16/15 시리즈용 미니 배터리 팩,1005008980761296,3月,Black,13.14,$13.14
"테슬라 모델 3 하이랜드 모델 Y 주니퍼 센터 콘솔 가죽 팔걸이 박스용 후면 에어벤트 커버, 긁힘 방지 자동차 액세서리",1005010358863207,3月,2PCS PU White,19.71,$19.71
SEAMETAL 접이식 트렁크 보관 상자 방수 옥스포드 천 110L 캠핑/낚시 용 대용량 자동차 주최자 휴대하기 쉬운,1005008395026123,3月,36L,7.57,$7.57
SEAMETAL 접이식 트렁크 보관 상자 방수 옥스포드 천 110L 캠핑/낚시 용 대용량 자동차 주최자 휴대하기 쉬운,1005008395026123,3月,110L,13.76,$13.76
에텐울프 제피르 S3/S5 휴대용 타이어 공기 주입기 100% 작동률 7800/15600mAh 자동차 자전거 공기 펌프 (신제품),1005007749000609,3月,ZEPHYR S5,43.96,$43.96
Tesla Model3 Y Juniper 2025 중앙 제어 화면 숨겨진 자기 개폐 보관함 티슈 박스 보관 액세서리,1005009700324477,3月,M3Y Highland Juniper,13.1,$13.10
"테슬라 2026 모델 Y 주니퍼용 SATONIC 8.9인치 스마트 대시보드 스크린, 카플레이 및 안드로이드 오토 내비게이션 업그레이드 F9pro 지원",1005008711053633,3月,"Model Y Juniper,China Mainland|",136.0,$136.00
신제품 라포 VT0 에어 맥스 PAW3950 게이밍 마우스 2.4g 무선 8K 39g 경량 맞춤형 인체공학적 고성능 e스포츠 마우스 선물,1005011667770571,3月,VT0Air MAX Blue,32.01,$32.01
신제품 라포 VT0 에어 맥스 PAW3950 게이밍 마우스 2.4g 무선 8K 39g 경량 맞춤형 인체공학적 고성능 e스포츠 마우스 선물,1005011667770571,3月,Blue VT0 Air MAX P5,36.61,$36.61
Ra.zer Viper V3 Pro 블랙/화이트 에디션 초경량 무선 게이밍 마우스,1005010486846676,3月,하얀색,110.87,$110.87
KEYSION CS43198 USB DAC 오디오 HiFi 디코더 384KHz DSD256 Type-C ~ 3.5mm Android iOS Win10 용 EQ HD 헤드폰 앰프 조정,1005007871997437,3月,-,20.99,$20.99
SIMGOT EW200 10mm SCP 다이어프램 이중 자기 회로 및 이중 캐비티 다이나믹 드라이버 이어폰형 이어폰,1005005653010223,3月,Sigmot EW200,28.59,$28.59
"Anker Laptop Power Bank, 25,000mAh Portable Charger with Triple 100W USB-C Ports for Multi-Device Charging For iPhone17",1005008753579553,3月,/,53.39,$53.39
"로지텍 G PRO X Superlight 2 SE 무선 게이밍 마우스, HERO 2 센서, 44000DPI, 888IPS, G 허브, Type-C 인터페이스",1005011703502630,3月,black,76.58,$76.58
레노버 요가 패드 프로 12.7 12GB 256GB 태블릿 스냅드래곤 8 Gen 3 12.7인치 144Hz LCD 화면 10200mAh 68W 충전 안드로이드 와이파이 탭,1005009604407877,3月,"Standard Discount, 12GB 256GB Blue",236.03,$236.03
AULA AG60 Pro/MAX 유선 게이밍 기계식 키보드 맞춤형 풀 알루미늄 고성능 마그네틱 축 e스포츠 및 FPS 게임용,1005010570267539,3月,AG60 Pro-Red,72.88,$72.88
UGREEN MFi 3-in-1 15W MAX 마그네틱 무선 충전기 스탠드 Qi2 총 25W 충전 아이폰 16 17 프로 애플 워치용 MagSafe,1005007781642917,3月,"Qi2 25W,China Mainland",37.99,$37.99
"앵커 마그고 3-in-1 충전 스테이션 Qi2 인증 15W 맥세이프 호환 무선 충전기 스탠드, 애플 워치 충전기/아이폰 17",1005006367536232,3月,"black,CN",45.88,$45.88
"Anker Nano Power Bank (5K, Slim)，5000mAh",1005010636749102,3月,"Black,5000mAh",28.36,$28.36
"Anker Laptop Power Bank, 25,000mAh Portable Charger with Triple 100W USB-C Ports for Multi-Device Charging For iPhone17",1005008753579553,3月,"grey,20001mAh-25000mAh,China Mainland",53.39,$53.39
베이스어스 45W 미니 파워뱅크 10000mAh 내장 USB-C 케이블 포켓 사이즈 소형 고속 충전 휴대용 아이폰 17 삼성 S25용,1005010724501614,3月,"45W Black,10000mAh,China Mainland",19.29,$19.29
Baseus 10000mAh 45W Power Bank For Qi2.2 25W MagSafe Magnetic Wireless Charging Built-In USB-C Cable For iPhone 17 Samsung S25,1005009911935835,3月,"Qi2.2 25W PD 45W BL,10000mAh,China Mainland",26.66,$26.66
베이스어스 3 in 1 마그네틱 무선 충전기 Qi2.2 25W 고속 충전 아이폰 17 16 15 14 애플워치 이어버드 에어팟 프로 iWatch용,1005009911629200,3月,"Without Charger,China Mainland",30.59,$30.59
UGREEN 145W 20000mAh 보조베터리 맥세이프 Qi2 15W 자기 무선 보조베터리 스테이션 유그린 PD3.1 노트북 100W 고속충전 고속 충전용 외장 배터리 대용량 맥세이프 충전기,1005008365311968,3月,"20000mAh,China Mainland",62.99,$62.99
【KC 인증】유그린 Qi2.2 25W 보조배터리 고속 충전 10000mAh 타입 C 케이블 파워뱅크 아이폰 17 프로 맥스용 MagSafe 30W 지원,1005006287670753,3月,"30W 10000mAh,China Mainland",33.89,$33.89
새로운 Lenovo Xiaoxin Pad Pro 12.7 2025년 2월 태블릿 크기 8300 2.9k 해상도 144Hz 새로 고침 빈도 WIFI 10200mAh WIFI Android,1005011701730285,3月,Std Edition 8G 128G,149.19,$149.19
CROSSGUN New Jet Fan Strong Portable Power Handheld Dust Elimination Computer Hurricane Storm Source Turbo Jetfan LED X6 Pro,1005009343275998,3月,With Accessory,27.3,$27.30
"新UGREEN 500W GaN 충전기 6 IN 1 데스크탑 충전 스테이션 PD 3.1 최대 240W 단일 포트, MacBook Pro, 노트북, iPad, 태블릿, iPhone 17용",1005009100541527,3月,KR GaN 500W,115.99,$115.99
"에디파이어 MR3 2.0 모니터 스피커 시스템, 고해상도 오디오, 블루투스 V5.4 밸런스드 TRS RCA AUX 입력, 앱 EQ 룸 보상 설정",1005007877281342,3月,White,44.2,$44.20
Anker SOLIX C300 DC 전원 은행 스테이션 실외 288Wh(90000mAh) 여러 장치용 휴대용 발전소 LiFePO4 배터리,1005007673598585,3月,/,118.19,$118.19
UGREEN 100W GaN Charger With Smart Display For MacbookPro Laptop iPhone 17 16 Pro iPad Tablet Samsung QC4.0 PD 3.0 USB C Charger,1005006579895295,3月,KR GaN 100W,21.83,$21.83
JUHOR DDR5 16GB 4800MHz 5600MHz 6000MHz  RAM UDIMM for Computer PC Desktop Memory Ram DDR5,1005010527122304,3月,DDR5 16G 4800MHz,149.5,$149.50
JUHOR RGB DDR5 32GB(16GBX2)  6000MHz 6800MHz 7200MHz 8000MHz DDR5 16GB Desktop Memoria Ram,1005008612495091,3月,16 GB,322.85,$322.85
"쇼크즈 오픈핏 2+ T921 오픈형 이어폰 돌비 오디오 무선 블루투스 이어폰, 듀얼부스트 기술 AI 노이즈 감소",1005009961437697,3月,T921 White,100.27,$100.27
SHOKZ OpenDots ONE 오픈 무선 블루투스 헤드셋 V5.4 마이크 포함 Dolby 사운드 방수 긴 배터리 수명 New 2025,1005009463218687,3月,OpenDots ONE White,100.08,$100.08
앤커 사운드코어 스페이스원 프로 노이즈캔슬링 무선헤드폰 A3062,1005010122521690,3月,Champagne Gold,85.82,$85.82
"Edifier D32 탁상 무선 블루투스 스피커, 레트로 나무 스피커, 고해상도 오디오 LDAC C타입 Aux 입력, 지지대 에어플레이 60W RMS",1005006613251399,3月,WHITE-EU Plug,83.5,$83.50
레노버 리전 Y700 2025 CN 안드로이드 패드 4세대 TB322FC 게이밍 태블릿 12/256GB 16/512GB 스냅드래곤 8 엘리트 8.8인치 165Hz 7600mAh 태블릿,1005010120015183,3月,12 256 Black,320.0,$320.00
"Lenovo Legion Y700 2025 Gaming Tablet 256GB 512GB ROM Snapdragon 8 Gen 3 8.8"" 165Hz Screen 6550mAh 68W Charging Wifi Android Tab",1005011756851445,3月,"Super Deal, 12GB 256GB Black",245.92,$245.92
"레판트 M3 맥스 로봇 진공청소기, 올인원 베이스 스테이션 20000Pa 흡입력, LiDAR 내비게이션, 220분, 지능형 음성 제어",1005010720947983,3月,M3 MAX,204.07,$204.07
"Lenovo Xiaoxin Pad Pro GT 128GB 256GB Snapdragon 8 Gen 3 11.1"" 144Hz 3.2K Display 8860mAh 68W Charging Android Wifi7 Tablet PC",1005011785060188,3月,8GB 256GB grey,202.47,$202.47
"로지텍 G PRO X Superlight 2 SE 무선 게이밍 마우스, HERO 2 센서, 44000DPI, 888IPS, G 허브, Type-C 인터페이스",1005011703502630,3月,WHITE 7517,76.58,$76.58
JONR ED12 Pro 무선 진공 물걸레청소기 엣지투엣지브러시 열풍건조 셀프클리닝 오토무빙 한국어음성안내,1005009489043989,3月,,122.95,$122.95
레노버 요가 패드 프로 12.7 12GB 256GB 태블릿 스냅드래곤 8 Gen 3 12.7인치 144Hz LCD 화면 10200mAh 68W 충전 안드로이드 와이파이 탭,1005009604407877,3月,"Standard Discount, 12GB 256GB Blue",236.03,$236.03
"AULA F108Pro/F108 Wireless Bluetooth tri-mode connection, multi-functional display, Gasket structure, RGB lighting effects",1005011698703994,3月,F108 Pro Yellow Mix,33.11,$33.11
"AULA F108Pro/F108 Wireless Bluetooth tri-mode connection, multi-functional display, Gasket structure, RGB lighting effects",1005011698703994,3月,F108 Pro  Gray,33.11,$33.11
Garmin Forerunner 265 스포츠 시계 야외 GPS 러닝 피트니스 마라톤 수영 심박수 혈액 산소 모니터링,1005008687610498,3月,music black 46mm,261.22,$261.22
UGREEN 145W 20000mAh 보조베터리 맥세이프 Qi2 15W 자기 무선 보조베터리 스테이션 유그린 PD3.1 노트북 100W 고속충전 고속 충전용 외장 배터리 대용량 맥세이프 충전기,1005007989914725,3月,,67.99,$67.99
UGREEN 100W GaN Charger With Smart Display For MacbookPro Laptop iPhone 17 16 Pro iPad Tablet Samsung QC4.0 PD 3.0 USB C Charger,1005006579895295,3月,KR 2M 100W Cable,25.26,$25.26
"로지텍 G502 X PLUS LIGHTSPEED 무선 게이밍 마우스, 25K 히어로 센서, 8K 폴링, RGB 조명, 프로그래밍 가능한 e스포츠 마우스",1005011708642551,3月,white6176,54.14,$54.14
"사운드피츠 H3 하이브리드 3 드라이버 무선 이어버드 블루투스 5.4, 55dB 적응형 ANC, LDAC & aptX 무손실 Hi-Res 오디오, 6개 마이크 CVC8",1005009684386541,3月,Black,71.14,$71.14
Edifier QR30 Desktop Active Speakers PC Bluetooth V5.4 Speaker 2.0 Channel 15W+15W RMS Light Effects EQ Setting Deep Bass,1005008849882224,3月,Black EU-Plug,56.4,$56.40
"ZEUSLAP 16"" 2.5K 144hz Portable Monitor 2560*1600 16:10 100%sRGB 500Cd/m²  Travel Gaming Display for Laptop Switch ps4 ps5 Xbox",1005006384112217,3月,,82.32,$82.32
"Lenovo Xiaoxin Pad Pro GT 128GB 256GB Snapdragon 8 Gen 3 11.1"" 144Hz 3.2K Display 8860mAh 68W Charging Android Wifi7 Tablet PC",1005011785060188,3月,8GB 256GB grey,190.15,$190.15
"Lenovo Legion Y700 2025 Gaming Tablet 256GB 512GB ROM Snapdragon 8 Gen 3 8.8"" 165Hz Screen 6550mAh 68W Charging Wifi Android Tab",1005011756851445,3月,"Super Deal, 12GB 256GB Black",245.92,$245.92
레노버 리전 Y700 2025 CN 안드로이드 패드 4세대 TB322FC 게이밍 태블릿 12/256GB 16/512GB 스냅드래곤 8 엘리트 8.8인치 165Hz 7600mAh 태블릿,1005010120015183,3月,12GB 256GB Black,320.0,$320.00
"GMKtec K12 Gaming Mini PC AMD Ryzen 7 H 255(Upgraded 8745HS) Desktop Mini Computers Radeon 780M WiFi 6E/BT5.2, USB-C,  Barebone",1005009835919350,3月,"AMD Ryzen 7 H 255, No Ram No Storage",200.69,$200.69
"빅미 Bigme E-book Reader B6, 6-inch e-ink electronic book, 36-level front light, Android 14 OS built-in Google Play, 4+64GB ereader",1005009645730948,3月,B6 Green,130.4,$130.40
"Hi-Fi MP3 Player with Bluetooth and WiFi, Oilsky Lossless DSD High-Resolution Digital Audio with 64GB Memory Card up to 1TB",1005008113365322,3月,,31.72,$31.72
샤오미 미지아 스마트 LED 데스크 램프 1S 4가지 조명 모드 25000시간 사용 수명 미 테이블 램프 홈 키트 미홈 앱 음성 제어 데스크 램프,1005007041077024,3月,Add EU Adapter,22.91,$22.91
ATK VXE R1 Pro MAX Dragonfly R1 Bluetooth 게임용 마우스 PAW3395 2.4G 무선 E-스포츠 마우스 충전식 경량 인체공학적,1005007675157598,3月,R1 Pro (White),27.83,$27.83
Baseus LED 책상 램프 눈 보호 연구 디밍이 가능한 사무실 조명 접이식 테이블 램프 스마트 적응 형 밝기 침대 옆 읽기 램프,1005009438426816,3月,Grey No Adapt,16.53,$16.53
"로지텍 K400 플러스 안드로이드 스마트 TV 노트북 터치 패널, 무선 터치 키보드",1005006056406655,3月,black 7173,17.22,$17.22
AULA F87 Pro 가스켓 게임용 기계식 키보드 75% TKL 레이아웃 무선 핫 스왑 RGB 맞춤형 Bluetooth 키보드 2024 새로운 색상,1005006838602057,3月,"Sea salt blue, Gray shaft",24.94,$24.94
Logitech G502 HERO 케이블 게임 마우스 E-스포츠 치킨 먹기 기계식 마우스 RGB 라이트는 치킨 매크로 프로그램을 먹기 위해 균형을 잡을 수 있습니다.,1005011708497559,3月,Black,22.3,$22.30
Logitech G304/G305 Lightspeed 무선 게임용 마우스 6개의 프로그래밍 가능 버튼 12000DPI 배터리 Usb 재고 RGB 무선 마우스,1005011708188955,3月,G304 black,22.77,$22.77
"로지텍 MX 메카니컬 미니 무선 키보드, 촉각적 조용한 스위치, 백라이트, 블루투스, USB-C",1005010191595065,3月,Clear White,31.77,$31.77
"WOB Rainy75 기계식 키보드, 무선 트라이 모드, 알루미늄 합금, 핫 스왑, RGB 맞춤형 게이밍 키보드, 노트북 액세서리",1005007580613805,3月, Black Pro,87.55,$87.55
NuPhy Kick75 하이브리드 프로파일 맞춤형 기계식 키보드(QMK 및 VIA 펌웨어),1005011661378910,3月,Color: Low Switch IO|Axis Body: Blush Switch|,81.41,$81.41
"Logitech G PRO X SUPERLIGHT 2 무선 게이밍 마우스, 프로그래밍 가능한 버튼 5개, 44k DPI 센서, 8kHz 반복을 갖춘 60g 프로급 마우스",1005011704549529,3月,white6642,89.93,$89.93
Logitech MX Master 3S 무선 Bluetooth 마우스 비즈니스 오피스 소프트톤 마우스 인체공학적 비즈니스 오피스 마우스,1005011668949401,3月,MX Master 3S black,53.15,$53.15
"Edifier MR4 스튜디오 모니터 2.0 스피커, RMS 클래스-D 앰프 내장 DSP 목재 인클로저, TRS 밸런스드, AUX, RCA 입력, 42W",1005006067438705,3月,White EU-Plug,47.55,$47.55
Magcubic HY450MAX 1100 안시루멘 LED 프로젝터 네이티브 1080P Wifi6 빔 8K 안드로이드 14 휴대용 프로젝터 영화 자동 초점,1005010638145933,3月,HY450MAX,99.59,$99.59
"로지텍 MX 키즈 미니 미니멀리스트 무선 조명 키보드, 컴팩트, 블루투스, 백라이트, USB-C, 애플 macOS 호환",1005011708837425,3月,Business,62.78,$62.78
"Edifier QR65 액티브 모니터 데스크탑 블루투스 스피커, GaN 충전기 포함, 고해상도 LDAC 코덱, RCA Aux USB 입력, 조명 효과",1005006755305707,3月,Black-EU Plug|(25黑+25白),155.99,$155.99
"리트랙터블 골프 스윙 트레이닝 도구, 리듬 클릭 사운드 워밍업 골프 스윙 트레이너, 골프 그립 트레이너 부착물 - 강도 및 템포",1005009913963414,3月,,10.11,$10.11
REVASRI 골프 레이저 거리 측정기 (경사 스위치 포함) 650/1090Y 레이저 거리 측정기 골프 6X 배율 진동 (자석 포함),1005009680689856,3月,650 With magnet,31.67,$31.67
"골프 미니 7 아이언 스윙 연습 도구, 휴대 가능하고 편리하며 공 제어, 거리 및 정확도를 향상시키기 위해 언제든지 연습할 수 있습니다.",1005009196048957,3月,BJ-321,18.06,$18.06
PGM 골프 칩 퍼터 남성 여성 스테인레스 스틸 낮은 중력 디자인 푸시 가능 및 절단 가능 길이 88.9mm TUG042,1005010785965567,3月,43 degrees,32.38,$32.38
PGM 골프 치핑 퍼터 스틸 클럽 남성용 여성용 샌드 웨지 큐 드라이버 피칭 웨지 치퍼 퍼터 골프 아이언 TUG070,1005007621710204,3月,black red,15.96,$15.96
PGM 남성 여성 골프 클럽 스테인레스 스틸 샤프트 방향은 제어 가능하고 안정적이며 사용하기 쉬운 컷 퍼터 TUG069,1005007621511204,3月,black red,13.43,$13.43
PGM 골프 스윙 트레이너 시뮬레이터 클럽 완드 초보자 자세 교정 교육 훈련 스틱 액세서리 오른쪽 왼손 HL004,1005005941272107,3月,HL004-yellow,13.41,$13.41
PGM 골프 퍼터 950 남성용 스틸 클럽 여성용 샌드 웨지 큐 드라이버 피칭 웨지 치퍼 퍼터 골프 아이언 TUG019,1005005655941830,3月,silver,15.43,$15.43
PGM 래그 스틱 골프 스윙 훈련 골프 훈련 스윙 감지를 위한 보조 스윙 트레이너 자세 교정 JZQ021 타격,1005007486286782,3月,JZQ021,6.27,$6.27
UGREEN MFi 3-in-1 15W MAX 마그네틱 무선 충전기 스탠드 Qi2 총 25W 충전 아이폰 16 17 프로 애플 워치용 MagSafe,1005009889116002,3月,Qi2 Upgrade 25W,16.55,$16.55
"XIAOMI MIJIA 먼지 진드기 진공 청소기 2 Pro, 3가지 청소 모드, 16kPa 흡입, UV 살균, 열풍 건조, 스마트 진드기 감지 ​",1005009373751129,3月,Vacuum Mite Remover,51.34,$51.34
글로벌 버전 샤오미 TV 박스 S 3세대 4K 울트라 HD 2G 32G WiFi BT5.2 구글 TV 캐스트 넷플릭스 스마트 TV 박스 미디어 플레이어,1005008762666568,3月,Box S 3rd ship today,44.3,$44.30
"샤오미 미지아 진드기 제거기 진공 청소기 프로, 14kPa 홈 침대 이불, UV 살균, LED 스마트 디스플레이, 어댑터 포함 CN 버전",1005008114884217,3月,XIAOMI Mite Remover,39.53,$39.53
"로지텍 MX 키즈 미니 미니멀리스트 무선 조명 키보드, 컴팩트, 블루투스, 백라이트, USB-C, 애플 macOS 호환",1005011708837425,3月,black 11600,62.78,$62.78
최신 HUD 9.6인치 테슬라 모델 3 2017-2023 & Y 2019-2024 헤드업 디스플레이 다국어 지원 카플레이 안드로이드 오토 OTA 업데이트,1005010509128123,3月,Newest Model 3   Y,109.57,$109.57
"버니플라이 18/20인치 알루미늄 합금 마그네슘 모던 기내용 캐리어, 항공 승인 알루미늄 트롤리 휴대용 기내 사이즈 여행 가방",1005009949091248,3月,실버 18,50.21,$50.21
"테슬라 모델 3 모델 Y 2021-2025 65W / 45W USB 션트 허브 5 in 1 지능형 도킹 스테이션 차량용 어댑터, 고속 충전 지원",1005009835584192,3月,3 21-23 Y 21-24,11.79,$11.79
"테슬라 모델 3 Y용 실리콘 보호 프레임 엣지 커버, 중앙 제어 디스플레이, 내비게이션 화면 보호대, 자동차 액세서리",1005006997603789,3月,White,1.22,$1.22
YZ for Tesla 모델 3 하이랜 모델 Y X S 2018-2025 스티어링 휠 노트북 트레이 여행용 책상 휴대용 사무실 테이블 자동차 액세서리,1005005982140019,3月,2PCS,29.0,$29.00
"ZEUSLAP 18.5인치 1920*1080P 100Hz HDMI 타입 C 휴대용 게이밍 모니터 (휴대폰, NS, PS5, XBOX, PC, 노트북 확장 화면 지원)",1005009153366003,3月,,57.2,$57.20
Sanag B77S IPX8 수영용 이어폰 골전도 블루투스 헤드폰 특가 64GB 메모리 MP3 플레이어 무선 헤드셋,1005009145026106,3月,,37.9,$37.90
"Lenovo Xiaoxin Pad Pro GT 128GB 256GB Snapdragon 8 Gen 3 11.1"" 144Hz 3.2K Display 8860mAh 68W Charging Android Wifi7 Tablet PC",1005011785060188,3月,8GB 256GB grey,190.15,$190.15
Sanag B33S 골전도 블루투스 이어폰 오픈 이어 IPX8 수영용 헤드폰 선택 32GB 메모리 무선 헤드셋 MP3 이어버드,1005009096626762,3月,,22.93,$22.93
새로운 Lenovo Xiaoxin Pad Pro 12.7 2025년 2월 태블릿 크기 8300 2.9k 해상도 144Hz 새로 고침 빈도 WIFI 10200mAh WIFI Android,1005011701730285,3月,"Standard, 8GB 128GB Grey",149.19,$149.19
"QCY MeloBuds N70 ANC 무선 이어버드, 블루투스 6.0, 적응형 노이즈 캔슬링, LDAC, 고해상도 오디오, 6개 마이크, ENC 이어폰, 50시간 재생, 무선 충전, 헤드폰, 인이어 감지",1005009361746399,3月,BLACK,26.87,$26.87
24.5 인치 165HZ 휴대용 게임 모니터 2560x1440 HDMI USB IPS 두 번째 모니터 외부 PC 노트북 Mac 스위치 Xbox ps4,1005009019519091,3月,,140.34,$140.34
기존 SHOKZ OpenRun Pro 2 S820 S821mini 블루투스 이어폰 IP55 방수 골전도 헤드폰 음악 스포츠 이어 버드,1005008561939766,3月,S820 EK,102.78,$102.78
QCY Melobuds N50 ANC Bluetooth 5.4 무선 이어폰 액티브 노이즈 캔슬링 6개 마이크 클리어 콜 이어버드 멀티포인트 연결,1005008032142642,3月,Black,13.69,$13.69
"ZEUSLAP 16"" 2.5K 144hz Portable Monitor 2560*1600 16:10 100%sRGB 500Cd/m²  Travel Gaming Display for Laptop Switch ps4 ps5 Xbox",1005006384112217,3月,,82.32,$82.32
HGFRTEE 16인치 터치 휴대용 모니터 16:10 96%sRGB 350Cd/m² 노트북용 보조 화면 홀더 스탠드 포함 타입-C HDMI 호환,1005006827629161,3月,B160-SZF06L1-T,50.42,$50.42
LINGBAO K108 Pro 블루투스 무선 기계식  키보드 한글 풀배열 104키 LCD 스크린 저소음 솜사탕축 게이밍 키보드 10000mAh,1005009991300285,3月,Low-Noise Switch,42.45,$42.45
레노버 리전 Y700 2025 CN 안드로이드 패드 4세대 TB322FC 게이밍 태블릿 12/256GB 16/512GB 스냅드래곤 8 엘리트 8.8인치 165Hz 7600mAh 태블릿,1005010120015183,3月,12GB 256GB White,320.0,$320.00
ORICO 5/10Gbps USB 허브 클램프 USB3.0/3.2 분배기 어댑터 지원 SD/TF 카드(전원 포함) PC 노트북용 초고속 확장,1005006610024674,3月,7-in-1 10Gbps,12.33,$12.33
"40W 미니 휴대용 LED 조명, 내장 충전식 배터리 탑재, 휴대폰 충전용 PD 지원",1005009575916768,3月,V40 LED Fill Light,11.37,$11.37
Uwant V500 더스트백,1005009364301831,3月,单一sku,6.48,$6.48
TELESIN 전화 카메라 촬영 핸드 그립 자기 스마트 폰 홀더 촬영 보조 아이폰 안드로이드 전화에 대한 원격 제어 핸들,1005008989700691,3月,Only Hand Grip,11.65,$11.65
"UWANT V500 무선 청소기, 도킹 스테이션 포함, 자동 먼지 비움 기능 탑재, 230,000Pa의 강력한 흡입력, 미세먼지를 감지하는 마이크로 그린 라이트, LED 디스플레이 탑재, 작고 가벼운 디자인, 최대 40분간 사용",1005010661950273,3月,,74.03,$74.03
Edifier ES850NB 무선 헤드폰 소음 차단 Bluetooth 이어폰 고해상도 무선 오버이어 헤드폰(캐리 백 포함),1005008788440918,3月,Black,57.96,$57.96
Edifier ES850NB 무선 헤드폰 소음 차단 Bluetooth 이어폰 고해상도 무선 오버이어 헤드폰(캐리 백 포함),1005008788440918,3月,Ivory,57.96,$57.96
Foldable Laptop Stand 360°Rotation Notebook Table Aluminum Alloy Holder Portable Book Tablet Bracket with Heat Dissipation,1005005757050899,3月,,17.21,$17.21
BATOCA Cordless 12V Car Polisher Dual Action Wireless Car Polishing Machine Electric Polish Machines Adjustment Power Tools,1005007443390537,3月,1 Batttery Set,20.88,$20.88
"ETENWOLF ZEPHYR S3C Portable Air Compressor 100% Duty Cycle Car Tire Inflator 7800mAh for Cars, Motorcycles, Bicycles Balls",1005008295800556,3月,S3se orange,23.45,$23.45
기삼 35000RPM 브러시리스 전기 에어 블로워 2in1 터보 블로워 팬 낙엽 먼지 눈 청소 도구 마키타 18V 배터리 핀용,1005009919920500,3月,1 Battery,28.5,$28.50
HABOTEST HT616 자동차 페인트 두께 게이지 0.1 마이크론 0-1500UM Fe & NFe 데이터 페인트 두께 측정기 코팅 측정기 자동차 도구,1005008304482145,3月,HT616,24.76,$24.76
1000W 무선 전기 진공 청소기 충전식 가정용 실내 청소 도구 배터리 세트 없음 마키타 배터리 핀용,1005007199147220,3月,,19.44,$19.44
AIRAJ 3 계층 롤링 도구 유틸리티 카트 헤비 듀티 워크샵 모바일 바퀴 달린 자동차 전기 하드웨어 도구 카트 (서랍 후크 포함),1005006460436424,3月,JS-15,58.29,$58.29
바토카 S4 무선 자동차 광택기 무선 자동차 폴리싱 머신 3mm/12mm 랜덤 오비탈 무료 2개 2.0Ah 리튬 배터리,1005006140691588,3月,SET 2 220V,95.72,$95.72
Blackdog 야외 캠핑 전술 보관 가방 51L 대용량 접이식 잡화 가방 Blacking Organizer 접이식 테이블,1005011697100538,3月,51L Storage Bag,24.32,$24.32
AULA F87 Pro V2 3모드 무선 기계식 키보드 12000mAh 긴 배터리 수명 E-스포츠 키보드 핫스왑 RGB 커스텀 PC 게이밍,1005011689530817,3月,Star vector  Switch,39.31,$39.31
그라바스타 75k1pro 기계식 키보드 무선 게이밍 e스포츠 전문가용 키보드 알루미늄 커스터마이징 컴퓨터 주변기기,1005010305161445,3月,K1lite explore Black,48.83,$48.83
그라바스타 75k1pro 기계식 키보드 무선 게이밍 e스포츠 전문가용 키보드 알루미늄 커스터마이징 컴퓨터 주변기기,1005011661212389,3月,K1 Gradient White,92.87,$92.87
그라바스타 75k1pro 기계식 키보드 무선 게이밍 e스포츠 전문가용 키보드 알루미늄 커스터마이징 컴퓨터 주변기기,1005010143776167,3月,K1pro Cyberpunk|V75 Pro,121.39,$121.39
레노버 리전 Y700 2025 CN 안드로이드 패드 4세대 TB322FC 게이밍 태블릿 12/256GB 16/512GB 스냅드래곤 8 엘리트 8.8인치 165Hz 7600mAh 태블릿,1005010120015183,3月,12GB 256GB White,320.0,$320.00
"로지텍 G PRO X Superlight 2 SE 무선 게이밍 마우스, HERO 2 센서, 44000DPI, 888IPS, G 허브, Type-C 인터페이스",1005011703502630,3月,white,76.58,$76.58
Angry Miao AM Infinity 마우스 Paw3950 8000Hz 트라이 모드 무선 마우스 경량 홀로우 아웃 마그날륨 게이밍 마우스 PC 액세서리,1005009969828435,3月,Mirror Shadow|Cloud White,100.0,$100.00
Edifier QR30 Desktop Active Speakers PC Bluetooth V5.4 Speaker 2.0 Channel 15W+15W RMS Light Effects EQ Setting Deep Bass,1005008849882224,3月,White EU-Plug,56.4,$56.40
투키 PD 100W USB 접이식 케이블 C타입 to C타입 고속 충전 케이블 (아이폰 15 16 Pro Max 샤오미12 13 삼성 S23 S24 호환),1005009466301312,3月,3pcs 100W Cable,7.25,$7.25
Anker Prime 735 보조베터리 20000mAh 200W 20K 휴대용 충전기 휴대용 보조베터리 대용량 20000mAh 배터리 예비 배터리,1005006067543904,3月,with base EU Plug,90.1,$90.10
"ARZOPA 27인치 180hz 2560*1400 게이밍 모니터 QHD 2K 모니터 PC용 고속 IPS 타입-C, 삼성 DeX 모드, FreeSync M1RC",1005009094614276,3月,27 QHD 180Hz M1RC,76.36,$76.36
"SUSHIMU 100% 알루미늄 마그네슘 합금 여행 가방, 롤링 수하물, 트롤리 수하물, 기내 수하물, 20 인치, 24/28 인치",1005007334071358,3月,실버 20,52.75,$52.75
Vgn 드래곤플라이 F2 시리즈 프로 맥스/울트라+ 마우스 무선 트라이 모드 Paw3395/3950 8K e스포츠 게이머 커스텀 미니어처 무브먼트 마우스,1005010202217384,3月,|Ultra Plus White,43.15,$43.15
"Edifier QR65 액티브 모니터 데스크탑 블루투스 스피커, GaN 충전기 포함, 고해상도 LDAC 코덱, RCA Aux USB 입력, 조명 효과",1005006755305707,3月,Black-EU Plug|（25黑）,155.99,$155.99
JTXTOOLS 웨이브폼 다기능 측정기 A9 고정밀 전압 전류 샘플링 화면 기록 호스트 컴퓨터용,1005010422933241,3月,JTX A9,26.94,$26.94
"로지텍 G502 X PLUS LIGHTSPEED 무선 게이밍 마우스, 25K 히어로 센서, 8K 폴링, RGB 조명, 프로그래밍 가능한 e스포츠 마우스",1005011708642551,3月,Wireless black,53.57,$53.57
MOVESPEED SU10 1090MB/s 솔리드 스테이트 펜드라이브 2TB 1TB 512GB 256GB 128GB LCD USB3.2 Gen2 타입 C 플래시 드라이브 아이폰 15/16/17 PC용,1005010165869274,3月,Silver,137.1,$137.10
신제품 800W 카메라 AI 안경 남성용 색상변경 스마트 번역 안경 사진 비디오 녹화 방수 통화 스마트 선글라스,1005010096355987,3月,Change color,34.66,$34.66
UGREEN MFi 3-in-1 15W MAX 마그네틱 무선 충전기 스탠드 Qi2 총 25W 충전 아이폰 16 17 프로 애플 워치용 MagSafe,1005009889116002,3月,Qi2 Upgrade 25W,16.55,$16.55
새로운 USB AA 1.5V 3800mah + 1.5V AAA 3000mAh 충전식 리튬 이온 배터리 손전등 장난감 시계 MP3 플레이어 리튬 이온 배터리 교체,1005009674458728,3月,12 12pcs,25.98,$25.98
SUNSHINE TB-10 휴대폰 수리용 휴대용 열화상 PCB 마더보드 테스트 전자 연구 및 개발,1005010660652216,3月,TB-10|ET14S and Macro Lens|,93.08,$93.08
하기비스 마그네틱 USB C 허브 타입-C 멀티포트 어댑터 도킹 스테이션 4K HDMI 100W PD 맥북 아이폰 17/16 프로 썬더볼트 4용,1005007785583104,3月,3.0Card With HDMI|4.0 Card Reader,20.31,$20.31
【KC 인증】유그린 Qi2.2 25W 보조배터리 고속 충전 10000mAh 타입 C 케이블 파워뱅크 아이폰 17 프로 맥스용 MagSafe 30W 지원,1005006287670753,3月,KC Korean Version,33.89,$33.89
K50 4G + 64G 10.26 4G 안드로이드 13 AI 화면 GPS 네비게이션 Carplay 안드로이드 자동 듀얼 렌즈 대시 캠 후면보기 미러 비디오 레코더,1005008296455953,3月,K60 Pro-Dual lens|With 128G TF Card,100.45,$100.45
"스마트 앱 제어 기능이 있는 디붐 타임즈 게이트 픽셀 아트 게임 설정 시계, 128x128 IPS 스크린 디스플레이-완벽한 홈 데스크탑 장식",1005005878383027,3月,Times Gate,77.0,$77.00
24.5 인치 165HZ 휴대용 게임 모니터 2560x1440 HDMI USB IPS 두 번째 모니터 외부 PC 노트북 Mac 스위치 Xbox ps4,1005009019519091,3月,,140.34,$140.34
"XIAOMI MIJIA 가습기 2, 탑 필 4L 초대형 쿨 미스트 가습기, 30H 런타임, 은이온 항균, 가정용, 대형 룸용",1005008832760144,3月,,12.39,$12.39
Baseus 3K Dash Cam VD1 전면 및 후면 캠 HD 내장 GPS 갈릴레오 슈퍼 커패시터 자동차 DVR 자동차 카메라 레코더 지원 24H 주차,1005006974265310,3月,Front n Rear n HW,63.15,$63.15
Keeppley 빌딩 블록 애니메이션 도라에몽 노비타의 방 시멘트 바닥 모델 장식품 퍼즐 접합 장난감 컬렉션 선물,1005005540118978,3月,K20402 | with box,11.24,$11.24
Keeppley 도라에몽 빌딩 블록 노비타 노비의 집 모델 하우스 거리 장면 조립 장난감 장식품 컬렉션 선물,1005007423631471,3月,D20422 | with box,132.01,$132.01
Keeppley 빌딩 블록 애니메이션 나루토 라멘 이치 라쿠 스트리트 뷰 조립 모델 장난감 장식품 컬렉션 선물,1005009476858582,3月,with box,62.75,$62.75
RAVEMEN NT301 자전거 후미등 자전거 DV 카메라 테일라이트 충전식 3200mAh 광각 2K HD 폰 무결점 루프 녹화,1005010339459507,3月,单一sku,67.44,$67.44
순토 레이스 S GPS 스마트워치,1005010161495754,3月,SUUNTO Race S-T,251.0,$251.00
Xtep 160X 7.0 Running Shoes 2025 Professional Marathon Cushioning Shock Sneakers Combat PB Carbon Plate Sport Shoes 975319110039,1005009740436798,3月,Red Pink,123.78,$123.78
SHOKZ OpenDots ONE 오픈 무선 블루투스 헤드셋 V5.4 마이크 포함 Dolby 사운드 방수 긴 배터리 수명 New 2025,1005009463218687,3月,E310 white,100.08,$100.08
Aieryou C5PRO Motorcycle Driving Recorder,1005008463657177,3月,Bicycle set,115.72,$115.72
"SEEMEE DV 카메라 미등, USB-C 충전식 자전거 후방 조명, 도로 도시용 최대 110시간 런타임의 3400mAh 배터리",1005006830142314,3月,单一sku,67.74,$67.74
"쿠스포 HW9 암밴드 심박수 모니터링 HR 존/칼로리 HRM 센서 포함 피트니스 사이클링용 BLE5.0 ANT+ 펠로톤, 즈위프트, 와후용",1005006525731703,3月,White,17.3,$17.30
신형 AMD R5 9600X CPU 프로세서 라이젠 5 9600X 6코어 12스레드 5.4GHz 65W TDP L3=32M 소켓 AM5 (쿨러 미포함),1005009243915392,3月,China Mainland,158.12,$158.12
"기가바이트 B850M 어로스 엘리트 WIFI6E 아이스 새 메인보드, 최대 AMD 라이젠 9000 시리즈 지원, 12+2+2 파워 서플라이 / 소켓 AM5",1005009120926511,3月,Motherboards,169.2,$169.20
레노버 리전 Y700 2025 CN 안드로이드 패드 4세대 TB322FC 게이밍 태블릿 12/256GB 16/512GB 스냅드래곤 8 엘리트 8.8인치 165Hz 7600mAh 태블릿,1005010120015183,3月,12GB 256GB White,320.0,$320.00
"로지텍 G502 X PLUS LIGHTSPEED 무선 게이밍 마우스, 25K 히어로 센서, 8K 폴링, RGB 조명, 프로그래밍 가능한 e스포츠 마우스",1005011708642551,3月,Wireless black,54.14,$54.14
"Lenovo Xiaoxin Pad Pro GT 128GB 256GB Snapdragon 8 Gen 3 11.1"" 144Hz 3.2K Display 8860mAh 68W Charging Android Wifi7 Tablet PC",1005011785060188,3月,8G 256GB WIFI Grey,190.15,$190.15
AMD Ryzen 7 9800X3D 게이밍 프로세서: 96MB 3D V-Cache | 8코어/16스레드 | 5.2GHz 부스트 | AM5 소켓 | 대량 OEM(쿨러 없음),1005009699404156,3月,단일옵션,346.7,$346.70
ASUS WiFi7 TUF GAMING BE6500 게임 라우터 Ai 라우터 홈 WiFi 무작위 그룹 라우팅,1005008613721996,3月,RT-BE6500,84.12,$84.12
Edifier M60 Compact Desktop 2.0 Speakers Hi-Res Audio Wireless LDAC Bluetooth 5.3 USB-C AUX Inputs Support EQ Setting 66W RMS,1005007612849331,3月,White EU-Plug,70.4,$70.40
"UWANT V500 무선 청소기, 도킹 스테이션 포함, 자동 먼지 비움 기능 탑재, 230,000Pa의 강력한 흡입력, 미세먼지를 감지하는 마이크로 그린 라이트, LED 디스플레이 탑재, 작고 가벼운 디자인, 최대 40분간 사용",1005010661950273,3月,단일옵션,74.03,$74.03
Anticater Vk01 볼륨 조절 블루투스 무선 스위치 키패드,1005009447763222,3月,"Black, Three-mode",21.6,$21.60
레이저 데스애더 V4 프로 무선 게이밍 마우스,1005010242164474,3月,Black,159.22,$159.22
레이저 데스애더 V4 프로 무선 게이밍 마우스,1005010242164474,3月,White,159.22,$159.22
레노버 리전 Y700 2025 CN 안드로이드 패드 4세대 TB322FC 게이밍 태블릿 12/256GB 16/512GB 스냅드래곤 8 엘리트 8.8인치 165Hz 7600mAh 태블릿,1005010120015183,3月,12GB 256GB Black,320.0,$320.00
Fosi Audio ZH3 HIFI 헤드폰 앰프 AKM4493SEQ 데스크탑 DAC 완전 밸런스드 프리앰프(리모트 12V 트리거 입력 포함),1005010016597390,3月,ZH3-EU,120.99,$120.99
AULA F87 Pro V2 3모드 무선 기계식 키보드 12000mAh 긴 배터리 수명 E-스포츠 키보드 핫스왑 RGB 커스텀 PC 게이밍,1005011689530817,3月,Sublimation Keycaps,39.31,$39.31
AULA F87 Pro V2 3모드 무선 기계식 키보드 12000mAh 긴 배터리 수명 E-스포츠 키보드 핫스왑 RGB 커스텀 PC 게이밍,1005011689530817,3月,Gradient Pink,30.1,$30.10
"로지텍 리프트 인체공학적 블루투스 무선 수직 마우스, 소형 마우스, 비즈니스 사무실, 3 개 장치, 초 단위로 전환",1005011708890071,3月,BLACK,34.42,$34.42
레노버 LEGION Y700 2025 4세대 8.8 오리지널 케이스,1005009298202808,3月,"Black, for Y700 4th",14.99,$14.99
Edifier MR5 2.0 모니터 스피커 시스템 Bluetooth V6.0 LDAC 고해상도 무선 스피커 3방향 액티브 크로스오버 110W RMS,1005009103399159,3月,White,100.12,$100.12
GameSir Cyclone 2 Bluetooth 게임 패드,1005008155621629,3月,Cyclone 2 White set,31.12,$31.12
"Thermalright TROFEO VISION 360 ARGB 올인원 수냉 라디에이터, 6.86인치 LCD 디스플레이/자기 콜드 헤드/LGA1851/1700 지원",1005009299084293,3月,TV 360 ARGB White,108.76,$108.76
AMD Ryzen 7 9800X3D 게이밍 프로세서: 96MB 3D V-Cache | 8코어/16스레드 | 5.2GHz 부스트 | AM5 소켓 | 대량 OEM(쿨러 없음),1005009699404156,3月,,363.32,$363.32
"Western Digital WD SN850X SSD 1TB/2TB NVMe Gen4 PCIe M.2 2280 PCIe 4.0 x4 드라이브 내장형 솔리드 스테이트 디스크 (PS5, 데스크탑, 노트북용)",1005007661653145,3月,2TB,247.06,$247.06
새로운 AMD Ryzen 7 7800X3D R7 7800X3D 5.0GHz 8코어 16스레드 게이밍 CPU 5NM 96M 100- 100000910 쿨러가 없는 소켓 AM5,1005009493450936,3月,单一sku,239.17,$239.17
"AMD Ryzen 5 7500F R5 7500F, 3.7GHz, 6 코어 12 스레드 CPU 5NM L3 = 32M 100 000001015 소켓 AM5, 쿨링 없음, 신제품",1005008569262257,3月,,94.1,$94.10
"로지텍 G PRO X SUPERLIGHT 2c 무선 게이밍 마우스, 51g, HERO 2 센서 최대 44000DPI 및 888IPS, 8KHz 지원",1005011707902450,3月,all,94.0,$94.00
MOUNTAINHIKER 6.3㎡ Large Starry Sky Inflatable Tent Black Observation Skylight Outdoor Camping Quick Setup Tent 3/4P Anti-UV,1005009990791977,3月,NEW StarrySky Khaki|NEW StarrySky Black,127.59,$127.59
MOUNTAINHIKER 10cm 두께의 자체 팽창식 에어 매트리스 야외용 침대 패드 2가지 크기와 3가지 색상으로 제공,1005010790251305,3月,Single-Beige|Single-Black,48.54,$48.54
MOUNTAINHIKER 10cm 두께의 자체 팽창식 에어 매트리스 야외용 침대 패드 2가지 크기와 3가지 색상으로 제공,1005010790251305,3月,Duoble-Beige|Duoble-Black,73.21,$73.21
Outdoor Folding Chair Portable Relaxing Aluminum Alloy Backrest Wooden Arm Fishing Beach Travel  Garden Patio Camping Chair,1005011559343549,3月,High Back,33.75,$33.75
Outdoor Folding Chair Portable Relaxing Aluminum Alloy Backrest Wooden Arm Fishing Beach Travel  Garden Patio Camping Chair,1005011559343549,3月,Low Back,33.8,$33.80
Outdoor IGT Frame Table Removable IGT Black Camping Folding Table 2/3/4 Unit Table legs,1005008367925111,3月,2 Unit Frame,52.38,$52.38
Outdoor IGT Frame Table Removable IGT Black Camping Folding Table 2/3/4 Unit Table legs,1005008367925111,3月,3 Unit Frame,58.1,$58.10
Outdoor IGT Frame Table Removable IGT Black Camping Folding Table 2/3/4 Unit Table legs,1005008367925111,3月,2 Unit Bag,13.1,$13.10
Outdoor IGT Frame Table Removable IGT Black Camping Folding Table 2/3/4 Unit Table legs,1005008367925111,3月,3 Unit Bag,14.8,$14.80
Outdoor IGT Frame Table Removable IGT Black Camping Folding Table 2/3/4 Unit Table legs,1005008367925111,3月,4pcs Legs Silver,37.49,$37.49
Portable Folding Camping Table - Stainless Steel Outdoor Picnic Desk with Hanging Holes & Scratch-Resistant Top | Includes Carry,1005011565606058,3月,dotwise SNtable|,42.37,$42.37
1/2PCS Camping Lights Extrusion Lights Cute Egg-shaped Soft Silicone Lights Suitable for Outdoor Use rechargeable lamp,1005010686254510,3月,white,4.85,$4.85
1/2PCS Camping Lights Extrusion Lights Cute Egg-shaped Soft Silicone Lights Suitable for Outdoor Use rechargeable lamp,1005010686254510,3月,2 pcs,7.85,$7.85
Trustfire WL22-OL 2000mAh Telescopic Magnetic Camping Lantern 1.5M Streetlights Tent Lamp Rechargeable Flashlight with Tripod,1005010518761804,3月,"WL22-OL,China Mainland",34.22,$34.22
Fire-Maple Vulcan Dualblaze Pro-Stove Outdoor Dual-Ring Flame High-Output LPG Gas Stove Adjustable Height for Camping Cooking,1005010353498173,3月,Vulcan,91.93,$91.93
Fire-Maple Sunflower Gas Stove Stand 1/4'' Screw Lightweight Gas Heater Tripod Stainless Steel Outdoor Burner Holder for Camping,1005008903842820,3月,Sunflower Stand,18.46,$18.46
화재 단풍 나무 해바라기 X 가스 캠핑 스토브 다기능 휴대용 가스 히터 캠핑을위한 적외선 방사선 따뜻한 가스 버너,1005008549328025,3月,"SunflowerX,China Mainland",42.26,$42.26
SmiloDon Folding Camping Shelf Stainless Steel Outdoor Portable Storage Shelf Lightweight Storage Rack 10 Sceonds Quick Assembly,1005010598667855,3月,10S-Shelf,32.44,$32.44
[오사코 수구루 스타일] Li-Ning 유니섹스 FEIDIAN 6 ELITE 레이싱 런닝화 CARBON PLATE LiNing Light Professional 스니커즈 ARMW001,1005010584372624,3月,ARMW001-5H,158.0,$158.00
"올파워스 R600 휴대용 태양광 발전기 299Wh 600W 파워 스테이션 (AC 콘센트 포함) LiFePO4 배터리 백업 (가정, 텐트, RV 캠핑용)",1005010254048280,3月,white,148.0,$148.00
Fire-Maple Vulcan Dualblaze Pro-Stove Outdoor Dual-Ring Flame High-Output LPG Gas Stove Adjustable Height for Camping Cooking,1005010353498173,3月,Vulcan,91.93,$91.93
"​ 울란지 TT23 자동 추적 셀카봉 삼각대, 접이식 셀카 삼각대 (스마트폰, 카메라, 고프로용, 블루투스 내장, 여행용)",1005009881129529,3月,TT23,19.2,$19.20
트러스트파이어 10000mAh 캠핑 조명 텔레스코픽 랜턴 삼각대 포함 6500K 투광 조명 RGB 분위기 조명 보조 조명 손전등,1005009847973460,3月,"Light and Tripod, 21700, 2700-6500K",54.19,$54.19
미지아 공구함 전동 드라이버+24종 수공구 내압 엔지니어링 박스 가정용 수리 도구 세트,1005010625554949,3月,black,32.68,$32.68
"DOTWISE 야외 무선 에어 펌프 여행용 진공 펌프, 팽창 및 수축 가능한 휴대용 전기 미니 펌프 (매트용)",1005010521056517,3月,22psi Black,26.78,$26.78
블랙독 아웃도어 클라우드 드림 브러쉬드 에어매트 홈 플로어 레이잉 캠핑 수면 매트 자동 퀵 인플레이터블 에어 쿠션,1005011656220577,3月,150cmX200cm,96.37,$96.37
완보 큐브 2 프로 4K 휴대용 네이티브 1080P 프로젝터 500ANSI 안드로이드 TV 11.0 ToF 레이저 레이더 실시간 초점 3가지 색상 가능,1005010126443024,3月,White And Bag,159.25,$159.25
KINHANK MotionX 비디오 게임 콘솔 어린이 및 가족용 지속적인 업데이트 어린이 장난감 활동 놀이 시스템 실내 체육 활동,1005009352254666,3月,Blue,141.9,$141.90
"Mountainhiker 캠핑 피크닉 여행 알루미늄 합금 대용량 상자 액세서리 가방, 하이킹 야외 보관, 4 가지 색상, 30-80L",1005007542292195,3月,New Silver M Size,48.8,$48.80
티아티산 400ML 티타늄 힙 플라스크 위스키 와인 병 야외 캠핑 초경량 누수 방지 와인 병 깔때기 포함,1005010527001136,3月,Ice Crystal,15.45,$15.45
SOG 21 도구 PowerAccessDeluxe 멀티 도구 접이식 펜치 포켓 나이프 휴대용 전술 EDC 야외 캠핑 생존 멀티 도구,1005007830666610,3月,"PA2001-CP,China Mainland",35.99,$35.99
네이처하이크 캠핑 침낭 겨울용 스플라이싱 침낭 -8.1~12.2 ℃ PS100 PS300 PS500 팬케이크 스타일 따뜻한 침낭,1005010639548662,3月,"PS500 Beige - Right,China Mainland",47.6,$47.60
캠핑문 S371-C1 캠핑 스노우 풀러 스팀 드로어 포함 스테인리스 다기능 야외 요리 도구,1005010735075825,3月,S371-C1,25.4,$25.40
네이처하이크 유멍 브러쉬드 에어 매트리스 캠핑 에어 쿠션 야외 연결 가능 침대 10CM 텐트 인플레이터블 침대 더블 슬리핑 패드,1005010776924149,3月,"2P Beige Electric,China Mainland",61.76,$61.76
SmiloDon Folding Camping Shelf Stainless Steel Outdoor Portable Storage Shelf Lightweight Storage Rack 10 Sceonds Quick Assembly,1005010598667855,3月,10S-Shelf,32.44,$32.44
트라이호미 아웃도어 캠핑 테이블 X 프레임 IGT 1개 테이블 스테인리스 스틸 접이식 전술 다기능 싱글 솔로 사이드 테이블,1005010589931997,3月,Table  Set,54.71,$54.71
Fire-Maple Vulcan Dualblaze Pro-Stove Outdoor Dual-Ring Flame High-Output LPG Gas Stove Adjustable Height for Camping Cooking,1005010353498173,3月,Vulcan,91.93,$91.93
"두꺼운 스펀지 패드, 휴대용 야외 매트리스, 통합된 공기 펌프로 팽창 및 수축 가능, 자동 팽창 매트리스",1005010324553353,3月,single,44.23,$44.23
"두꺼운 스펀지 패드, 휴대용 야외 매트리스, 통합된 공기 펌프로 팽창 및 수축 가능, 자동 팽창 매트리스",1005010324553353,3月,double,62.63,$62.63
트라이호미 야외 캠핑 테이블 휴대용 접이식 대나무 테이블 조절 가능한 다리 가벼운 피크닉 바베큐 책상 신제품,1005010315127446,3月,Wood Table,38.18,$38.18
캠핑 IGT 0.5 유닛 모닥불 데스크탑 관찰용 화로 장작 스토브 캠프파이어 히터 텐트 요리용 그릴 야외 난로,1005010159239242,3月,Stove,40.75,$40.75
WESTTUNE 캠핑 IGT 테이블 다기능 야외 분리형 테이블 알루미늄 합금 높이 조절 가능 IGT 1.5 유닛 피크닉 책상,1005010158498991,3月,Black,34.22,$34.22
DOTWISE IGT 테이블 사이드 확장형 이중 레이어 행거 스테인리스 스틸,1005010542442255,3月,IGT 2 Layer Basket,24.18,$24.18
야외 캠핑 USB 난방 슬리핑 매트 야외 전기 난방 패드 하이킹 여행을위한 침낭 매트리스,1005008623776415,3月,Black,14.33,$14.33
Trustfire WL22 Flashlight 1900MM Telescopic Camping Lights 2200mAh Lanterns With Remote Control light for Outdoor Car Repair,1005008844741832,3月,CP.WL22,36.61,$36.61
X64PRO 강력 미니 블로워 16000mAh 터보 강력 제트 팬 강력한 자동차 먼지 제거기 64mm 덕트 팬 추력 1500G 풍속 350km/h,1005009519649680,3月,Black,41.13,$41.13
화재 단풍 나무 해바라기 X 가스 캠핑 스토브 다기능 휴대용 가스 히터 캠핑을위한 적외선 방사선 따뜻한 가스 버너,1005008549328025,3月,SunflowerX,42.26,$42.26
비시나 성인용 난방 침낭 추운 날씨용 가볍고 휴대 가능한 따뜻한 겨울 캠핑 가방 야외 하이킹 용품,1005010350034935,3月,3.0kg Gradual Gray,25.08,$25.08
Ultra-Lightweight Portable Outdoor Cam Carbon Steel Table Tactical Multi-Functional IGT Tea Table Picnic Folding Table,1005009435790598,3月,Table Set,18.99,$18.99
"CAMPINGMOON SOLO-A3 stainless steel fire table with three adjustable bridges, portable and foldable camping barbecue grill",1005010738600325,3月,SOLO-A3,30.4,$30.40
SOG 21 도구 PowerAccessDeluxe 멀티 도구 접이식 펜치 포켓 나이프 휴대용 전술 EDC 야외 캠핑 생존 멀티 도구,1005007830666610,3月,"PA2002-CP,China Mainland",36.34,$36.34
361 Degrees 퓨쳐,1005010527267963,3月,Summit,97.26,$97.26
QIAODAN Feiying PB6.0,1005010524652782,3月,White Blue,94.19,$94.19
QIAODAN Feiying 체크무늬 1.5 남성용 2025,1005010274290982,3月,Blue Pink,100.78,$100.78
QIAODAN TG PLAID 남성용 2025,1005009851435945,3月,white pink,60.34,$60.34
QIAODAN TG1.0 남성용 2025,1005009841717694,3月,blue,48.75,$48.75
361 Degrees Flame 5,1005010528024698,3月,Summit,84.23,$84.23
361 Degrees Flame 5.0 MIX,1005010528922649,3月,summit,76.5,$76.50
[오사코 수구루 스타일] Li-Ning 유니섹스 FEIDIAN 6 ELITE 레이싱 런닝화 CARBON PLATE LiNing Light Professional 스니커즈 ARMW001,1005010584372624,3月,ARMW001-5H | 41,158.0,$158.00
XTEP 2000km 5.0 전문 마라톤 운동화 쿠션감이 있는 통기성 경량 청소년 스포츠 신발 874119110023,1005010398951221,3月,Red White,43.46,$43.46
Xtep 160X 7.0 Pro Running Shoes 2025 Cushioning Shock Sneakers Professional Marathon PB Carbon Plate Sports Shoes 975319110041,1005009736601370,3月,Rainbow,151.57,$151.57
Xtep 160X 6.5 PRO,1005008670810859,3月,Pink Blue,120.26,$120.26
Li-Ning 유니섹스 FEIDIAN 5 울트라,1005008547743362,3月,ARMV005-7 | 41,204.08,$204.08
Xtep 160X 5.0 프로,1005005958258992,3月,Orange Red Men,100.93,$100.93
Li-Ning 남성용 FEIDIAN 6 챌린저 레이싱 런닝화 슈퍼 붐 경량 반사 라이닝 경쟁 운동화 ARMW003,1005010777045952,3月,"ARMW003-32H,41",78.4,$78.40
BMAI 42KM Marathon Running Shoes,1005009953729054,3月," Chu Cai-1,40.5 ",98.34,$98.34
XTEP 2000km PRO 남성용 러닝화 2026 봄 소프트 내구성 안정성 편안함 경량 남성 스포츠 스니커즈 874219110026,1005011540938142,3月,"White Red,41",49.24,$49.24
Li-Ning Men's RED HARE 9 PRO Racing Running Shoes BOOM Cushion Rebound Breathable Reflective LiNing Stable Sneakers ARPW001,1005010776524555,3月,"ARPW001-6H,41 ",58.75,$58.75
BMAI 21km 마라톤 카본 플레이트 남성용 러닝화 럭셔리 남성 트레이너 쿠션 캐주얼 스니커즈 통기성 남성 스포츠화,1005011578780963,3月,Chi Cheng-1,87.89,$87.89
Li-Ning Men's CHAOYING Cushion Running Shoes BOOM Lightweight Springy TEMPO BOUNSE Soft LiNing Comfortable Sneakers ARBW007,1005010746037314,3月,,58.75,$58.75
Viltrox 85mm F2.0 EVO FE 풀프레임용 AF 단초점 렌즈 소니 E 마운트,1005010181222113,3月,85mm F2.0 EVO | Sony E-mount（FE） | CN,128.06,$128.06
"VILTROX 28mm F4.5 자동 초점 풀프레임용 렌즈, 소니 E 마운트",1005008042110006,3月,AF 28mm F4.5 Black | Fuji XF | China Mainland,47.35,$47.35
"TTArtisan 자동 초점 35mm F1.8 Mark II 단렌즈, 후지마운트",1005008222103364,3月,black | Fuji XF,86.75,$86.75
GEOID CC700 GPS 자전거 컴퓨터 2.8인치 컬러 스크린 자전거 속도계 경로 내비게이션 WIFI 방수 사이클링 오도미터,1005010725637530,3月,CC700 with Film,39.04,$39.04
GEOID CC700 Pro Bicycle Computer 2.8-Inch Touchscreen GPS Bike Speedometer with Map Navigation for Cycling Odometer,1005010725526843,3月,CC700PRO with film,58.74,$58.74
COOSPO TR70 레이더 테일 라이트 스마트 자전거 후미등 브레이크 경고 IP67 방수 사이클링 후미등 7가지 라이트 모드 테일 램프,1005010288468134,3月,TR70,47.34,$47.34
TOWILD DL1200S/DL1700 자전거 라이트 컷오프 라인 포함 Beam1900LM 충전식 자전거 프론트 라이트 보조베터리 Mtb 사이클링 헤드라이트,1005008639836335,3月,white,38.81,$38.81
"Thinkrider X2Max 스마트 자전거 트레이너, MTB 도로 자전거 내장 파워 계량기, 홈 트레이너",1005007756833960,3月,X2 Max,163.64,$163.64
TOPUMP TB2 PRO 자전거 무선 타이어 팽창기 용 미니 휴대용 전기 펌프 120PSI 최대 450mAh 배터리 (화면 고속 충전 포함),1005007274254758,3月,TOPUMP TB2 PRO,25.49,$25.49
Drift Innovation Ghost XL 액션 카메라,1005006832170410,3月,单一sku,57.78,$57.78
"SEEMEE DV 카메라 미등, USB-C 충전식 자전거 후방 조명, 도로 도시용 최대 110시간 런타임의 3400mAh 배터리",1005006830142314,3月,单一sku,67.74,$67.74
"쿠스포 HW9 암밴드 심박수 모니터링 HR 존/칼로리 HRM 센서 포함 피트니스 사이클링용 BLE5.0 ANT+ 펠로톤, 즈위프트, 와후용",1005006525731703,3月,White,17.3,$17.30
초경량 7D MAX 카본 안장 로드용 140MM,1005006324509623,3月,7D 140MM,16.91,$16.91
RYET 로드 카본 자전거 휠셋 1180g,1005006261409296,3月,"Ryet Wheelst, 50MM, PSR TB 2015, DISC-Centrelock HG, CERAMIC BEARING",417.26,$417.26
자전거 랙 홀더 보관 자전거 수리 스탠드 알루미늄 합금 자전거 작업 스탠드 전문 자전거 수리 도구 조정 가능한 접이식,1005002363834653,3月,单一sku,40.3,$40.30
"ThinkRider 산악 도로 자전거 알루미늄 합금 바닥 스탠딩 자전거 랙 주차 브래킷, 자전거 보관 조절 가능 후크",1005008383201612,3月,BLACK,21.27,$21.27
RYET 카본 3D 프린팅 안장 145/155MM 190g 7*9 남녀용 트라이애슬론 로드 MTB 산악 자전거 그라블 사이클링 부품,1005006893754548,3月,3D RT06S 145mm,44.13,$44.13
Thinkrider XXPRO 다이렉트 드라이브 스마트 바이크 트레이너,1005010596971498,3月,Black,226.11,$226.11
RYET Carbon 3D Printed Saddle Ultralight 190g 7*9 Bike Seating For Men Women Triathlon Road MTB Mountain Gravel Cycling Parts,1005006774719031,3月,3D Printed Saddle,53.74,$53.74
"RYET 3D 프린팅 자전거 안장, 초경량 로드 MTB 자전거 레이싱 시트, 110g/160g 풀 카본 자전거 시트 쿠션 자전거 부품",1005006016969601,3月,EVA SADDLE,22.82,$22.82
TOWILD CL1600LM 자전거 라이트,1005005843798793,3月,CL1600 Standard,26.06,$26.06
"마그네틱 차량용 휴대폰 화면 거치대, 충전기",1005009279470933,3月,complete set,18.06,$18.06
대시보드 다기능 안경함 컵홀더 선글라스 보관함 인테리어 액세서리,1005010330348657,3月,flocked version,7.85,$7.85
자동차 트렁크 정리함 PU 보관함 자동차 내부 액세서리,1005010049841307,3月,Black M-S,20.19,$20.19
가죽 트렁크 매트 뒷좌석 등받이 보호 패드,1005009606503346,3月,6pcs leather,22.98,$22.98
암레스트 박스 리어 에어 아웃렛 정리함 보관함,1005009456710722,3月,M3Y Highland Juniper,14.34,$14.34
차량 바닥 매트 TPE 발 매트 도어 실 보호 커버 블랙,1005008805810546,3月,"25MY LHD 3PCS, New TeslaModelY 2025",35.6,$35.60
뒷좌석 휴대폰 거치대 헤드레스트 태블릿 홀더,1005006330022533,3月,ABS Carbon Pattern,4.1,$4.10
XPE Frunk 트렁크 매트 라이너 용 전천후 폴리 에스터 직물 바닥 매트,1005003365680576,3月,"LHD-FM, For Model Y 25-",39.94,$39.94
풀 커버 바닥 매트 TPE 사출 방수 미끄럼 방지 세트,1005010567291506,3月,Floor Mat 6PCS,105.85,$105.85
자동차 안경 케이스 선글라스 홀더,1005010392743902,3月,for Model Y Juniper,10.26,$10.26
뒷좌석 보관함 정리함 센터 콘솔 쓰레기통,1005008998684882,3月,MY 2025-2026,9.05,$9.05
센터 콘솔 트레이 음료 음식 테이블,1005009767888535,3月,tray,8.7,$8.70
리어 인테리어 수납함 마그네틱 쓰레기통 자동차 액세서리용 뒷좌석 쓰레기통,1005007134892639,3月,3Y Highland Juniper,10.8,$10.80
중앙 제어 글로브 박스 보관함,1005006670024254,3月,Glove storage box,8.0,$8.00
차량용 목베개 보호 요추 지지대,1005010140473324,3月,1pc White Headrest T,4.17,$4.17
KingBank SOARBLADE KFXB Series DDR5 Black Memory 32GB (16GBx2)  6800MHz 6000MHz 7200MHz Dual Channel for Gaming And Overclocking,1005010443519116,3月,6000MHz | 16GBx2,487.2,$487.20
2025년 신제품 DJI Mic 3 무선 마이크,1005009893683634,3月,Mic 3 2TX 1RX,270.0,$270.00
스핀 플랫 밀대 세트,1005009625416086,3月,40cm-Bucket-4-Mop,15.37,$15.37
Nintendo Switch/Android/Raspberry Pi/iOS/Win10/11 및 키보드 모드를 위한 8BitDo 마이크로 블루투스 게임 패드 미니 컨트롤러 지원,1005009534731857,3月,Blue,12.07,$12.07
새로운 DJI Mic Mini (2TX+1RX+충전 케이스) 지능형 소음 제거 기능을 갖춘 무선 마이크 고품질 오디오 DJI Original,1005009321023539,3月,Mic Mini 2TX 1RX,77.87,$77.87
Fotopro RZ-5 퀵 릴리스 카메라 마운트 백팩 스트랩 마운트,1005009072664302,3月,单一sku,24.64,$24.64
WESTTUNE 야외 접이식 테이블 휴대용 캠핑 옥스포드 패브릭 테이블,1005011557351933,3月,Khaki,10.15,$10.15
Thermalright TR-TGFX850 파워,1005006849405580,3月,1000W,92.06,$92.06
파이어뱃 F2 미니 PC 인텔 코어 i5-14450HX 10코어 16스레드 윈도우 11 16GB DDR4 RAM 512GB,1005010664442305,3月,"i5-14450HX, 16GB RAM 512GB ROM",256.74,$256.74
KingBank KJXS DDR5 SILVER HEATSINK SERIES  16GB / 16GBx2 6000MHz CL36 Dual Channel Kit High-Speed Computer RAM,1005010528149675,3月,2rams,378.8,$378.80
킹뱅크 소어블레이드 KRRW 시리즈 32GB (16GBx2) CL30 DDR5,1005010519752420,3月,6000MHz | 16GBx2 | DDR5,410.55,$410.55
H2ofloss 탁상용 휴대용 치과 워터 세정기,1005010413155665,3月,White,13.82,$13.82
OMESER 13IN1 스팀 카펫 청소기,1005010193715625,3月,单一sku,65.8,$65.80
새로운 AMD Ryzen 7 7800X3D R7 7800X3D 5.0GHz 8코어 16스레드 게이밍 CPU 5NM 96M 100- 100000910 쿨러가 없는 소켓 AM5,1005009493450936,3月,单一sku,255.39,$255.39
Thermalright Peerless Assassin 120 SE V2 120x120x28mm,1005008912714978,3月,PA 120 SE ARGB WT V2,20.22,$20.22
MSI B650M 게이밍 플러스 WIFI AMD B650 AM5,1005008719334474,3月,单一sku,114.79,$114.79
ASUS WiFi7 TUF GAMING BE6500 게임 라우터 Ai 라우터 홈 WiFi 무작위 그룹 라우팅,1005008613721996,3月,RT-BE6500,84.12,$84.12
CUSU M2 SSD 1TB 2TB NVMe SSD 512GB 하드 드라이브 PCIe3.0 x4 노트북 데스크탑용 내부 솔리드 스테이트 디스크,1005008518479099,3月,2TB,198.43,$198.43
Edifier M60 Compact Desktop 2.0 Speakers Hi-Res Audio Wireless LDAC Bluetooth 5.3 USB-C AUX Inputs Support EQ Setting 66W RMS,1005007612849331,3月,White EU-Plug,70.4,$70.40
MOVESPEED 7450MB/s SSD NVMe M.2 2280 4TB 2TB 1TB Internal Solid State Hard Disk M2 PCIe 4.0x4 2280 SSD Drive for PS5 Laptop PC,1005005325013777,3月,7450Mbps 4TB,349.05,$349.05
UTRAI 1500A Car Jump Starter Power Bank Portable 150PSI Air Pump Car Battery Emergency Boosters Starting Device Car Starter 2024,1005006967633770,3月,JS-9 1500A,41.33,$41.33
"아폴로 57피스 1/4"" 소켓 래칫 렌치 세트",1005009406693538,3月,57PCS,6.53,$6.53
CROSSGUN New Jet Fan Strong Portable Power Handheld Dust Elimination Computer Hurricane Storm Source Turbo Jetfan LED X6 Pro,1005009343275998,3月,With Accessory,27.3,$27.30
SZUK New Mini Car Vacuum Cleaner 985000Pa,1005008129594453,3月,Max Easy 4hapa bag,20.17,$20.17
BATOCA Cordless 12V Car Polisher Dual Action Wireless Car Polishing Machine Electric Polish Machines Adjustment Power Tools,1005007443390537,3月,1 Batttery Set,20.88,$20.88
68 in 1 전기 스크루드라이버 세트,1005006312891859,3月,68 in 1 Max,15.4,$15.40
신형 미지아 에어 펌프 2D 에어 컴프레서 150PSI,1005009712217490,3月,1 Pcs,23.53,$23.53
메르세데스 벤츠 마이바흐 S 클래스용 머리 받침 목 지지대 시트,1005005168069246,3月,Black 2Pcs,7.79,$7.79
23.8 인치 휴대용 모니터 100HZ 100% SRGB IPS USB-C HDMI 대형 작업 스위치 홈 게임 두 번째 모니터 조정 가능한 스탠드 노트북,1005008874466115,3月,单一sku,106.42,$106.42
네이처하이크 AIR 7.0 자동차 테일 풍선 텐트 차양 방수 SUV 사이드 비치 텐트 다목적 야외 캠핑 이동식 자동차 텐트,1005011549227161,3月,Tent,321.76,$321.76
전기차충전기 가정용 완속 충전케이블 5m TAYSLA 16A 32A 220V 비상용 휴대용 이동형 충전기 아이오닉5 테슬라 EV6 포터2 봉고 코나 니로 볼트 벤츠 BMW,1005006789180071,3月,3.5Kw 5m,49.21,$49.21
YZ 테슬라 모델 Y 2019-2024 모델 3 하이랜드 2024 바닥 TPE 매트 트렁크 흰색 러기지 매트 방수 미끄럼 방지 카펫 바닥 라이너,1005008826107602,3月,MY 9-piece set,63.99,$63.99
"테슬라 모델 Y 2025용 스마트 기어 시프터 레버 (주니퍼 밀리초 반응형 변속, 풀 액세서리 키트 및 설치 가이드 포함)",1005009674994608,3月,Asia,82.93,$82.93
"테슬라 T1-카라오케 마이크, USB-A 및 USB-C 수신기가 있는 충전식 카라오케 마이크, 플러그하여 사용, 페어링 필요 없음",1005009225665844,3月,Two Mics,39.74,$39.74
"테슬라 모델 Y용 신형 전동 선쉐이드, 새로운 Y 주니퍼 앰비언트 라이트 루프 쉐이드, 영어 한국어 음성 제어 버튼 제어, 여름 자외선 차단 접이식 선바이저 액세서리",1005009005277004,3月,New Y Juniper,279.28,$279.28
"VJOYCAR 최신 7세대 무선 자동 도어 핸들, Model YL테슬라 모델 Y 3 Y 주니퍼 3 하이랜드 컬러풀 LED 자동 프리젠팅 웰컴 모드댐퍼로 부드럽게 열고 닫으세요 블루투스 이름 변경 및 비밀번호 변경 지원",1005008904707939,3月,New Y Juniper,124.0,$124.00
Tesla New Gen. 2 9.6 인치 계기판 디스플레이 모델 Y 3 맹점 알림 OTA 업데이트 New Model 3 New Y Juniper Dashboard,1005008457505240,3月,New Y Juniper,165.8,$165.80
"ETENWOLF ZEPHYR S3C Portable Air Compressor 100% Duty Cycle Car Tire Inflator 7800mAh for Cars, Motorcycles, Bicycles Balls",1005008295800556,3月,S3se orange,23.45,$23.45
"야외 캠핑용 팽창식 특수 스웨이드 원단, 자동차 여행용 침대, 테슬라 모델 3 모델 Y 2017-2024 용 팽창식 에어 매트리스",1005008092935084,3月,for Model Y black,33.71,$33.71
자동 전원 프런트 프렁크 테슬라 모델 Y 3 X S 신형 모델 3 하이랜드 신형 Y 주니퍼 New 3 Hihgland New Y Juniper Model Y L자동 전원 Frunk 방수 전기 프론트 게이트 수정 된 자동 리프팅 클로저 Auto Power Frunk Tesla 개조용,1005006518612953,3月,Model Y Juniper,166.67,$166.67
테슬라 모델 2026 업데이트 6세대 소프트 클로징 3 Y 3 Model Y L 하이랜드 새로운 모델 Y 주니퍼 4 도어 핀치 방지 스마트 자동 전기 흡입 도어 잠금 장치 폐쇄 테슬라 수정 액세서리 for Tesla New Y Juniper,1005006968723759,3月,Y Juniper - 4 Door,149.3,$149.30
For Tesla Model 3 Model Y 2017-2025 Inflatable Air Mattress Outdoor Camping Inflatable Special Suede Fabric Car Travel Bed,1005007644027194,3月,Model Y grey,34.52,$34.52
"투키 디지털 디스플레이 차량용 충전기 105W 4 in 1 고속 충전 듀얼 타입 C 케이블 (아이폰 16, 15, 14 및 삼성용 접이식 케이블 포함)",1005009302443471,3月,Grey,9.48,$9.48
"투키 디지털 디스플레이 차량용 충전기 105W 4 in 1 고속 충전 듀얼 타입 C 케이블 (아이폰 16, 15, 14 및 삼성용 접이식 케이블 포함)",1005009302443471,3月,USB C and Lighting,10.02,$10.02
ETENWOLF AIR 3 무선 전기 공기 펌프 2600mAh 캠핑 라이트 소형 팽창기 디플레이터 야외 펌프 풀 플로트 슬리핑 패드,1005008405170648,3月,Air 3 Black,10.64,$10.64
ETENWOLF AIR 3 무선 전기 공기 펌프 2600mAh 캠핑 라이트 소형 팽창기 디플레이터 야외 펌프 풀 플로트 슬리핑 패드,1005008405170648,3月,Air 3 Orange,10.64,$10.64
ETENWOLF AIR 3 무선 전기 공기 펌프 2600mAh 캠핑 라이트 소형 팽창기 디플레이터 야외 펌프 풀 플로트 슬리핑 패드,1005008405170648,3月,Air 3 Blue,10.64,$10.64
에텐울프 제피르 S3/S5 휴대용 타이어 공기 주입기 100% 작동률 7800/15600mAh 자동차 자전거 공기 펌프 (신제품),1005007749000609,3月,ZEPHYR S3,26.4,$26.40
에텐울프 제피르 S3/S5 휴대용 타이어 공기 주입기 100% 작동률 7800/15600mAh 자동차 자전거 공기 펌프 (신제품),1005007749000609,3月,ZEPHYR S5,42.51,$42.51
2025 뉴 드림라이트 4S 아이 마스크 수면 3D 입체 남녀 성인 수면 보조 블랙아웃 라이트 아이 마스크 수면 안대,1005009716951298,3月,4S-Black,5.7,$5.70
2025 뉴 드림라이트 4S 아이 마스크 수면 3D 입체 남녀 성인 수면 보조 블랙아웃 라이트 아이 마스크 수면 안대,1005009716951298,3月,4S-Blue,5.71,$5.71
2025 뉴 드림라이트 4S 아이 마스크 수면 3D 입체 남녀 성인 수면 보조 블랙아웃 라이트 아이 마스크 수면 안대,1005009716951298,3月,4S-Orange,5.7,$5.70
"XIAOMI MIJIA 자동차 진공 청소기 21kPa 흡입, Type-C 고속 충전, 150mL 먼지 컵, 가정용 무선 진공 청소기, 2400mAh 배터리",1005009139287286,3月,Vacuum Cleaners,37.29,$37.29
3000mah GZ 등대 캠핑 라이트 슈퍼 긴 배터리 수명 LED 캠핑 텐트 하이킹 분위기 램프 타워 손전등,1005008976722437,3月,only lamp,7.49,$7.49
CAMPINGMOON CK-24 야외 IGT 테이블 유닛 조합 다기능 워터 필터 바구니 304 스테인레스 스틸 보관 네트 케이지,1005008493653838,3月,CK-24BK,9.47,$9.47
네이처하이크 TPU 폼 슬리핑 패드 C12 내장 펌프 캠핑 매트리스 R5.0 야외 2인 에어 매트리스 접이식 풍선 매트,1005007370054858,3月,2 person,91.48,$91.48
BRS-69 고출력 4360W 야외 가스 스토브 조절 가능한 높이 접이식 가스 버너 캠핑 피크닉 방풍 스토브 요리 액세서리,1005007316229493,3月,BRS-69A,30.73,$30.73
MOUNTAINHIKER 야외 보관 상자 캠핑 피크닉 여행 알루미늄 합금 대용량 상자 실버 보관 가방 30-80L,1005007061640036,3月,L 77X43X33.3cm,46.23,$46.23
캠핑 IGT 테이블 igt 5 유닛 테이블 경량 알루미늄 합금 테이블 접이식 캠핑 책상 피크닉 전술 책상,1005010043405543,3月,Grey Table,55.31,$55.31
CK-3650-T38 CAMPINGMOON IGT Camping Chair and Table Set Outdoor FoldingCoffee Korean Bbq Grill Table Outdoor Foldable Camping,1005009698407926,3月,CK-3650-T38,19.22,$19.22
MOUNTAINHIKER 야외 캠핑 대나무 2/3 접이식 테이블 휴대용 빠른 스토리지 접이식 책상 야외 식탁 피크닉 바베큐 테이블,1005007048624202,3月,Two Folding Table,32.99,$32.99
"HOMFUL 야외 캠핑 접이식 테이블, 휴대용 스테인레스 스틸 피크닉 테이블, 레저 바베큐 내열 테이블, 신제품",1005006987864694,3月,Stainless steel,18.93,$18.93
레노버 리전 Y700 2025 CN 안드로이드 패드 4세대 TB322FC 게이밍 태블릿 12/256GB 16/512GB 스냅드래곤 8 엘리트 8.8인치 165Hz 7600mAh 태블릿,1005010120015183,3月,12GB 256GB White,320.0,$320.00
로지텍 PRO X SUPERLIGHT 2 DEX GPW4 무선 호크아이 게이밍 마우스 경량 게이밍 마우스,1005011704314811,3月,Black,94.42,$94.42
MCHOSE 믹스 87 마그네틱 축 케이블 E-스포츠 기계식 키보드 8K+256K 이스포츠 0.08ms 맞춤형 게임 마운트 타이산 축 GT,1005010185289663,3月,White Apollo Switch,41.5,$41.50
ASUS WiFi7 TUF GAMING BE6500 게임 라우터 Ai 라우터 홈 WiFi 무작위 그룹 라우팅,1005008613721996,3月,RT-BE6500,84.12,$84.12
"UGREEN Nexode 보조배터리 휴대용 PD 외장 배터리 보조베터리, 노트북 고속 충전, 130W, 20000mAh",1005007252032226,3月,130W,43.84,$43.84
WHEELTOP EDS OX groupset MTB용,1005008026112239,3月,EDS OX 2.0 - 75mm,286.3,$286.30
"Folding Bike Backpack with Flat Frame, Waterproof Multifunctional Bicycle Front Bag Handbag for Brompton 16L Large Crossbody Bag",1005010718672308,3月,"black with frame,16L Capacity",27.8,$27.80
UGREEN Nexode 165W 20000mAh Power Bank PD3.0 100W Fast Charging Portable Charger for MacBook Pro Laptop USB-C External Battery,1005008918373612,3月,"165W 20000mAh,China Mainland",47.49,$47.49
MTB/Road Carbon Bike Saddle 143mm 155mm Triathlon Power Bicycle Saddles for Men Women TT Race Carbon Bike Seat Black White Red,1005005622856870,3月,Black-155,11.28,$11.28
ROCKBROS Folding Bike Backpack Lengthened Zipper Multifunctional Bicycle bag Handbag for Brompton 11.5L Capacity Crossbody bag,1005009391771612,3月,H43-BK,41.69,$41.69
ROCKBROS Folding Bike Backpack Lengthened Zipper Multifunctional Bicycle bag Handbag for Brompton 11.5L Capacity Crossbody bag,1005009391771612,3月,H43-GN,41.69,$41.69
SZUK New Mini Car Vacuum Cleaner 985000Pa,1005008129594453,3月,Max Silver,14.8,$14.80
WEST BIKING 3D Printed Bike Grips Ergonomic MTB Handle Grip Breathable Shock Absorption Bike Handlebar Grips Bicycle Accessories,1005009191798170,3月,3D Printed Ergonomic,20.7,$20.70
CYCPLUS 스마트 피트니스 선풍기,1005007755044942,3月,Fan with Ground Base,99.0,$99.00
anoutway AT1 Pro Mini Electric pump for Bike Cordless Tire Inflator with Screen 25 Mins Fast Charging 120PSI Max 450mAh Battery,1005007579222010,3月,anoutway AT1 Pro,25.49,$25.49
"RYET 3D 프린팅 자전거 안장, 초경량 로드 MTB 자전거 레이싱 시트, 110g/160g 풀 카본 자전거 시트 쿠션 자전거 부품",1005006016969601,3月,X6 3D Saddle,27.78,$27.78
GEOID CC700 Pro Bicycle Computer 2.8-Inch Touchscreen GPS Bike Speedometer with Map Navigation for Cycling Odometer,1005010725526843,3月,CC700PRO with film,58.74,$58.74
NEW COOSPO CS600 터치스크린 자전거 GPS,1005010657350921,3月,CS600,50.23,$50.23
웨스트 바이킹 접이식 자전거 수리 스탠드,1005006445202660,3月,Black,34.27,$34.27
TOWILD 450LM Bike Light Commuting Mini Bicycle Lights LED Cycling Front Lamp IPX6 Compact Headlight Aluminum MTB Road Flashlight,1005008476745365,3月,CL450,13.51,$13.51
"알루미늄 합금 전기 펌프, 휴대용 자전거 공기 충전식 타이어 팽창기, Schrader Presta 슈레이더 프레스타 밸브, 실버 CYCLAMI A3 MAX, 150 PSI, 전동펌프, 전동자전거 펌프",1005007681840240,3月,A3 MAX,31.43,$31.43
Tesla Model Y 2021-2025 용 NovaAcc 자동차 풍선 매트리스 공기 펌프가있는 주니퍼 여행 야외 캠핑 트렁크 에어 매트리스,1005008710627443,3月,No headrest,28.27,$28.27
Widesea 논스틱 캠핑 그리들 팬 알루미늄 합금 너도밤나무 손잡이 휴대용 바베큐 플레이트 (캐리백 포함) 야외 피크닉용,1005011680693080,3月,WSKP-003B,13.87,$13.87
"캠핑문 분위기 촛불 세트, 풍선형 알루미늄 캔 포함, 야외 캠핑 및 바베큐 분위기 조명",1005009940350333,3月,BKT-1D15,39.35,$39.35
Anker SOLIX C300 DC 전원 은행 스테이션 실외 288Wh(90000mAh) 여러 장치용 휴대용 발전소 LiFePO4 배터리,1005008896444715,3月,Dark Grey | China Mainland | 300W - 500W | EU,167.36,$167.36
접이식 캠핑 수납 박스 (손잡이 포함) 휴대용 자동차 트렁크 정리함 야외 피크닉 및 여행용 컨테이너 (뚜껑 포함) （相似品）,1005011558018078,3月,White,7.96,$7.96
YZ 테슬라 모델 3 Y 주니퍼 하이랜드 급속 충전기 4 USB 션트 허브 플로킹 어댑터 전원 스플리터 확장용 글로브 박스 도킹 스테이션,1005009346069925,3月,M3Y Highland Juniper,6.98,$6.98
"울란지 PM01 포켓 3 맥세이프 확장 브래킷 (DJI 포켓 3 스탠드용) 마그네틱 링, 더블 콜드슈 마운트, 1/4 Arri 홀 포함",1005009244305519,3月,Ulanzi PM01 Stand,21.0,$21.00
VJOYCAR 2025 새 모델 Y 주니퍼 새로운 3 하이랜드 후면 전면 트렁크 방수 LED 스트립 분위기 밝게 라이트 플러그 앤 플레이,1005008844281255,3月,Warm White | for Rear Trunk | New Y Juniper 2026,13.44,$13.44
YZ 테슬라 모델 Y 주니퍼 2025 러기지 매트 세트 사계절 방수 미끄럼 방지 트렁크 매트용 TPE 차량 바닥 매트,1005008827122478,3月,Double floor mat,33.23,$33.23
"닌텐도 스위치/스위치 라이트/OLED용 ECHTPower 무선 게임 컨트롤러, 스위치2 지원 홀 이펙트 스트링 컨트롤러",1005008756265868,3月,Dark gray,11.73,$11.73
Tesla New Gen. 2 9.6 인치 계기판 디스플레이 모델 Y 3 맹점 알림 OTA 업데이트 New Model 3 New Y Juniper Dashboard,1005008457505240,3月,New Y Juniper,165.8,$165.80
BISINNA 캠핑 가스 스토브 5800W 피크닉 하이킹 트레킹을위한 높은 화력 야외 휴대용 카세트 버너,1005007898264946,3月,Black,14.55,$14.55
에텐울프 제피르 S3/S5 휴대용 타이어 공기 주입기 100% 작동률 7800/15600mAh 자동차 자전거 공기 펌프 (신제품),1005007749000609,3月,ZEPHYR S5,42.51,$42.51
야외 캠핑 테이블 초경량 휴대용 접이식 그리드 테이블 다기능 알루미늄 합금 바베큐 테이블,1005011561220540,3月,Black,10.44,$10.44
캠핑 요리 세트 캠핑 조리기구 여행 식기 야외 피크닉 세트 2-3 Peaple 용 주전자 비 스틱 냄비 모듬 세트,1005006429662847,3月,B,12.12,$12.12
텔레스코픽 캠핑 라이트 충전식 낚시 랜턴 디밍 야간 분위기 조명 정전 10000mAh 비상 조명,1005007298103952,3月,10000mAh Black Box,15.6,$15.60
"SUV 자동차 지붕 텐트, 캠핑용 방수 뒷문 천막, UV 보호 기능이 있는 3-4인용 범용 태양 보호소（相似品）",1005008888018551,3月,Army green,21.3,$21.30
테슬라 모델 Y 2025 주니퍼 모델 3 하이랜드 프렁크 쿨러 주최자 절연 가방 앞 트렁크 보관 절연 쿨러 가방,1005010129666210,3月,Model Y 2020-2025,17.68,$17.68
자동차 레벨링 램프 2pcs RV 휠 초크 3 단계 캠핑카 레벨링 블록 트레일러 휠 초크 및 레벨러 경량 여행,1005006214541024,3月,black,13.35,$13.35
GooutSpringhill 미니 화로 야외 캠핑용 장작 스토브,1005009947736277,3月,1 Pcs,25.14,$25.14
마운틴하이커 아웃도어 캠핑 휴대용 화로 스테인리스 미니 장작 스토브,1005010140710971,3月,STOVE,38.21,$38.21
"팽창식 캠핑 텐트 4-6인용, 야외 스타일 돔 텐트",1005010437616109,3月,Khaki-curtains,79.01,$79.01
"XIAOMI MIJIA 자동차 진공 청소기 21kPa 흡입, Type-C 고속 충전, 150mL 먼지 컵, 가정용 무선 진공 청소기, 2400mAh 배터리",1005009139287286,3月,Vacuum Cleaners,37.29,$37.29
"XIAOMI MIJIA DC 인버터 플로어 팬 프로, 초박형 접이식, 보관함 포함, 스마트 스탠딩 선풍기, 100가지 공기 흐름 설정",1005008810647750,3月,XIAOMI Floor Fan Pro,54.28,$54.28
Divoom Times Frame 스마트 HD 화면 |   10.1인치 DIY 디지털 시계 |   암호화폐 주식 날씨 달력 |   기술 선물 데스크 설정,1005009250860840,3月,WHITE,119.0,$119.00
LED 야간 조명 침대 옆 테이블 램프 룸 장식,1005009176750230,3月,White,5.47,$5.47
VYVYLABS 30000mAh 분리형 CCC 보조배터리 고속 충전기 22.5W 무선 휴대용 충전기 21700 파워뱅크 (아이폰 17 예비 배터리용),1005008968802060,3月,20000mAh-Charger,23.0,$23.00
"UWANT V500 무선 청소기, 도킹 스테이션 포함, 자동 먼지 비움 기능 탑재, 230,000Pa의 강력한 흡입력, 미세먼지를 감지하는 마이크로 그린 라이트, LED 디스플레이 탑재, 작고 가벼운 디자인, 최대 40분간 사용",1005010661950273,3月,单一sku,74.03,$74.03
애플워치용 URVOI 밴드 링크 브레이슬릿,1005006689590436,3月,Silver color | For Apple Watch | 46mm-S10 44 45 49mm,29.34,$29.34
FONEX Screwless 안경 프레임,1005007615755609,3月,Gray,12.08,$12.08
4WD LED 2.4G 방수 원격 제어 몬스터 트럭,1005005909759459,3月,16103-White-2B,34.11,$34.11
BERNY 파일럿 티타늄 기계식 남성용 손목 시계,1005006650762514,3月,TITANIUM-BEIGE-FLAT,71.17,$71.17
MN128 1/12 RC 자동차 4WD 지프 모델 2.4G 원격 제어,1005006050787144,3月,Grey-1B1200,56.78,$56.78
"FONEX 티타늄 안경테, 남성용",1005001511598002,3月,Silver,18.33,$18.33
Xtep Men's Running Shoes 2000km 3.0 2025 Spring Lightweight Cushioned Wear-Resistant Training Jogging Sneakers 875119110032,1005008671542679,3月,Light White,39.47,$39.47
기존 SHOKZ OpenRun Pro 2 S820 S821mini 블루투스 이어폰 IP55 방수 골전도 헤드폰 음악 스포츠 이어 버드,1005008561939766,3月,S821MINI black,100.78,$100.78
"ZEUSLAP 16"" 2.5K 144hz Portable Monitor 2560*1600 16:10 100%sRGB 500Cd/m²  Travel Gaming Display for Laptop Switch ps4 ps5 Xbox",1005006960961910,3月,单一sku,88.84,$88.84
ONEMIX 남성용 쿠션 러닝화,1005006716500206,3月,Orange,27.26,$27.26
QoA Cloud Scape Headphone 1,1005011558051625,3月,Dark Blue 4.4mm,73.0,$73.00
Fosi Audio DS3 DAC 앰프 휴대용 HIFI 헤드폰 앰프,1005010353311370,3月,DS3 Black,57.74,$57.74
FiiO JT7 오버이어 평면형 자기 오디오파일 헤드폰,1005010252798108,3月,JT7 Black,85.88,$85.88
SHANLING ONIX Tocata (XM2) 휴대용 HiFi 플레이어,1005010555410450,3月,Tocata(XM2) BKcase,287.93,$287.93
HiBy W4 3.5mm 4.4mm 무선 오디오 HiFi 헤드폰 앰프,1005010652027558,3月,W4 Orange MagSafe,85.0,$85.00
"스페달 2025 최신 무선 카플레이 어댑터 USB 카플레이 & 안드로이드 오토, 타입-C 포트, 유선에서 무선으로 변환, 플러그 앤 플레이, 오토-C",1005010385148091,3月,단일옵션,7.8,$7.80
"쇼크즈 오픈핏 2+ T921 오픈형 이어폰 돌비 오디오 무선 블루투스 이어폰, 듀얼부스트 기술 AI 노이즈 감소",1005009961437697,3月,T921 Black,100.27,$100.27
기존 SHOKZ OpenRun Pro 2 S820 S821mini 블루투스 이어폰 IP55 방수 골전도 헤드폰 음악 스포츠 이어 버드,1005008561939766,3月,S820 Black,100.78,$100.78
10Gbps USB 3.2 도킹 스테이션 USB 허브 타입 C 스플리터 카드 리더 알루미늄 합금 멀티 8/9 포트 스위치 PC 노트북용,1005009930518176,3月,9-in-2 10Gbps,13.17,$13.17
SHOKZ OpenDots ONE 오픈 무선 블루투스 헤드셋 V5.4 마이크 포함 Dolby 사운드 방수 긴 배터리 수명 New 2025,1005009463218687,3月,E310 black,100.08,$100.08
가민 포러너 165 스마트워치 내장 GPS 43mm 1.2인치 AMOLED 디스플레이 11일 배터리 수명 심박수 모니터 피트니스 트래커,1005008636831205,3月,Black GPS,161.48,$161.48
HOTO 스마트 무선 스크루드라이버 세트 3.6V 충전식 리튬 배터리 전동 스크루드라이버 S2 스틸 12비트 선물팩 EU,1005011665615240,3月,단일옵션,41.99,$41.99
HOTO 24-in-1 정밀 드라이버 세트 미니 다기능 자석 보관함 (24개 비트 포함),1005011665748268,3月,다크 그레이,14.75,$14.75
아디다스 정품 ADIZERO EVO SL 남성 스포츠 런닝화 KK1348,1005010673601314,3月,"Beige, 40.5",89.63,$89.63
앤커 프라임 파워뱅크 26250mAh 300W 보조배터리,1005010658493477,3月,Black,98.22,$98.22
【New Sale】Baseus 100W Charger Fast Charger For iPhone 17 16 Xiaomi Samsung Laptop Tablet Charger PD Charger USB Phone Charger,1005010627780404,3月,EU Plug Black,24.49,$24.49
Soundcore by Anker Liberty 4 Pro 소음 차단 무선 이어버드 이어폰 Bluetooth 무선 Bluetooth 이어폰 헤드폰,1005010049775792,3月,glossy black,54.78,$54.78
베이스어스 3 in 1 마그네틱 무선 충전기 Qi2.2 25W 고속 충전 아이폰 17 16 15 14 애플워치 이어버드 에어팟 프로 iWatch용,1005009911629200,3月,Add 45W EU Plug,36.11,$36.11
SHOKZ OpenDots ONE 오픈 무선 블루투스 헤드셋 V5.4 마이크 포함 Dolby 사운드 방수 긴 배터리 수명 New 2025,1005009463218687,3月,E310 black,100.08,$100.08
Edifier MR5 2.0 모니터 스피커 시스템 Bluetooth V6.0 LDAC 고해상도 무선 스피커 3방향 액티브 크로스오버 110W RMS,1005009103399159,3月,White,100.12,$100.12
"UWANT V500 무선 청소기, 도킹 스테이션 포함, 자동 먼지 비움 기능 탑재, 230,000Pa의 강력한 흡입력, 미세먼지를 감지하는 마이크로 그린 라이트, LED 디스플레이 탑재, 작고 가벼운 디자인, 최대 40분간 사용",1005010661950273,3月,단일옵션,74.03,$74.03
"ETENWOLF ZEPHYR S3C Portable Air Compressor 100% Duty Cycle Car Tire Inflator 7800mAh for Cars, Motorcycles, Bicycles Balls",1005008295800556,3月,S3se orange,23.45,$23.45
"Amazfit 밸런스 스마트 워치 듀얼 밴드 GPS 150 개 이상의 스포츠 모드, 수면 및 피트니스 코칭 스마트 워치, 안드로이드 IOS 휴대폰용, 46mm",1005005968128339,3月,"Sunset Grey, Chinese Version",97.32,$97.32
"Logitech G PRO X SUPERLIGHT 2 무선 게이밍 마우스, 프로그래밍 가능한 버튼 5개, 44k DPI 센서, 8kHz 반복을 갖춘 60g 프로급 마우스",1005011704549529,3月,black,89.93,$89.93
"CHUWI MiniBook X 노트북 태블릿 2 In 1 Intel N150 CPU 10.51 ""FHD IPS 스크린 12GB LPDDR5 512G SSD Windows 11 노트북 1200*1920",1005010239031646,3月,16GB 512GB,259.78,$259.78
soundcore Anker Space Q45 적응형 소음 차단 헤드폰 매우 긴 50H 재생 시간 앱 제어 고해상도 사운드 Bluetooth 5.3-,1005010050057983,3月,"white,China Mainland",43.92,$43.92
"XREAL One 개의 AR 스마트 안경 477"" iPhone Mac 스위치 PS5를 위한 HD 스크린 3DoF 공간 3D 실제 안경을 호버하는",1005011558961419,3月,xreal one,390.62,$390.62
CROSSGUN New Jet Fan Strong Portable Power Handheld Dust Elimination Computer Hurricane Storm Source Turbo Jetfan LED X6 Pro,1005009343275998,3月,With Accessory,27.3,$27.30
UGREEN 200W GaN Charger 8 in 1 Desktop Laptop Fast Charging Stand For iPhone 17 16 15 Pro Max Macbook Air Xiaomi Samsung Tablets,1005008707006131,3月,KR GaN 200W,39.85,$39.85
UGREEN HDMI KVM Switch for 2 Monitor 2 PCs 4K 60Hz USB C USB 3.0 Sharing Monitor Keyboard Mouse Printer with HDR 3D Support,1005008936884408,3月,4K HDMI KVM Kit,37.63,$37.63
"UGREEN 수직 노트북 스탠드, 트리플 슬롯 알루미늄 노트북 스탠드, 맥북 에어 프로 태블릿 아이패드 폰 거치대",1005007345076620,3月,Metal Triple Slots,11.47,$11.47
PMO 오로라 80 E-스포츠 기계식 키보드 RGB 라이트 다이내믹 뮤직 트라이 모드 80% 사이즈 알루미늄 바디 핫 스왑 가스켓 게이밍 오피스,1005010519708781,3月,Moon God Axis,78.3,$78.30
Logitech G304/G305 Lightspeed 무선 게임용 마우스 6개의 프로그래밍 가능 버튼 12000DPI 배터리 Usb 재고 RGB 무선 마우스,1005011708188955,3月, black,26.13,$26.13
"AULA F108Pro/F108 Wireless Bluetooth tri-mode connection, multi-functional display, Gasket structure, RGB lighting effects",1005011698703994,3月,F108 Pro Blue,33.11,$33.11
"AULA F108Pro/F108 Wireless Bluetooth tri-mode connection, multi-functional display, Gasket structure, RGB lighting effects",1005011698703994,3月,"F108 Pro Gray, 96753",33.11,$33.11
ATK 드래곤플라이 A9 무선 e스포츠 게이밍 마우스 초경량 트라이 모드 인체공학적 마우스 A9 플러스 PAW3395/3950 울트라,1005011646035007,3月,A9 Ultra-White,43.83,$43.83
"AULA F108Pro/F108 Wireless Bluetooth tri-mode connection, multi-functional display, Gasket structure, RGB lighting effects",1005011698703994,3月,"F108 Ashen Mix, 96524",27.64,$27.64
Logitech MX Master 3S 무선 Bluetooth 마우스 비즈니스 오피스 소프트톤 마우스 인체공학적 비즈니스 오피스 마우스,1005011668949401,3月,White,56.35,$56.35
NuPhy Node100 기계식 키보드 로우 액시스 무선 트라이 모드 하이 액시스 사일런트 4000mAh PC e스포츠 노트북 게이밍 키보드 Node75,1005010685511816,3月,"Node100 Max High Axi, Daifen Axis",69.0,$69.00
NuPhy Node100 기계식 키보드 로우 액시스 무선 트라이 모드 하이 액시스 사일런트 4000mAh PC e스포츠 노트북 게이밍 키보드 Node75,1005010685511816,3月,"Node100 Low Axis, Super Red Axis",69.0,$69.00
TickType DP104 무선 게이밍 기계식 키보드 블루투스 맞춤형 핫스왑 알루미늄 케이스 FPS 게이밍 오피스 PC용 PBT 키캡,1005011667919996,3月,White,181.3,$181.30
LINGBAO K108pro 기계식 키보드 트라이 모드 한국어 문자 마카롱 색상 PBT 키캡 10000mAh 대용량 배터리 컴퓨터용 PC용,1005010226268822,3月,Cotton Candy(Slient),35.58,$35.58
Keychron Z6Ultra 3 모드 듀얼 8K 기계식 키보드 108키 퀵 릴리즈 커스터마이징 가능 윈도우 맥 알루미늄 케이스 게이밍 e스포츠,1005010122009815,3月,Z6U-P White,106.62,$106.62
AULA F87 Pro V2 3모드 무선 기계식 키보드 12000mAh 긴 배터리 수명 E-스포츠 키보드 핫스왑 RGB 커스텀 PC 게이밍,1005011689530817,3月,"20710, WhiteContour10000mAh",30.1,$30.10
TickType EVO80 무선 블루투스 키보드 알루미늄 PBT 키캡 Windows Mac OS QMK VIA PC용 핫스왑 가능 RGB 게이밍 키보드,1005011667919755,3月,"Purple, Milk Switch",125.94,$125.94
"AULA F108Pro/F108 Wireless Bluetooth tri-mode connection, multi-functional display, Gasket structure, RGB lighting effects",1005011698703994,3月,"F108 Gray, 45997",27.64,$27.64
레노버 요가 패드 프로 12.7 12GB 256GB 태블릿 스냅드래곤 8 Gen 3 12.7인치 144Hz LCD 화면 10200mAh 68W 충전 안드로이드 와이파이 탭,1005009604407877,3月,"Standard Discount, 12GB 256GB Blue",236.03,$236.03
"빅미 하이브레이크 S 5.84인치 e-잉크 전자책 리더, 눈에 편한 전자책, 6+128GB, 안드로이드 14 OS 전자종이 리더, 4G 통화 기능 탑재",1005010178479688,3月,black-white E-ink,192.83,$192.83
Baseus Qi2 마그네틱 보조베터리(킥스탠드 포함) PD 20W 5000mAh iPhone Samsung Xiaomi용 휴대용 무선 고속 충전 보조베터리,4000958620294,3月,Titanium,21.99,$21.99
"Hi-Fi MP3 Player with Bluetooth and WiFi, Oilsky Lossless DSD High-Resolution Digital Audio with 64GB Memory Card up to 1TB",1005008113365322,3月,검정색,34.27,$34.27
마운틴하이커 20cm 높이 야외 캠핑 피크닉 에어매트 자가운전 여행용 매트리스 탄력성 자동 에어매트리스 베개,1005010756468344,3月,Double  Person,83.44,$83.44
"Lenovo Xiaoxin Pad Pro GT 128GB 256GB Snapdragon 8 Gen 3 11.1"" 144Hz 3.2K Display 8860mAh 68W Charging Android Wifi7 Tablet PC",1005011785060188,3月,8GB 256GB grey,190.15,$190.15
MOUNDAINHIKER 야외 캠핑용 에어 펌프 에어 쿠션 매트리스 자동 팽창식 침대 휴대용 야외 팽창식 치즈 매트,1005010488352084,3月,Black Single,55.59,$55.59
캠핑 IGT 테이블 igt 5 유닛 테이블 경량 알루미늄 합금 테이블 접이식 캠핑 책상 피크닉 전술 책상,1005010043405543,3月,"Table, black",56.03,$56.03
JONR Robot Vacuum P20 Pro International Edition Mopping Vacuuming Dushing Wipes Automatic Cleaning Dust Collecting Drainage Water,1005010178835114,3月,P20 Pro,150.5,$150.50
QCY H3S -56dB 어댑티브 ANC 오버이어 헤드폰 하이 레졸루션 LDAC 공간 음향 무선 이어폰 블루투스 6.0 듀얼 드라이버 102시간 헤드셋,1005009940780547,3月,H3S-BLACK,21.7,$21.70
"UWANT 무선 청소기 V600, 펫 청소기, 31,000Pa 흡입력, 2.5L 자동 비움 스테이션, 바이오닉 스크래핑 링, 110 °   광각 녹색광, 1년 무상 A/s",1005011617811855,3月,단일옵션,140.78,$140.78
WESTTUNE Outdoor Wireless Air Pump Travel Vacuum Pump with Inflatable Deflate Portable Electric MINI Inflatable Pumps for Mats,1005009447261899,3月,Black,30.79,$30.79
WORX WU139 브러시리스 스크루 드라이버 경량 무선 드릴 50N.m 1/4인치 ElectricDrill 12V 배터리 좁은 공간을 위한 미니 드릴,1005009408670848,3月,WU139.1,41.67,$41.67
풍선 캠핑 텐트 4-8명 창문 포함 휴대용 방수 캠핑 텐트 사계절 텐트,1005009020289062,3月,4x3x2.1m,173.4,$173.40
경사 보상 기능이 있는 레이저 거리 측정기 650야드 골프 거리 측정기(사이드 스크린 디스플레이 포함) 골프용 플래그 잠금 진동,1005008803237554,3月,"White, 650 Yards",32.4,$32.40
"XIAOMI MIJIA 음파 진동 전동 칫솔 프로, 스마트 4가지 모드, 긴 배터리 수명, IPX8 방수, LED 스크린 및 여행용 잠금 장치",1005008529076452,3月,Add Clean Head,30.02,$30.02
오리지널 레노버 샤오신 100P 프로젝터 1140 ANSI 자동 초점 Wifi6 스마트 홈시어터 360도 PTZ 지원 4K HD 휴대용 프로젝터,1005007861114271,3月,Xiaoxin 100P,102.77,$102.77
Sobergo 스마트 윈도우 로봇 청소기 3세대 6.2cm 울트라 슬림/5600PA 흡입/인터랙티브/한국어 어댑터 및 사용 설명서,1005010177409794,3月,"WHITE,Yes",33.18,$33.18
"여행용 남성용 노트북 배낭, 진공 압축 배낭, 비즈니스 대용량 학교 배낭, 야외 확장 배낭, 17 인치",1005006341728350,3月,black-Pumps,36.85,$36.85
"Rayneo Air 4 Pro 3G AR Glasses IPX-5 Waterproof, 4K Video Capture, B&O Sound, HDR10 Display, 135"" Virtual Screen",1005011652703092,3月,Air 4 Pro,194.55,$194.55
"샤오미 미지아 보풀제거기 2, 옷감용 보풀제거기, 180분 배터리, 6중날 강력 흡입, USB 충전식, 보풀 제거기",1005009133328690,3月,add Head 2pcs,12.48,$12.48
"여성용 및 남성용 창의적인 버블 우산, 비나 햇살에도 사용 가능한 돔 우산, 야외 자외선 차단, 완전 밀폐형 헬멧 우산, 선물용",1005011550954083,3月,Gray Glasses,16.83,$16.83
"새로운 베이스어스 GoTrip VA1 Pro/Max 차량용 에어펌프 7500mAh 에어 컴프레서 휴대용 타이어 공기 주입기 (오토바이, 자전거, 공, 자동차용)",1005009392584624,3月,"VA1 Max,China Mainland",18.63,$18.63
Magcubic HY300 Pro 8K HD 프로젝터 안드로이드14 듀얼 와이파이6 290ANSI 올위너 H726 BT5.0 1280*720 홈 시네마 야외 프로젝터 HY300,1005009243108852,3月,"HY300Pro-White,EU Plug",24.45,$24.45
"XIAOMI MIJIA 샤오미 미지아 경량 진공 청소기 22,000Pa 흡입력, 2가지 청소 모드, 세척 가능한 액세서리, 타입-C 40분 작동, 중국 버전",1005010559651951,3月,하얀색,41.32,$41.32
고품질 여행 가방 접이식 캠핑 가정용 수납함 식료품 쇼핑 카트 휴대용 접이식 쇼핑 카트 야외 트롤리,1005011600014612,3月,Big-4-Gray,12.48,$12.48
마운틴하이커 36L 야외용 냉장고 트롤리 휠 포함 인큐베이터 휴대용 보온 박스 BBQ 차량용 휠 보온 박스 냉장고 박스,1005009897474124,3月,Black,33.15,$33.15
다기능 전기 무선 창문 청소기 화이트 무선 충전식 자동 휴대용 유리 청소 도구,1005010129489543,3月,army green,11.17,$11.17
휴대용 스팀 청소기 다기능 클리너 고온 살균 스팀 청소기 주방 청소 도구,1005010494731496,3月,EU Plug,30.47,$30.47
크로스건 터보 팬 충전식 무선 먼지 제거기 강력한 바람 흐름 컴팩트 디자인 차량 여행 야외 청소 긴 대기 시간,1005008359428664,3月,Black,15.55,$15.55
LED 자석 작업등 180도 회전 가능 ° 야외 캠핑 검사용 회전식 다기능 손전등,1005010174267589,3月,KXK2506,9.06,$9.06
"XIAOMI MIJIA M40 로봇 진공 청소기, 고정밀 장애물 회피, 12Kpa 흡입, 지능형 걸레 리프트, LDS 레이저 네비게이션",1005009320915896,3月,KR,241.76,$241.76
정품 레노버 S102 골전도 이어폰 공기 전도 헤드폰 V6.0 무선 스포츠 하이파이 사운드 수영 헤드셋 방수,1005010428361140,3月,"Black,China Mainland",16.96,$16.96
"ABIR G80 핸드헬드 카펫 진공 청소기 15Kpa 스팟 클리너 가정용 소파 자동차 내부, 애완동물 침대 직물 습식 건식 세척기",1005005905231130,3月,"220-240V,United Arab Emirates",51.25,$51.25
ATK 드래곤플라이 A9 시리즈 무선 마우스 트라이 모드 PAW3950 Nordic52840 8K 53g 경량 커스텀 노트북 게이머 PC 게이밍 마우스,1005008994544155,3月,A9 Plus-White,21.77,$21.77
"AULA F108Pro/F108 Wireless Bluetooth tri-mode connection, multi-functional display, Gasket structure, RGB lighting effects",1005011698703994,3月,F108 Pro Yellow Mix,33.11,$33.11
오리지널 레노버 샤오신 100P 프로젝터 1140 ANSI 자동 초점 Wifi6 스마트 홈시어터 360도 PTZ 지원 4K HD 휴대용 프로젝터,1005007861114271,3月,Xiaoxin 100P,102.77,$102.77
"TMR 조이스틱, 전환 가능한 트리거, 모션 제어, 8단 속도를 갖춘 PC 및 Android용 8BitDo Ultimate 2 무선 게임 컨트롤러",1005004698856770,3月,White,34.16,$34.16
【신제품】베이스어스 6-IN-1 GaN 휴대폰 충전기 범용 여행 어댑터 45W/70W 리트랙터블 케이블 2AC 소켓 EU/UK/US 플러그 USB 충전기,1005010302901724,3月,70W Off-White,22.99,$22.99
새로운 Lenovo Xiaoxin Pad Pro 12.7 2025년 2월 태블릿 크기 8300 2.9k 해상도 144Hz 새로 고침 빈도 WIFI 10200mAh WIFI Android,1005011701730285,3月,Std Edition 8G 128G,147.8,$147.80
Hagibis 손잡이 USB C 허브(단축 버튼 포함) Type-C 도킹 스테이션 볼륨 조정 Macbook용 데스크탑 컨트롤러 2.5G RJ45,1005009259812364,3月,Black-2.5G RJ45,25.21,$25.21
"AULA F108Pro/F108 Wireless Bluetooth tri-mode connection, multi-functional display, Gasket structure, RGB lighting effects",1005011698703994,3月,F108 Pro Yellow Mix,33.11,$33.11
"Anker USB C-USB C 케이블, 아이폰 16 시리즈, 맥북, 아이패드용 고속 충전, 4 ft 2-in-1, 최대 140W",1005008418870113,3月,"A8895Black, 1.8m",11.13,$11.13
"Anker USB C-USB C 케이블, 아이폰 16 시리즈, 맥북, 아이패드용 고속 충전, 4 ft 2-in-1, 최대 140W",1005008418870113,3月,A8895Black 0.9m,10.18,$10.18
MCHOSE Ace68 터보 마그네틱 스위치 키보드 16k 알루미늄 합금 0.001mm E-스포츠 키보드 인체공학적 저지연 게이머 키보드,1005010457357819,3月,White-TaiShan GT,74.32,$74.32
레노버 요가 패드 프로 12.7 12GB 256GB 태블릿 스냅드래곤 8 Gen 3 12.7인치 144Hz LCD 화면 10200mAh 68W 충전 안드로이드 와이파이 탭,1005009604407877,3月,12GB 256GB Blue,237.03,$237.03
Angry Miao AM Infinity 마우스 Paw3950 8000Hz 트라이 모드 무선 마우스 경량 홀로우 아웃 마그날륨 게이밍 마우스 PC 액세서리,1005009969828435,3月,Cloud White,99.34,$99.34
LINGBAO K108pro 기계식 키보드 트라이 모드 한국어 문자 마카롱 색상 PBT 키캡 10000mAh 대용량 배터리 컴퓨터용 PC용,1005010226268822,3月,Cotton Candy(Slient),35.58,$35.58
로지텍 PRO X SUPERLIGHT 2 DEX GPW4 무선 호크아이 게이밍 마우스 경량 게이밍 마우스,1005011704314811,3月,Hawk Eye Black,94.42,$94.42
B-CUBE Y6 카본 파이버 삼축 프레임 F450 크로싱 삼축 프레임 삼축 드론 프레임,1005010084250772,3月,Y6 F450 frame,16.91,$16.91
4X Racerstar Racing Edition 2216 BR2216 810KV 2-4S 브러시리스 모터 350 380 400 450 RC 드론 FPV 레이싱,32275914092,3月,,19.82,$19.82
"450 프레임 장착 F450 드론, 랜딩 기어 장착, RC MK MWC 4 축 RC 멀티콥터 쿼드콥터 헬리 멀티 로터, 신제품",1005006256926252,3月,F450 with landing,7.82,$7.82
"30A Simonk ESC 브러시리스 속도 컨트롤러 5V 2A BEC, RC F450 S500 Quadcotper 용 3.5mm 바나나 커넥터 포함",32935074330,3月,4PCS ESC,14.43,$14.43
F550 6축 프레임 통합 PCB 보드 탄소 섬유 나일론 프레임 다축 다중 로터 UAV 항공 사진 및 측량,1005010354191428,3月,F550 DJJ black,14.28,$14.28
"신형 30A 브러시리스 ESC와 2212 920KV 브러시리스 모터 CW CCW, F330 X525 F450 S500 500 550 쿼드콥터 멀티로터 RC DIY 확장용",1005010080217624,3月,4 x 920KV  30A-ESC,23.71,$23.71
FLYSKY FS-I6X I6X 2.4G 10CH AFHDS 2A 라디오 송신기(IA6B IA10B 수신기 포함),1005006102515851,3月,model 2 with IA10B,36.83,$36.83
KingBank SOARBLADE KFXB Series DDR5 Black Memory 32GB (16GBx2)  6800MHz 6000MHz 7200MHz Dual Channel for Gaming And Overclocking,1005010443519116,3月,"6000MHz,16GBx2,DDR5",433.2,$433.20
MOVESPEED 7450MB/s SSD NVMe M.2 2280 4TB 2TB 1TB Internal Solid State Hard Disk M2 PCIe 4.0x4 2280 SSD Drive for PS5 Laptop PC,1005005325013777,3月,"7450Mbps 4TB,China Mainland",341.14,$341.14
게이밍 데스크탑 컴퓨터용 ATK×QK Hex80 마그네틱 스위치 기계식 키보드 Fearless Covenant 스페셜 에디션 콜라보레이션,1005010472202025,3月,Hex80 Gold,209.11,$209.11
"AMD Ryzen 7 7800X3D CPU, R7 7800X3D, 5.0GHz, 8-Core,16-Thread,5NM,96M,100-100000910 Socket AM5 New Tray Without Cooler",1005010199663594,3月,China Mainland,224.99,$224.99
JUHOR RGB DDR5 32GB(16GBX2)  6000MHz 6800MHz 7200MHz 8000MHz DDR5 16GB Desktop Memoria Ram,1005006728652128,3月,"6000MHz,16GBx2,DDR5",469.4,$469.40
Xtep Five Speed 3.0 For Men 2025 Spring And Autumn Comfortable Casual Shoes Breathable Training Jogging Sneakers 875319110002,1005008980276084,3月,"White Orange,39",41.18,$41.18
GOLDEN CAMEL Waterproof Backpacks Men Women Climbing Bag for Men Ultralight Hiking Backpack with Sport Bags Covers Camping,1005003748718450,3月,red,21.71,$21.71
PRIMITIVE Air Mattress 1 2 Person Self-Inflating Mattress With Pillow Splicable Travel Sleeping Pad Ultralight Tent Camping Mat,1005010479364592,3月,Single khaki - 5cm,14.21,$14.21
Tiartisan Titanium Meal Bowl 3pcs Set Double Layer Soup Bowl Outdoor Camping Lightweight Stackable Food Container Tableware,1005010248599026,3月,3pcs- Ice Crystal,22.78,$22.78
"ZEUSLAP-Z16K 16"" 4K Portable Monitor 3840x2400 100% DCI-P3 Thunderbolt USB-C HDMI for Phone, PS5, Laptop PC Second Screen",1005009926300553,3月,black,109.21,$109.21
2.6新加品,1005010241180361,3月,-,19.97,$19.97
AMPOWN TRIMUI BRICK HAMMER Handheld Game Console Retro Video Games 3.2'' IPS Screen Full Metal CNC Linux System Portable Gaming,1005009749717934,3月,"Space Grey,64G(9K Games)|Rose Gold,64G(9K Games)|Wild Green,64G(9K Games)|Black,64G(9K Games)|Sliver,64G(9K Games)|30/30/30/30/30",65.97,$65.97
2025 Trimui Smart Pro S 4.96inch 1280x720pixel Ips Fully Laminated Handheld Upgrade Portable Hd Wireless Gba Nds Game Machine,1005010502790947,3月,"black,64G|white,64G|grey,64G|red,64G|yellow,64G|green,64G",72.73,$72.73
MIJIA 미스트프리 가습기 3 (400) 가정용 4L 공기청정기 에어 가습기 에센셜 오일 아로마테라피 향수 디퓨저,1005006057947009,3月,단일옵션,41.42,$41.42
ETENWOLF ZEPHYR S3 휴대용 타이어 팽창기 100% 듀티 사이클 160 PSI 자동차 공기 압축기 7800mAh 자동차 오토바이 공 (신규),1005007649257337,3月,bright orange,26.7,$26.70
안커 마그고 파워 뱅크 울트라 슬림 10000mAh 마그네틱 배터리 Qi2 인증 15W 초고속 마그세이프 호환 휴대용 아이폰17,1005007730556195,3月,White,34.66,$34.66
기존 SHOKZ OpenRun Pro 2 S820 S821mini 블루투스 이어폰 IP55 방수 골전도 헤드폰 음악 스포츠 이어 버드,1005008561939766,3月,S820 EK,100.78,$100.78
"로지텍 리프트 인체공학적 블루투스 무선 수직 마우스, 소형 마우스, 비즈니스 사무실, 3 개 장치, 초 단위로 전환",1005011708890071,3月,Black,34.42,$34.42
"Anker Nano Power Bank (5K, Slim)，5000mAh",1005010636749102,3月,"White,5000mAh",28.36,$28.36
레이네오 에어 4 프로 스마트 AR 글래스 3G 음성 제어 IPX-5 방수 4K 비디오 캡처 헤드 마운트 XR 지원 DP 계약,1005009594689499,3月,Air 4 Pro,193.62,$193.62
레이네오 HDMI 어댑터 휴대용 어댑터 휴대용 어댑터 충전 중 화면 동반자,1005009692986687,3月,단일옵션,34.13,$34.13
COOSPO TR70 레이더 테일 라이트 스마트 자전거 후미등 브레이크 경고 IP67 방수 사이클링 후미등 7가지 라이트 모드 테일 램프,1005010288468134,3月,TR70,50.99,$50.99
CYCPLUS 스마트 피트니스 선풍기,1005007755044942,3月,Fan with Ground Base,99.0,$99.00
iGPSPORT BSC300 GPS 자전거 컴퓨터 사이클링 무선 컬러 스크린 지도 내비게이션 지원 실내 훈련 자전거 액세서리,1005009038195423,3月,BSC300,51.94,$51.94
CYCPLUS T2 사이클링 홈 트레이너 다이렉트 드라이브 운동 자전거 훈련 자전거 롤러 ANT+ BLE 5.0 파워 미터,1005003968783405,3月,12S 11-34T cassette,297.0,$297.00
TOWILD DL1200S/DL1700 자전거 라이트 컷오프 라인 포함 Beam1900LM 충전식 자전거 프론트 라이트 보조베터리 Mtb 사이클링 헤드라이트,1005008639836335,3月,white,38.81,$38.81
기존 SHOKZ OpenRun Pro 2 S820 S821mini 블루투스 이어폰 IP55 방수 골전도 헤드폰 음악 스포츠 이어 버드,1005008561939766,3月,S820 Black,100.78,$100.78
"SEEMEE DV 카메라 미등, USB-C 충전식 자전거 후방 조명, 도로 도시용 최대 110시간 런타임의 3400mAh 배터리",1005006830142314,3月,单一sku,67.74,$67.74
AIRBANK AS100 미니 휴대용 자전거 펌프 충전식 공기 주입기 100PSI 타입-C 자전거 액세서리 자전거 슈레더 프레스타 타이어용,1005006842456107,3月,单一sku,16.56,$16.56
Drift Innovation Ghost XL 액션 카메라,1005006832170410,3月,单一sku,57.78,$57.78
RYET 3D 인쇄 자전거 안장,1005005209973776,3月,Black Carbon Base A,33.13,$33.13
Xtep 160X 7.0 Pro Running Shoes 2025 Cushioning Shock Sneakers Professional Marathon PB Carbon Plate Sports Shoes 975319110041,1005009736601370,3月,White Red,151.57,$151.57
10개입 CYCLAMI 초경량 자전거 TPU 이너 튜브 700C 18 23 25 28 30 32 프레스타,1005009699669499,3月,"10 Pcs, 18-32C, 80mm",25.85,$25.85
WEST BIKING 자전거 수리 스탠드,1005006465995459,3月,Black,34.05,$34.05
CYCPLUS 심박수 센서 완장 손목 벨트,1005006436985798,3月,H1,10.92,$10.92
RYET 풀 카본 로드 휠셋 자전거 초경량 1050g -  需退还样品,1005009377481656,3月,ZERO-G Carbon Wheel | DISC-Centrelock HG | T04 Carbon Spoke | CERAMIC BEARING | 50mm,537.67,$537.67
Xtep Men's Running Shoes 2000km 3.0 2025 Spring Lightweight Cushioned Wear-Resistant Training Jogging Sneakers 875119110032,1005008671542679,3月,Light White,39.47,$39.47
TTArtisan AF 40mm F2.0 렌즈,1005011690220953,3月,L mount,104.1,$104.10
NEEWER 트루 컬러 가변 ND 필터 ND2-ND32,1005007994968725,3月,52mm,22.02,$22.02
Gustard/Audalytic DR70 R2R 스트리밍 DAC DSD512 PCM768 블루투스 5.0 디코더,1005010297156582,3月,Black,279.99,$279.99
Gustard/Audalytic DR70 R2R 스트리밍 DAC DSD512 PCM768 블루투스 5.0 디코더,1005010297156582,3月,Silver,279.99,$279.99
Ampapa Q1,1005010413258237,3月,,158.3,$158.30
Ampapa D1 하이파이 스테레오 블루투스 5.2 앰프,1005009937567737,3月,,112.5,$112.50
AIYIMA T20 진공관 프리 앰프 앰프 LME49720,1005009412545246,3月,T20 with 12V2A EU,77.64,$77.64
Aiyima A20,1005009979773040,3月,With 48V KR Plug,109.49,$109.49
2024 시마노 밴포드 스피닝 낚시 릴 1000/2500/C3000HG/4000XG/5000XG 7+1BB AR-C 스풀 해수 낚시 릴 3-11KG 파워ㅋ,1005011565272759,3月,C2000S,131.75,$131.75
2024 시마노 밴포드 스피닝 낚시 릴 1000/2500/C3000HG/4000XG/5000XG 7+1BB AR-C 스풀 해수 낚시 릴 3-11KG 파워ㅋ,1005011565272759,3月,C5000XG,134.47,$134.47
4/6배 100W 80W 60W 접이식 솔라 패널 USB 5V 솔라 충전기 캠핑 하이킹 자동차용 휴대용 태양광 전지,1005010353688438,3月,100W Camouflage,10.48,$10.48
라이노워크 오토바이 사이드백 방수 20L/35L 낙하 방지 퀵 릴리즈 패니어 여행 수납 가방 라이딩 도난 방지 박스,1005010240557968,3月,20L Bag-1 Piece,141.0,$141.00
Rhinowalk 오토바이 SaddleBag 20L-30L 이동식 100% 방수 내부 가방 여행 오토바이 수하물과 범용 사이드 가방,1005004653183983,3月,20LBlack-1pc,40.87,$40.87
Alpicool EZGW 40L 50L 60L 자동차 냉장고 12V 압축기 냉장고 냉동고 듀얼 존 바퀴 휴대용 쿨러 캠핑 BBQ,1005008792676844,3月,40L,177.0,$177.00
"WOLFBOX MF200 전기 에어 더스터 에어 블로워-320g 풍압, 충전식 3단계 브러시리스 모터 자동차/PC/가정/야외용",1005010002690851,3月,MF200,50.6,$50.60
"UGREEN 보안 스마트트랙 카드, 애플 내 지갑 찾기, 블루투스 추적기, 휴대폰 찾기, 방수 기능, iOS 전용",1005008451372409,3月,,16.79,$16.79
SPTA 12V Cordless Mini Car Polisher,1005005920839771,3月,색상: 1 battery set,50.92,$50.92
에텐울프 제피르 S3/S5 휴대용 타이어 공기 주입기 100% 작동률 7800/15600mAh 자동차 자전거 공기 펌프 (신제품),1005007749000609,3月,:ZEPHYR S3,22.4,$22.40
Edifier M60 Compact Desktop 2.0 Speakers Hi-Res Audio Wireless LDAC Bluetooth 5.3 USB-C AUX Inputs Support EQ Setting 66W RMS,1005007612849331,3月,White EU-Plug,70.4,$70.40
Edifier MR5 2.0 모니터 스피커 시스템 Bluetooth V6.0 LDAC 고해상도 무선 스피커 3방향 액티브 크로스오버 110W RMS,1005009103399159,3月,White/black,100.12,$100.12
새로운 Lenovo Xiaoxin Pad Pro 12.7 2025년 2월 태블릿 크기 8300 2.9k 해상도 144Hz 새로 고침 빈도 WIFI 10200mAh WIFI Android,1005011701730285,3月,Std Edition 8G 128G,147.8,$147.80
레노버 리전 Y700 2025 CN 안드로이드 패드 4세대 TB322FC 게이밍 태블릿 12/256GB 16/512GB 스냅드래곤 8 엘리트 8.8인치 165Hz 7600mAh 태블릿,1005010120015183,3月,12GB 256GB White,320.0,$320.00
【KC 인증】유그린 Qi2.2 25W 보조배터리 고속 충전 10000mAh 타입 C 케이블 파워뱅크 아이폰 17 프로 맥스용 MagSafe 30W 지원,1005006287670753,3月,KC Korean Version,33.89,$33.89
UGREEN 145W 20000mAh 보조베터리 맥세이프 Qi2 15W 자기 무선 보조베터리 스테이션 유그린 PD3.1 노트북 100W 고속충전 고속 충전용 외장 배터리 대용량 맥세이프 충전기,1005008365311968,3月,"20000mAh,China Mainland",62.99,$62.99
"쇼크즈 오픈핏 2+ T921 오픈형 이어폰 돌비 오디오 무선 블루투스 이어폰, 듀얼부스트 기술 AI 노이즈 감소",1005009961437697,3月,T921 Black,100.27,$100.27
"Nintendo Switch, Switch 2, Windows 10/11용 8BitDo Ultimate 2 Bluetooth 컨트롤러 무선 게임패드(TMR 조이스틱 액세서리 포함)",1005008818912800,3月,"White with Bag, Ultimate 2 Bluetooth",42.69,$42.69
"Lenovo Xiaoxin Pad Pro GT 128GB 256GB Snapdragon 8 Gen 3 11.1"" 144Hz 3.2K Display 8860mAh 68W Charging Android Wifi7 Tablet PC",1005011785060188,3月,8GB 256GB grey,190.15,$190.15
로지텍 PRO X SUPERLIGHT 2 DEX GPW4 무선 호크아이 게이밍 마우스 경량 게이밍 마우스,1005011704314811,3月,Hawk Eye Black,94.42,$94.42
"UGREEN 트리플 디스플레이 USB C 허브, 10Gbps 4K HDMI 어댑터, 8 인 1 스플리터, HDMI DP, USB3.2, PD, 100W 독, 맥북 프로 에어 PC용",1005007227813985,3月,2HDMI 1DP,18.94,$18.94
AULA F87 Pro 가스켓 게임용 기계식 키보드 75% TKL 레이아웃 무선 핫 스왑 RGB 맞춤형 Bluetooth 키보드 2024 새로운 색상,1005006838602057,3月,Star Trek,25.67,$25.67
"XIAOMI MIJIA 자동차 진공 청소기 21kPa 흡입, Type-C 고속 충전, 150mL 먼지 컵, 가정용 무선 진공 청소기, 2400mAh 배터리",1005009139287286,3月,Car Cleaner,37.29,$37.29
Edifier MR5 2.0 모니터 스피커 시스템 Bluetooth V6.0 LDAC 고해상도 무선 스피커 3방향 액티브 크로스오버 110W RMS,1005009103399159,3月,White/black,100.12,$100.12
"Lenovo Xiaoxin Pad Pro GT 128GB 256GB Snapdragon 8 Gen 3 11.1"" 144Hz 3.2K Display 8860mAh 68W Charging Android Wifi7 Tablet PC",1005011785060188,3月,8GB 256GB grey,190.15,$190.15
새로운 AMD Ryzen 7 7800X3D R7 7800X3D 5.0GHz 8코어 16스레드 게이밍 CPU 5NM 96M 100- 100000910 쿨러가 없는 소켓 AM5,1005009493450936,3月,单一sku,239.17,$239.17
레노버 리전 Y700 2025 CN 안드로이드 패드 4세대 TB322FC 게이밍 태블릿 12/256GB 16/512GB 스냅드래곤 8 엘리트 8.8인치 165Hz 7600mAh 태블릿,1005010120015183,3月,12GB 256GB White,320.0,$320.00
로지텍 PRO X SUPERLIGHT 2 DEX GPW4 무선 호크아이 게이밍 마우스 경량 게이밍 마우스,1005011704314811,3月,Hawk Eye Black,94.42,$94.42
레노버 요가 패드 프로 12.7 12GB 256GB 태블릿 스냅드래곤 8 Gen 3 12.7인치 144Hz LCD 화면 10200mAh 68W 충전 안드로이드 와이파이 탭,1005009604407877,3月,"Standard Discount, 12GB 256GB Blue",236.03,$236.03
"Nintendo Switch, Switch 2, Windows 10/11용 8BitDo Ultimate 2 Bluetooth 컨트롤러 무선 게임패드(TMR 조이스틱 액세서리 포함)",1005008818912800,3月,"White with Bag, Ultimate 2 Bluetooth",42.69,$42.69
"ZEUSLAP 16"" 2.5K 144hz Portable Monitor 2560*1600 16:10 100%sRGB 500Cd/m²  Travel Gaming Display for Laptop Switch ps4 ps5 Xbox",1005006960961910,3月,单一sku,88.84,$88.84
ATK VXE R1 Pro MAX Dragonfly R1 Bluetooth 게임용 마우스 PAW3395 2.4G 무선 E-스포츠 마우스 충전식 경량 인체공학적,1005007675157598,3月,R1 Pro (White),27.83,$27.83
ASUS WiFi7 TUF GAMING BE6500 게임 라우터 Ai 라우터 홈 WiFi 무작위 그룹 라우팅,1005008613721996,3月,RT-BE6500,84.12,$84.12
스마트 EU 소켓 WiFi 20A EU 플러그 콘센트 원격 제어 타이머 전원 모니터 지원 음성 Google 홈 Alexa,1005009689743437,3月,5PCS,12.65,$12.65
"Ulanzi TT88 1.44M 오버헤드 셀카 스틱 전화 삼각대, 마그네틱 클램프 포함 라이브 스트리밍 Vlog 용 무선 원격 확장 삼각대",1005008108618534,3月,TT88 W VL49 RGB Kit,24.41,$24.41
ESR 아이패드 프로 13/11&에어 11/13(2024 2025) 케이스 시프트 마그네틱 케이스 탈착식 보호 커버 아이패드 11(A16)&프로 12.9/11(2022)용,1005006730365127,3月,"Gray, Pro 11 2018-2022",41.94,$41.94
"ZEUSLAP 16"" 2.5K 144hz Portable Monitor 2560*1600 16:10 100%sRGB 500Cd/m²  Travel Gaming Display for Laptop Switch ps4 ps5 Xbox",1005006384112217,3月,,82.32,$82.32
"Automatic Hair Curler Negative Ion Ceramic Curling Iron - 40mm Large Wave Perm for Home Use, Lazy Person Electric Curling Wand",1005010649709412,3月,"6 in 1 set 1,EU",15.31,$15.31
ML14-Limited Edition-VH31-Super C3-Glossy-Sapphire/ML14-Limited Edition-VH31-BGW9-Glossy-Sapphire,1005011567910801,3月,,71.0,$71.00
ML14-Limited Edition-VH31-Super C3-Glossy-Sapphire/ML14-Limited Edition-VH31-BGW9-Glossy-Sapphire,1005011567910801,3月,,55.0,$55.00
휴대용 자석 전화 홀더 & 셀카봉 3-in-1 접이식 삼각대,1005010778352294,6月,Black,4.42,$4.42
뚜껑이있는 자동차 트렁크 스토리지 주최자 범용 자동차 트렁크 주최자 70L 스토리지 박스 옥스포드 천 접이식 Organizador,1005007475096405,6月,70L,13.95,$13.95
플랩슨 초슬림 선풍기 유무선겸용 샤오미 앱 연동 BLDC모터 탑재 가정용 스탠드형 리모컨 포함,1005012008843986,6月,,59.56,"81,000"
새로운 MIJIA 자동차 진공 청소기 MJXCQ01QW 21kPa 흡입력 150mL 먼지통 2400mAh 배터리 세척 가능한 필터 요소 자동차 청소용,1005010157020393,6月,Car Cleaner,35.82,$35.82
"OMESER W05 핸드 헬드 카펫 클리너, 15Kpa 유선 스팟 청소 기계, 습식 원단 카펫 소파 청소, 애완 동물 휴대용 자동차, 750W",1005006259367273,6月,750W EU-PLUG,54.69,$54.69
"Ortizan X8 Pro 블루투스 스피커 휴대용, 40W 스테레오 사운드, 풍부한 저음, IPX7 방수, 30H 재생 시간, 혼합 색상 조명, 3 EQ",1005007357456579,6月,black,16.25,$16.25
"Ortizan X8 Pro 블루투스 스피커 휴대용, 40W 스테레오 사운드, 풍부한 저음, IPX7 방수, 30H 재생 시간, 혼합 색상 조명, 3 EQ",1005007357456579,6月,2 Pack Navy Black,30.72,$30.72
"Socool fan 10000mAh 허리 착용 휴대용 선풍기, 강력한 바람, 휴대폰 충전, LED 조명, 손에 들거나 목에 걸어 야외 작업에 적합",1005007943823528,6月,10000mAh Black|10000mAh Gray,12.49,$12.49
바퀴 달린 접이식 카트 대용량 다기능 카트 정원 공원 야외 해변 캠핑 카트 휴대용 바베큐 트롤리,1005012342297660,6月,蓝350 红200,44.34,$44.34
多功能刀具 Daicamping DL30 Multitools Diy 멀티 도구,1005005584109602,6月,DL30Grey  500|DL30Silver   500,26.07,$26.07
DIVEDEER 물 스프레이 창 청소 로봇 지능형 고층 양면 브러시리스 모터 유리 청소기 스프레이 유형,1005007097697028,6月,하얀색，유럽 ​​연합,34.56,$34.56
TELESIN 전화 카메라 촬영 핸드 그립 자기 스마트 폰 홀더 촬영 보조 아이폰 안드로이드 전화에 대한 원격 제어 핸들,1005008989700691,6月,Hand Grip Fill light,16.5,$16.50
베이스어스 인스파이어 XC1 사운드 바이 보스 이어클립 무선 이어버드 블루투스 6.1 오픈형 이어폰 귀걸이형 4-마이크 클립온 이어버드,1005011774262618,6月,Natural Titanium,60.29,$60.29
"유그린 PD60W USB-C 랜야드 충전 케이블 2-in-1 타입-C 웨어러블 케이블 여행용 크로스바디 (아이폰 17, 16, 삼성, 샤오미 호환)",1005011733101347,6月,"Blue PD60W, 1.2m",7.56,$7.56
Edifier M90 Bi-amped 2.0 Speaker Compact Design Bluetooth V6.0 LDAC Hi-Res Audio Wireless Speaker with Remote 100W RMS,1005011600003372,6月,Black,106.94,$106.94
"울란지 MA39 마그네틱 흡착식 휴대폰 거치대, 스마트폰, 유리창, 거울, 노트북용 데스크탑 스탠드",1005009972705999,6月,,10.32,$10.32
Xiaomi Mijia 도구 상자 가정용 휴대용 다기능 보관 상자 펜치 렌치 스크루 드라이버 테이프 측정 조합 도구 세트,1005008078401968,6月,Black,41.78,$41.78
유그린 울트라 슬림 30W 10000mAh 파워뱅크 마그네틱 무선 충전 내장 케이블 파워뱅크 (아이폰 17 프로 맥스용 MagSafe 호환),1005007906808218,6月,Black,38.42,$38.42
베이스어스 45W 미니 파워뱅크 10000mAh 내장 USB-C 케이블 포켓 사이즈 소형 고속 충전 휴대용 아이폰 17 삼성 S25용,1005010724501614,6月,45W Black,21.13,$21.13
ASOMETECH 300W GaN USB 충전기 스테이션 LED 디스플레이 접이식 타입 C 케이블 100W 65W PD3.0 PPS Macbook 삼성용 고속 충전기,1005012089647708,6月,,31.91,$31.91
조마 접이식 무선 키보드 터치패드 포함 충전식 블루투스 키보드 아이패드 태블릿 폰용,1005010362169486,6月,"gray, Korea",16.75,$16.75
Baseus GaN 충전기 범용 여행용 어댑터 내장 70W 접이식 케이블 2AC 2 USB-A Type-C 고속 충전 EU/UK/USA/AUS,1005009205983512,6月,Black,23.85,$23.85
【KC 인증】유그린 Qi2.2 25W 보조배터리 고속 충전 10000mAh 타입 C 케이블 파워뱅크 아이폰 17 프로 맥스용 MagSafe 30W 지원,1005006287670753,6月,White,35.93,$35.93
"Anker Nano Power Bank (5K, Slim)，5000mAh",1005010636749102,6月,Black,30.75,$30.75
UGREEN 100W GaN Charger With Smart Display For MacbookPro Laptop iPhone 17 16 Pro iPad Tablet Samsung QC4.0 PD 3.0 USB C Charger,1005006579895295,6月,KR GaN 100W,25.49,$25.49
Brushless motor large capacity portable charging folding lipstick mini handheld/neck hanging small fan,1005011830321215,6月,grey,8.19,$8.19
KINSCOTER 야외 접이식 휴대용 선풍기 미니 쿨링 충전식 3600mAh 100레벨 자유 제어 고속 터보 팬,1005008647244862,6月,White lCE,9.0,$9.00
GEOID CC700 Pro Bicycle Computer 2.8-Inch Touchscreen GPS Bike Speedometer with Map Navigation for Cycling Odometer,1005010725526843,6月,CC700PRO with film,67.4,$67.40
"RYET 3D 프린팅 자전거 안장, 초경량 로드 MTB 자전거 레이싱 시트, 110g/160g 풀 카본 자전거 시트 쿠션 자전거 부품",1005006016969601,6月,T200-3D Saddle,31.78,$31.78
씽크라이더 PP5 자전거 카본 파이버 스파이더 파워미터 크랭크셋 DUB 29MM 162.5-172.5mm ANT+ BLE 로드 바이크용,1005011527980253,6月,Road-24 (160mm),180.56,$180.56
COOSPO TR70 레이더 테일 라이트 스마트 자전거 후미등 브레이크 경고 IP67 방수 사이클링 후미등 7가지 라이트 모드 테일 램프,1005010288468134,6月,TR70,53.99,$53.99
2025 RYET 3D 프린팅 카본 자전거 안장 175g/182g 7x9mm 카본 레일 자전거 시트 쿠션 143/155MM MTB 그래블 로드 바이크용,1005010297903842,6月,3D PRINTED 143MM,80.2,$80.20
드리프트 고스트 XL 스포츠 액션 카메라 1080P WiFi IPX7 방수 9시간 배터리 캠코더 오토바이 헬멧/자전거용,1005010169108130,6月,,60.95,$60.95
CROSSGUN New Jet Fan Strong Portable Power Handheld Dust Elimination Computer Hurricane Storm Source Turbo Jetfan LED X6 Pro,1005009343275998,6月,With Accessory,28.65,$28.65
Sanag B33S 골전도 블루투스 이어폰 오픈 이어 IPX8 수영용 헤드폰 선택 32GB 메모리 무선 헤드셋 MP3 이어버드,1005009096626762,6月,,22.8,$22.80
"ThinkRider 산악 도로 자전거 알루미늄 합금 바닥 스탠딩 자전거 랙 주차 브래킷, 자전거 보관 조절 가능 후크",1005008383201612,6月,BLACK,23.27,$23.27
"MOVECRAB 디지털 토크 렌치 1.5-340N.m, 사전 설정 값 2% 정확도 부저 및 LED 플래시 알림",1005008186984970,6月,1.5-30N.m,28.27,$28.27
TOWILD DL1200S/DL1700 자전거 라이트 컷오프 라인 포함 Beam1900LM 충전식 자전거 프론트 라이트 보조베터리 Mtb 사이클링 헤드라이트,1005008639836335,6月,white,38.01,$38.01
GEOID CC600 경로 탐색 자전거 GPS 컴퓨터 11개 언어 무선 자전거 속도계 자동 WIFI ANT+ 주행 거리계,1005007676156312,6月,CC600 CASE,38.08,$38.08
TOPUMP TB2 PRO 자전거 무선 타이어 팽창기 용 미니 휴대용 전기 펌프 120PSI 최대 450mAh 배터리 (화면 고속 충전 포함),1005007274254758,6月,TOPUMP TB2 PRO,26.64,$26.64
RYET 카본 3D 프린팅 안장 145/155MM 190g 7*9 남녀용 트라이애슬론 로드 MTB 산악 자전거 그라블 사이클링 부품,1005006893754548,6月,3D RT06S 145mm,47.78,$47.78
"SEEMEE DV 카메라 미등, USB-C 충전식 자전거 후방 조명, 도로 도시용 최대 110시간 런타임의 3400mAh 배터리",1005006830142314,6月,,68.76,$68.76
RYET Carbon 3D Printed Saddle Ultralight 190g 7*9 Bike Seating For Men Women Triathlon Road MTB Mountain Gravel Cycling Parts,1005006774719031,6月,Mixed Nylon Saddle,43.33,$43.33
"쿠스포 HW9 암밴드 심박수 모니터링 HR 존/칼로리 HRM 센서 포함 피트니스 사이클링용 BLE5.0 ANT+ 펠로톤, 즈위프트, 와후용",1005006525731703,6月,White,18.97,$18.97
RYET Full Carbon Bicycle Saddle Ultralight 81g/87g Leather Top 7x9mm Carbon Rails 143/155mm for Road MTB Gravel Bike Accessory,1005010538180181,6月,Black 143mm,43.73,$43.73
"Thinkrider X2Max 스마트 자전거 트레이너, MTB 도로 자전거 내장 파워 계량기, 홈 트레이너",1005007756833960,6月,X2 Max,178.0,$178.00
"버니플라이 18/20인치 알루미늄 합금 마그네슘 모던 기내용 캐리어, 항공 승인 알루미늄 트롤리 휴대용 기내 사이즈 여행 가방",1005009949091248,6月,"Silver,Luggage Size:18Inches 450mm",55.08,$55.08
CN ROM 레노버 샤오신 패드 프로 13 2026 스냅드래곤 8s 4세대 LCD 화면 2.4K 3504*2190 해상도 13인치 144Hz 10200mAh 45W TB376FC,1005012376145506,6月,"8G128G, Grey",209.17,$209.17
"레노버 샤오신 프로 GT13 2026 3.5k 태블릿 스냅드래곤 8세대 엘리트, 144Hz 리프레시 레이트, 12000mAh 배터리 (업무 및 엔터테인먼트용)",1005012137269811,6月,Gray 8 256,315.18,$315.18
베이스어스 인스파이어 XH1 ANC 무선 헤드폰 블루투스 6.1 48dB 적응형 소음 제거 헤드셋 하이 레졸루션 LDAC 100시간 음악 재생 보스,1005009462893635,6月,Cosmic Black,66.79,$66.79
"Mijia Smart DC Inverter Standing Fan Pro 120° Wide Oscillation, Natural Wind Mode, 26 Speed Setting for Home/Office",1005008865854288,6月,Bplds09Dm Super Deal,50.89,$50.89
"Anker USB C-USB C 케이블, 아이폰 16 시리즈, 맥북, 아이패드용 고속 충전, 4 ft 2-in-1, 최대 140W",1005008418870113,6月,,10.95,$10.95
UGREEN 145W 20000mAh 보조베터리 맥세이프 Qi2 15W 자기 무선 보조베터리 스테이션 유그린 PD3.1 노트북 100W 고속충전 고속 충전용 외장 배터리 대용량 맥세이프 충전기,1005008365311968,6月,100W Magnetic,68.43,$68.43
RYET Carbon 3D Printed Saddle Ultralight 190g 7*9 Bike Seating For Men Women Triathlon Road MTB Mountain Gravel Cycling Parts,1005006774719031,6月,3D Printed Saddle,60.86,$60.86
RAVEMEN FR1100 SE Bike Headlight For Garmin Wahoo Bryton IGPSPORT GPS Rechargeable Bicycle Light Daytime Warning Night Lighting,1005011805834314,6月,1000-1500 Lumen,38.31,$38.31
WEST BIKING 3D Printed Bike Grips Ergonomic MTB Handle Grip Breathable Shock Absorption Bike Handlebar Grips Bicycle Accessories,1005009191798170,6月,Black,17.96,$17.96
CROSSGUN New Jet Fan Strong Portable Power Handheld Dust Elimination Computer Hurricane Storm Source Turbo Jetfan LED X6 Pro,1005009343275998,6月,With Accessory,28.65,$28.65
UGREEN Nexode 165W 20000mAh Power Bank PD3.0 100W Fast Charging Portable Charger for MacBook Pro Laptop USB-C External Battery,1005008918373612,6月,"165W 20000mAh,China Mainland",50.99,$50.99
GEOID CC700 Pro Bicycle Computer 2.8-Inch Touchscreen GPS Bike Speedometer with Map Navigation for Cycling Odometer,1005010725526843,6月,CC700PRO with Mount,69.47,$69.47
anoutway AT1 Pro Mini Electric pump for Bike Cordless Tire Inflator with Screen 25 Mins Fast Charging 120PSI Max 450mAh Battery,1005007579222010,6月,anoutway AT1 Pro,26.67,$26.67
Liteplus Folding Bicycle Front Bag Raised Base Aluminum Alloy Front Carrier Mount Adapter Raiser For Brompton Folding Bike,1005012033905944,6月,black,15.62,$15.62
Aceoffix quick release For Brompton Bike Ultralight Pedal Quick Release Adaptors pedals,1005003480630820,6月,"Black,CN",16.87,$16.87
MTB/Road Carbon Bike Saddle 143mm 155mm Triathlon Power Bicycle Saddles for Men Women TT Race Carbon Bike Seat Black White Red,1005005622856870,6月,Black-155,11.58,$11.58
"Waterproof Bicycle Front Storage Bag with Pig Nose Adapter for Brompton Dahon, Folding Bike Multifunctional 5-7L Handlebar Bag",1005011773620569,6月,"grey,5-7L",13.97,$13.97
ROCKBROS Folding Bike Backpack Lengthened Zipper Multifunctional Bicycle bag Handbag for Brompton 11.5L Capacity Crossbody bag,1005009391771612,6月,H43-BK,42.72,$42.72
"Folding Bike Backpack with Flat Frame, Waterproof Multifunctional Bicycle Front Bag Handbag for Brompton 16L Large Crossbody Bag",1005010718672308,6月,Heasygo black,41.48,$41.48
INBIKE Cycling Gloves Summer MTB Bike Gloves for Men Biking Gloves Gel Padded Half Finger Road Bike Bicycle Gloves Accessories,1005006685392546,6月,"Black,S",7.83,$7.83
X-TIGER Cycling Mountain Shorts Bike Multi-Pockects Breathable Loose Road MTB Trouser Outdoor Sports Waterproof Cycling Pants,1005007066736977,6月,"black,M",12.83,$12.83
"WHEELTOP EDS OX  Mountain 1.0/2.0 groupset MTB Wireless Electronic Transmission,7-14s Speed adjustment,shifter+Rear Derailleur",1005008219402801,6月,EDS OX 2.0 - 75mm,271.96,$271.96
투키 PD 100W USB 접이식 케이블 C타입 to C타입 고속 충전 케이블 (아이폰 15 16 Pro Max 샤오미12 13 삼성 S23 S24 호환),1005009466301312,6月,3pcs 100W Cable,8.16,$8.16
"Anker Nano Power Bank (5K, Slim)，5000mAh",1005010636749102,6月,White,30.75,$30.75
MOVESPEED 20000mAh 보조 배터리,1005011779570913,6月,black,19.2,$19.20
레노버 리전 Y700 2025 CN 안드로이드 패드 4세대 TB322FC 게이밍 태블릿 12/256GB 16/512GB 스냅드래곤 8 엘리트 8.8인치 165Hz 7600mAh 태블릿,1005010120015183,6月,12GB 256GB Black,339.47,$339.47
월드 프리미어 ALLDOCUBE iPlay 70 Max Pro 13인치 2.5K 90Hz 디스플레이 태블릿 Unisoc T7300 8GB 램 128GB 롬 안드로이드 16 10000mAh LTE,1005011558463521,6月,Only Tablet,130.65,$130.65
"GMKtec M6 Ultra 게이밍 미니 PC AMD Ryzen 5 7640HS (업그레이드된 6600H/6800H) 데스크탑 미니 컴퓨터 WiFi 6/BT 5.2, 트리플 4K 디스플레이",1005009786806329,6月,"Ryzen 5 7640HS, No Ram No SSD No OS",172.7,$172.70
"UPERFECT UColor J1 4K 터치스크린 휴대용 감시자 15.7"" 3840x2160 IPS 노트북은 스피커를 가진 스크린 350Nits 1200:1 USB C HDMI 컴퓨터 PC 게임 디스플레이를 확장하고 PC 전화 PS4/5를 위한 대기 여행 감시자",1005012076690894,6月,Black,101.0,$101.00
앤커 사운드코어 셀렉트 4,1005010114472691,6月,black,13.65,$13.65
AULA×LINGBAO K87 무선 키보드 한글 문자 개스킷 장착 PBT 키캡 매크로 소프트웨어 LEOBOG 스위치,1005009782381333,6月,Graywood V3,27.64,$27.64
LINGBAO K108pro 기계식 키보드 트라이 모드 한국어 문자 마카롱 색상 PBT 키캡 10000mAh 대용량 배터리 컴퓨터용 PC용,1005010226268822,6月,Red Rabbit,36.35,$36.35
"QCY MeloBuds N70 ANC 무선 이어버드, 블루투스 6.0, 적응형 노이즈 캔슬링, LDAC, 고해상도 오디오, 6개 마이크, ENC 이어폰, 50시간 재생, 무선 충전, 헤드폰, 인이어 감지",1005009361746399,6月,BLACK,30.59,$30.59
SHOKZ OpenDots ONE 오픈 무선 블루투스 헤드셋 V5.4 마이크 포함 Dolby 사운드 방수 긴 배터리 수명 New 2025,1005009463218687,6月,E310 black,105.78,$105.78
UGREEN Studio Pro 48dB ANC 무선 헤드폰 오버이어 Bluetooth 이어폰 능동형 소음 제거 고해상도 LDAC 120h 재생 시간,1005008603585460,6月,Studio Pro (Black),26.44,$26.44
Edifier QR30 Desktop Active Speakers PC Bluetooth V5.4 Speaker 2.0 Channel 15W+15W RMS Light Effects EQ Setting Deep Bass,1005008849882224,6月,White EU-Plug,59.3,$59.30
"글로벌 버전 Xiaomi 스마트 밴드 9 Pro 1.74"" AMOLED 디스플레이 Smartwatch GPS 건강 모니터링 150개 이상의 스포츠 모드 Miband 팔찌",1005008005656463,6月,GL white/ Silver VIP,44.3,$44.30
"UWANT V500 무선 청소기, 도킹 스테이션 포함, 자동 먼지 비움 기능 탑재, 230,000Pa의 강력한 흡입력, 미세먼지를 감지하는 마이크로 그린 라이트, LED 디스플레이 탑재, 작고 가벼운 디자인, 최대 40분간 사용",1005010661950273,6月,,74.37,$74.37
투키 PD 100W USB 접이식 케이블 C타입 to C타입 고속 충전 케이블 (아이폰 15 16 Pro Max 샤오미12 13 삼성 S23 S24 호환),1005009466301312,6月,3pcs 100W Cable,8.16,$8.16
월드 프리미어 ALLDOCUBE iPlay 70 Max Pro 13인치 2.5K 90Hz 디스플레이 태블릿 Unisoc T7300 8GB 램 128GB 롬 안드로이드 16 10000mAh LTE,1005011558463521,6月,Only Tablet,130.65,$130.65
오리지널 레노버 샤오신 100P 프로젝터 1140 ANSI 자동 초점 Wifi6 스마트 홈시어터 360도 PTZ 지원 4K HD 휴대용 프로젝터,1005007861114271,6月,Xiaoxin 100P,121.06,$121.06
"UWANT V500 무선 청소기, 도킹 스테이션 포함, 자동 먼지 비움 기능 탑재, 230,000Pa의 강력한 흡입력, 미세먼지를 감지하는 마이크로 그린 라이트, LED 디스플레이 탑재, 작고 가벼운 디자인, 최대 40분간 사용",1005010661950273,6月,,74.37,$74.37
JONR Robot Vacuum P20 Pro International Edition Mopping Vacuuming Dushing Wipes Automatic Cleaning Dust Collecting Drainage Water,1005010178835114,6月,P20 Pro,123.03,$123.03
앤커 나노 22.5W 고속 충전 미니 도킹형 보조배터리 5000mAh A1653,1005006067678306,6月,Green,15.16,$15.16
"Anker Laptop Power Bank, 25,000mAh Portable Charger with Triple 100W USB-C Ports for Multi-Device Charging For iPhone17",1005008753579553,6月,,56.39,$56.39
"버니플라이 18/20인치 알루미늄 합금 마그네슘 모던 기내용 캐리어, 항공 승인 알루미늄 트롤리 휴대용 기내 사이즈 여행 가방",1005009949091248,6月,실버，20,61.29,$61.29
2024 용량 내구성 수하물 세트 100% 알루미늄 가방 바퀴 여자 여자 남자 캐빈 기내 탑승 여행 20/24/26/28,1005007342998188,6月,"Silver, 20 inch",66.54,$66.54
2024 용량 내구성 수하물 세트 100% 알루미늄 가방 바퀴 여자 여자 남자 캐빈 기내 탑승 여행 20/24/26/28,1005007342998188,6月,"Silver, 28 inch",102.22,$102.22
조마 접이식 무선 키보드 터치패드 포함 충전식 블루투스 키보드 아이패드 태블릿 폰용,1005010362169486,6月,Korea,16.75,$16.75
CN Rom 레노버 샤오신 패드 프로 GT 2025 태블릿 128/256GB 스냅드래곤 8 Gen3 11.1인치 144Hz 3.2K LCD 디스플레이 13MP 68W 충전 8860mAh,1005011701988321,6月,8GB 256GB Grey,202.98,$202.98
ASOMETECH 300W GaN USB 충전기 스테이션 LED 디스플레이 접이식 타입 C 케이블 100W 65W PD3.0 PPS Macbook 삼성용 고속 충전기,1005012089647708,6月,,31.91,$31.91
"MX Master 4 Logitech Wireless Bluetooth Office Mouse, Dual Mode 8K Multi-Device Switching AI Smart Electromagnetic Scroll Wheel",1005011707972780,6月,Light Gray,100.55,$100.55
새로운 Lenovo Xiaoxin Pad Pro 12.7 2025년 2월 태블릿 크기 8300 2.9k 해상도 144Hz 새로 고침 빈도 WIFI 10200mAh WIFI Android,1005011701730285,6月,Std 8G 128G Silver,164.23,$164.23
Edifier M90 Bi-amped 2.0 Speaker Compact Design Bluetooth V6.0 LDAC Hi-Res Audio Wireless Speaker with Remote 100W RMS,1005011600003372,6月,White,106.94,$106.94
월드 프리미어 ALLDOCUBE iPlay 70 Max Pro 13인치 2.5K 90Hz 디스플레이 태블릿 Unisoc T7300 8GB 램 128GB 롬 안드로이드 16 10000mAh LTE,1005011558463521,6月,Only Tablet,130.65,$130.65
"올인원 4K 프로젝터** – 듀얼 스크린 터치, 휴대용, 게임/가라오케, HDMI/USB, 무선 BT/WiFi, 완벽한 홈 시네마",1005010368996589,6月,WHITE,78.23,$78.23
GMKtec G2 Mini PC Windows 11 Pro Intel 12.a generación Alder Lake N100 Mini PC DDR5 12GB RAM 512GB ROM WiFi 6 BT5.2 computadora de escritorio,1005009999376748,6月,"N95 EU Plug, 8GB RAM 128GB ROM",115.32,$115.32
"GMKtec K12 Gaming Mini PC AMD Ryzen 7 H 255(Upgraded 8745HS) Desktop Mini Computers Radeon 780M WiFi 6E/BT5.2, USB-C,  Barebone",1005009835919350,6月,"AMD Ryzen 7 H 255, No Ram No Storage",195.06,$195.06
에디파이어 T5s 파워드 서브우퍼 8인치 전면 발사 롱스로우 우퍼 깊고 강력한 베이스 스피커 RCA 입력 70W RMS,1005009416223170,6月,Black,82.85,$82.85
"QCY MeloBuds N70 ANC 무선 이어버드, 블루투스 6.0, 적응형 노이즈 캔슬링, LDAC, 고해상도 오디오, 6개 마이크, ENC 이어폰, 50시간 재생, 무선 충전, 헤드폰, 인이어 감지",1005009361746399,6月,TIGOLD,30.59,$30.59
"UWANT V500 무선 청소기, 도킹 스테이션 포함, 자동 먼지 비움 기능 탑재, 230,000Pa의 강력한 흡입력, 미세먼지를 감지하는 마이크로 그린 라이트, LED 디스플레이 탑재, 작고 가벼운 디자인, 최대 40분간 사용",1005010661950273,6月,,74.37,$74.37
"Mijia Smart DC Inverter Standing Fan Pro 120° Wide Oscillation, Natural Wind Mode, 26 Speed Setting for Home/Office",1005008865854288,6月,Bplds09Dm Super Deal,50.89,$50.89
HGFRTEE 16인치 터치 휴대용 모니터 16:10 96%sRGB 350Cd/m² 노트북용 보조 화면 홀더 스탠드 포함 타입-C HDMI 호환,1005006827629161,6月,B160-SZF06L1-T,52.91,$52.91
MOVESPEED Z70Pro Power Bank 70000mAh 140W PD Fast Charge External Battery Power Station w/ Flashlight for Laptop Outdoor Camping,1005006728908037,6月,140W  70000mAh,55.15,$55.15
"로지텍 MX 마스터 무선 블루투스 마우스, 하이 엔드 크로스 스크린 노트북, 3S",1005012340709649,6月,MX Master 3S white,56.52,$56.52
"Sensewide FH26 640x480 HyperIR 열화상 이미저, 3.2인치 디스플레이 및 2MP 카메라, 25Hz 64GB 열화상 카메라, HVAC, 전기용",1005011671710899,6月,,192.2,$192.20
기존 SHOKZ OpenRun Pro 2 S820 S821mini 블루투스 이어폰 IP55 방수 골전도 헤드폰 음악 스포츠 이어 버드,1005008561939766,6月,S820 EK,110.6,$110.60
ETENWOLF ZEPHYR S3 휴대용 타이어 팽창기 100% 듀티 사이클 160 PSI 자동차 공기 압축기 7800mAh 자동차 오토바이 공 (신규),1005007649257337,6月,bright orange,33.26,$33.26
"Anker Nano Power Bank (5K, Slim)，5000mAh",1005010636749102,6月,White,30.75,$30.75
"MX Master 4 Logitech Wireless Bluetooth Office Mouse, Dual Mode 8K Multi-Device Switching AI Smart Electromagnetic Scroll Wheel",1005011707972780,6月,MX Master 4 Black,100.55,$100.55
레이네오 HDMI 어댑터 휴대용 어댑터 휴대용 어댑터 충전 중 화면 동반자,1005009692986687,6月,HDMI,37.62,$37.62
레이네오 에어 4 프로 스마트 AR 글래스 3G 음성 제어 IPX-5 방수 4K 비디오 캡처 헤드 마운트 XR 지원 DP 계약,1005010407244525,6月,Air 4 Pro,193.53,$193.53
아울라 F75 MAX 트리 모드 기계식 키보드 RGB 백라이트 핫스왑 가능 TFT 스크린 및 노브 탑재 75% 레이아웃 게이밍 키보드 (PC용),1005012142194400,6月,"90201, glacier blue, Reaper Switch",30.02,$30.02
Weikav Nut108 기계식 키보드 3 모드 무선 게임 알루미늄 합금 지원 Qmk/Via 키보드 키트 Rgb 핫 스왑 액세서리 선물,1005012153101236,6月,Polar Bear Silver S,103.37,$103.37
Edifier M90 Bi-amped 2.0 Speaker Compact Design Bluetooth V6.0 LDAC Hi-Res Audio Wireless Speaker with Remote 100W RMS,1005011600003372,6月,White,106.94,$106.94
CN Rom 레노버 샤오신 패드 프로 GT 2025 태블릿 128/256GB 스냅드래곤 8 Gen3 11.1인치 144Hz 3.2K LCD 디스플레이 13MP 68W 충전 8860mAh,1005011701988321,6月,"Standard Discount, 12GB 256GB Grey",202.98,$202.98
레노버 리전 Y700 2025 CN 안드로이드 패드 4세대 TB322FC 게이밍 태블릿 12/256GB 16/512GB 스냅드래곤 8 엘리트 8.8인치 165Hz 7600mAh 태블릿,1005010120015183,6月,"Super Discount A, 12GB 256GB Black",339.47,$339.47
글로벌롬 레노버 샤오신 패드 11 2025 탭 128GB 256GB 디멘시티 6300 11인치 2.5K 스크린 7040mAh 와이파이 안드로이드 패드 구글 플레이 태블릿,1005011701489651,6月,Std 6G 128G Azure,96.54,$96.54
로지텍 G PRO X SUPERLIGHT 2 무선 게이밍 마우스 G PRO X 2 32000 DPI 5개 프로그래밍 버튼 PC/Mac용 신형 HERO 2K 센서,1005012180115244,6月,G PRO X 2-Pink,86.72,$86.72
"MX Master 4 Logitech Wireless Bluetooth Office Mouse, Dual Mode 8K Multi-Device Switching AI Smart Electromagnetic Scroll Wheel",1005011707972780,6月,MX Master 4 Black,100.55,$100.55
"GMKtec K12 Gaming Mini PC AMD Ryzen 7 H 255(Upgraded 8745HS) Desktop Mini Computers Radeon 780M WiFi 6E/BT5.2, USB-C,  Barebone",1005009835919350,6月,"AMD Ryzen 7 H 255, No Ram No Storage",195.06,$195.06
"GMKtec M6 Ultra 게이밍 미니 PC AMD Ryzen 5 7640HS (업그레이드된 6600H/6800H) 데스크탑 미니 컴퓨터 WiFi 6/BT 5.2, 트리플 4K 디스플레이",1005009786806329,6月,"Ryzen 5 7640HS, No Ram No SSD No OS",164.95,$164.95
WEIKAV NUT65 기계식 키보드 키트 2.4G 유선 게임용 키보드 레이아웃 알루미늄 가스켓 RGB QMK/VIA 빠른 분해 키보드,1005012149401609,6月,Black PBT|Silver PBT|Cold white PBT,56.39,$56.39
에디파이어 T5s 파워드 서브우퍼 8인치 전면 발사 롱스로우 우퍼 깊고 강력한 베이스 스피커 RCA 입력 70W RMS,1005009416223170,6月,Black,82.85,$82.85
새로운 Lenovo Xiaoxin Pad Pro 12.7 2025년 2월 태블릿 크기 8300 2.9k 해상도 144Hz 새로 고침 빈도 WIFI 10200mAh WIFI Android,1005011701730285,6月,Gray 8G 128G,164.23,$164.23
"로지텍 MX 마스터 무선 블루투스 마우스, 하이 엔드 크로스 스크린 노트북, 3S",1005012340709649,6月,black,56.52,$56.52
아코 5087 V3 HE 마그네틱 키보드 80% TKL 레이아웃 빠른 트리거 0.005mm 8K 폴링 레이트 타입C 유선 커스텀 게이밍 키보드,1005010295471390,6月,Pink Wired 2,28.67,$28.67
"UPERFECT UColor J1 4K 터치스크린 휴대용 감시자 15.7"" 3840x2160 IPS 노트북은 스피커를 가진 스크린 350Nits 1200:1 USB C HDMI 컴퓨터 PC 게임 디스플레이를 확장하고 PC 전화 PS4/5를 위한 대기 여행 감시자",1005012076690894,6月,"Black,EU Plug,China Mainland",101.0,$101.00
【CCC 인증】UGREEN Nexode Pro 200W 25000mAh 보조배터리 접이식 케이블 노트북 고속 충전용 휴대용 PD 외부 배터리 보조 배터리 배송은 10~18일 이내에 이루어집니다.,1005008249818662,6月,"200W,China Mainland",60.49,$60.49
Edifier M90 Bi-amped 2.0 Speaker Compact Design Bluetooth V6.0 LDAC Hi-Res Audio Wireless Speaker with Remote 100W RMS,1005011600003372,6月,"White,1"",4"",China Mainland",106.94,$106.94
KUXIU X40 터보 Qi2.2 코스믹 오렌지 인증 25W 3-in-1 접이식 무선 충전 스탠드,1005010078415815,6月,Orange With EU Plug,52.1,$52.10
【New Sale】Baseus 100W Charger Fast Charger For iPhone 17 16 Xiaomi Samsung Laptop Tablet Charger PD Charger USB Phone Charger,1005010627780404,6月,"EU Plug Black,China Mainland",24.79,$24.79
MCHOSE ACE68 V2 게이밍 키보드 0.001mm 8KHz 폴링 레이트 256k 스캔 레이트 0.008ms 초저지연 유선 TTC 홀 센서 키보드,1005012047729328,6月,Fog W HUANO Switch,39.05,$39.05
셀레스트 와이번 칭 인이어 이어폰 모니터 IEM 유선 하이파이 헤드폰 마이크 케이블 포함 게이밍 이어버드 오디오 헤드셋,1005011979849040,6月,Qing Green,11.15,$11.15
TANGZU WAN ER SG / WANER SE HIFI Music In-ear Earphone IEM Earbuds 0.78mm Plug Detachable Cable wired Headset with MIC WAN ER,1005012163159624,6月,white(no mic),11.06,$11.06
레이저 x 포켓몬 피카츄 & 포켓볼 버전 2 트루 무선 노이즈 캔슬링 블루투스 이어폰 선물,1005012074265778,6月,Pikachu Earphones,110.8,$110.80
레이저 세이렌 V3 크로마 RGB 게이밍 스트리밍 마이크,1005012141850096,6月,White,71.0,$71.00
Fosi Audio ZH3 HIFI 헤드폰 앰프 AKM4493SEQ 데스크탑 DAC 완전 밸런스드 프리앰프(리모트 12V 트리거 입력 포함),1005010016597390,6月,ZH3-EU,124.99,$124.99
"MX Master 4 Logitech Wireless Bluetooth Office Mouse, Dual Mode 8K Multi-Device Switching AI Smart Electromagnetic Scroll Wheel",1005011707972780,6月,MX Master 4 Black,100.55,$100.55
"로지텍 G PRO X SUPERLIGHT 2c 무선 게이밍 마우스, 51g, HERO 2 센서 최대 44000DPI 및 888IPS, 8KHz 지원",1005011707902450,6月,Black,101.17,$101.17
"로지텍 G PRO X Superlight 2 SE 무선 게이밍 마우스, HERO 2 센서, 44000DPI, 888IPS, G 허브, Type-C 인터페이스",1005011703502630,6月,White,75.63,$75.63
Edifier M90 Bi-amped 2.0 Speaker Compact Design Bluetooth V6.0 LDAC Hi-Res Audio Wireless Speaker with Remote 100W RMS,1005011600003372,6月,White,106.94,$106.94
LENCENT 120W GaN 국제 여행용 어댑터 고속 충전기(USB 포트 1개 및 여행용 C형 올인원 전원 어댑터 3개 포함),1005006396380031,6月,1AC 1U3C 120W,23.24,$23.24
베이스어스 3 in 1 마그네틱 무선 충전기 Qi2.2 25W 고속 충전 아이폰 17 16 15 14 애플워치 이어버드 에어팟 프로 iWatch용,1005009911629200,6月,Without Charger,31.55,$31.55
투키 PD 100W USB 접이식 케이블 C타입 to C타입 고속 충전 케이블 (아이폰 15 16 Pro Max 샤오미12 13 삼성 S23 S24 호환),1005009466301312,6月,3pcs 100W Cable,8.16,$8.16
"UPERFECT 4K 휴대용 모니터 16인치 3840x2400 IPS 노트북 확장형 화면 1200니트 USB-C HDMI 컴퓨터 PC 게임 디스플레이 스피커 및 스마트 커버 포함 여행용 모니터 PC, 휴대폰, PS5/4, Xbox, 스위치, 스팀 덱",1005009173829374,6月,/,104.21,$104.21
"ZEUSLAP 16"" 2.5K 144hz Portable Monitor 2560*1600 16:10 100%sRGB 500Cd/m²  Travel Gaming Display for Laptop Switch ps4 ps5 Xbox",1005006384112217,6月,/,92.43,$92.43
ASOMETECH 300W GaN USB 충전기 스테이션 LED 디스플레이 접이식 타입 C 케이블 100W 65W PD3.0 PPS Macbook 삼성용 고속 충전기,1005012089647708,6月,Space Gray;Korea Plug,31.91,$31.91
Ajazz AK820/AK820Pro Gaming Mechanical Keyboard Bluetooth 5.1/Wireless/C-Wired Customized Keyboard with Knob Hot Swapping Gasket,1005007135778855,6月,AK820PRO Grey2,31.54,$31.54
MOVESPEED SU10 1090MB/s 솔리드 스테이트 펜드라이브 2TB 1TB 512GB 256GB 128GB LCD USB3.2 Gen2 타입 C 플래시 드라이브 아이폰 15/16/17 PC용,1005010165869274,6月,1TB,136.12,$136.12
플랩슨 초슬림 선풍기 유무선겸용 샤오미 앱 연동 BLDC모터 탑재 가정용 스탠드형 리모컨 포함,1005012008843986,6月,/,74.64,"101,506"
Netac NVMe SSD M2 1TB 2TB 500GB 250GB 3500MB/s SSD PCIe3.0 M.2 2280 SInternal Solid State Drives Disk NV3000 for Laptop Desktop,1005005445585329,6月,1TB,77.14,$77.14
레노버 리전 Y700 2025 CN 안드로이드 패드 4세대 TB322FC 게이밍 태블릿 12/256GB 16/512GB 스냅드래곤 8 엘리트 8.8인치 165Hz 7600mAh 태블릿,1005010120015183,6月,12GB 256GB Black,339.47,$339.47
"레노버 샤오신 프로 GT13 2026 3.5k 태블릿 스냅드래곤 8세대 엘리트, 144Hz 리프레시 레이트, 12000mAh 배터리 (업무 및 엔터테인먼트용)",1005012137269811,6月,Gray 8 256,315.18,$315.18
CN ROM 레노버 샤오신 패드 프로 13 2026 스냅드래곤 8s 4세대 LCD 화면 2.4K 3504*2190 해상도 13인치 144Hz 10200mAh 45W TB376FC,1005012376145506,6月,"Standard Limited, 8GB 128GB Grey",209.17,$209.17
Edifier M90 Bi-amped 2.0 Speaker Compact Design Bluetooth V6.0 LDAC Hi-Res Audio Wireless Speaker with Remote 100W RMS,1005011600003372,6月,White,106.94,$106.94
Edifier M60 Compact Desktop 2.0 Speakers Hi-Res Audio Wireless LDAC Bluetooth 5.3 USB-C AUX Inputs Support EQ Setting 66W RMS,1005007612849331,6月,White EU-Plug,74.24,$74.24
Edifier MR5 2.0 모니터 스피커 시스템 Bluetooth V6.0 LDAC 고해상도 무선 스피커 3방향 액티브 크로스오버 110W RMS,1005009103399159,6月,White,101.68,$101.68
"에디파이어 MR3 2.0 모니터 스피커 시스템, 고해상도 오디오, 블루투스 V5.4 밸런스드 TRS RCA AUX 입력, 앱 EQ 룸 보상 설정",1005007877281342,6月,White,46.37,$46.37
Toocki 3/5Pcs PD 3.1 240W Type C To Type C Cable For iPhone 15 16 17 Pro Max Macbook Samsung S24 OLED Display Fast Charge Cable,1005011550271949,6月,"3Pcs Black,2m",14.13,$14.13
UGREEN DP KVM Switch 2 Monitors 2 PCs 8K 60Hz USB 3.0 Sharing Keyboard Mouse Monitor with HDR 3D for Laptop Desktop Printer,1005009078711208,6月,"8K DP KVM Kit,China Mainland",35.43,$35.43
UGREEN HDMI KVM Switch for 2 Monitor 2 PCs 4K 60Hz USB C USB 3.0 Sharing Monitor Keyboard Mouse Printer with HDR 3D Support,1005008936884408,6月,"8K HDMI KVM Kit,China Mainland",47.08,$47.08
"UWANT V500 무선 청소기, 도킹 스테이션 포함, 자동 먼지 비움 기능 탑재, 230,000Pa의 강력한 흡입력, 미세먼지를 감지하는 마이크로 그린 라이트, LED 디스플레이 탑재, 작고 가벼운 디자인, 최대 40분간 사용",1005010661950273,6月,WHITE,74.37,$74.37
JONR Robot Vacuum P20 Pro International Edition Mopping Vacuuming Dushing Wipes Automatic Cleaning Dust Collecting Drainage Water,1005010178835114,6月,"KR,China Mainland",123.03,$123.03
AMD Ryzen 5 7500F R5 7500F CPU Ryzen Processor 6 Core 12 Thread 65W 5nm Socket AM5 Procesador 라이젠 процессор PC Gamer Desktop,1005009494871681,6月,/,92.09,$92.09
Essager Power Bank 20000mAh Portable PD 65W Fast Charging  Mobile Phone External Battery Powerbank For iPhone17 16 15 Laptop Mac,1005006974245321,6月,"black,20000mah,China Mainland",19.01,$19.01
UGREEN 100W GaN Charger With Smart Display For MacbookPro Laptop iPhone 17 16 Pro iPad Tablet Samsung QC4.0 PD 3.0 USB C Charger,1005006579895295,6月,"KR GaN 100W,China Mainland",25.49,$25.49
"MIJIA DC 인버터 테이블탑 공기 순환기 BPLDS10DM 저소음 작동, 3분 실내 순환",1005008632659333,6月,"WHITE,EU",36.9,$36.90
PHANTEKS PH-F140T30 14CM Industrial-Grade case Fan Vapo Bearing/Magnetic Levitation Motor/PWM Multi-Mode Adjustabl T30-140,1005010806628495,6月,"PH-F140T30 X3,GRAY,NO RGB",73.2,$73.20
JUHOR DDR5 16GB 4800MHz 5600MHz 6000MHz  RAM UDIMM for Computer PC Desktop Memory Ram DDR5,1005010527122304,6月,"5600MHz,16GBx1,DDR5",128.5,$128.50
AMD Ryzen 5 9600X CPU 100% Brand New AMD 9600X Processor Up to 5.4GHz 6-Core 12-Thread 32MB L3 Cache Socket AM5 Zen 5 Gaming CPU,1005009420228663,6月,China Mainland,142.56,$142.56
"Mijia Smart DC Inverter Standing Fan Pro 120° Wide Oscillation, Natural Wind Mode, 26 Speed Setting for Home/Office",1005008865854288,6月,"BPLDS09DM,CN,China Mainland",50.89,$50.89
"PHANTEKS T30 Industrial Grade High Pressure 12CM PWM Water Air Cooling Fan,Dual Vapo Bearing,120X120X30MM Powerful Cooler Master",1005006003317946,6月,"T30 x3,Other,NO RGB",64.47,$64.47
Smart Bioimpedance Scale Smart Body Composition Scale Digital Scale Body Fat Weight Scale Balance Bioimpedance Scale,1005007463060934,6月,Black Gold,32.23,$32.23
CROSSGUN Jet Turbo King Kong Jetfan Strong Fan Portable Handheld With LED Lighting Dust Elimination Computer hurricane storm X3,1005007781344048,6月,black,20.61,$20.61
"GMKtec K12 Gaming Mini PC AMD Ryzen 7 H 255(Upgraded 8745HS) Desktop Mini Computers Radeon 780M WiFi 6E/BT5.2, USB-C,  Barebone",1005009835919350,6月,AMD Ryzen 7 H 255,195.06,$195.06
"플릭스톤 D9W 미니 프로 2700 ANSI 빔 프로젝터 4K 풀HD 1080P 영화, 홈 게임, 비디오, 안드로이드 스마트 TV용 프로젝터",1005012085155188,6月,Gimbal Version,120.15,$120.15
Edifier M90 Bi-amped 2.0 Speaker Compact Design Bluetooth V6.0 LDAC Hi-Res Audio Wireless Speaker with Remote 100W RMS,1005011600003372,6月,White,106.94,$106.94
JONR Robot Vacuum P20 Pro International Edition Mopping Vacuuming Dushing Wipes Automatic Cleaning Dust Collecting Drainage Water,1005010178835114,6月,P20 Pro,123.03,$123.03
레이네오 에어 4 프로 스마트 AR 글래스 3G 음성 제어 IPX-5 방수 4K 비디오 캡처 헤드 마운트 XR 지원 DP 계약,1005010407244525,6月,Air 4 Pro,193.53,$193.53
Lemorele 200m 무선 HDMI 송신기 및 수신기 APP 모니터 비디오 송수신기 PC TV 프로젝터용 낮은 대기 시간 플러그 앤 플레이,1005009534699098,6月,1TX and 1RX,35.91,$35.91
"AHXJKA 23.8"" 휴대용 모니터 350nits 100Hz 100% sRGB IPS PC 노트북 전화 XBox 스위치용 사무실 디스플레이 확장(type-c 미니 HDMI 포함)",1005008904979623,6月,단일옵션,95.7,$95.70
휴대용 6 in 1 야외 캠핑 팬 20000mAh 충전식 무선 텐트 천장 팬 4 속도 조절 LED 조명 전원 뱅크 Portable 6 in 1 Outdoor Camping Fan 20000mAh Rechargeable Wireless Tent Ceiling Fan 4 Speed Adjustment LED Lighting Power Bank,1005008843793599,6月,Orange,22.47,$22.47
"Edifier MR4 스튜디오 모니터 2.0 스피커, RMS 클래스-D 앰프 내장 DSP 목재 인클로저, TRS 밸런스드, AUX, RCA 입력, 42W",1005006067438705,6月,White EU-Plug,46.73,$46.73
"버니플라이 18/20인치 알루미늄 합금 마그네슘 모던 기내용 캐리어, 항공 승인 알루미늄 트롤리 휴대용 기내 사이즈 여행 가방",1005009949091248,6月,"Silver,Luggage Size:18Inches 450mm",55.08,$55.08
"JONR VC12 Pro 무선 진공 청소기+클린 스테이션 자동 먼지 청소, 자동 충전",1005009844469679,6月,단일옵션,80.0,$80.00
"XIAOMI MIJIA 음파 진동 전동 칫솔 프로, 스마트 4가지 모드, 긴 배터리 수명, IPX8 방수, LED 스크린 및 여행용 잠금 장치",1005008529076452,6月,Add Clean Head,32.83,$32.83
네이처하이크 TPU 폼 슬리핑 패드 C12 내장 펌프 캠핑 매트리스 R5.0 야외 2인 에어 매트리스 접이식 풍선 매트,1005007370054858,6月,2 person widen,101.6,$101.60
ShineTrip 05 시리즈 야외 접이식 의자 휴대용 캠핑 조절 접이식 의자 사무실 점심 낮잠 낚시 피크닉 의자,1005012148472196,6月,Black,45.79,$45.79
AULA F87 Pro 가스켓 게임용 기계식 키보드 75% TKL 레이아웃 무선 핫 스왑 RGB 맞춤형 Bluetooth 키보드 2024 새로운 색상,1005007614925149,6月,"Wilderness oasis, Graywood V3 Switch",28.33,$28.33
"네이처하이크 야외 IGT 테이블 휴대용 캠핑 데스크탑, 걸이식 선반, 바베큐 그릴, IGT 접이식 테이블, 피크닉 테이블 세트",1005007057752877,6月,Classic Black,35.9,$35.90
Naturehike Camping Box 60L Large Capacity Folding Storage Box 25L 30L 50L Home Bedside Table Outdoor Travel Picnic PP Sundry Box,1005006056056919,6月,60L,23.92,$23.92
1600W 고출력 음이온 헤어 스타일리스트 이발소 전용 무소음 블로워 일정 온도 헤어 케어,1005007266735484,6月,Grey with 4 nozzle,22.4,$22.40
자동 빠른 설치 캠핑 텐트 방수 차양 캐노피 알루미늄 폴 모기장 야외 해변 하이킹 쉘터,1005012346701138,6月,Aluminum,77.31,$77.31
FIREBAT F1 MINI PC AMD Ryzen 7 H255 LPDDR5 16GB RAM 512GB SSD WIFI6 BT5.2 Portable Desktop MINI-PC Windows 11 Desktop Computer,1005011551433345,6月,"AMD Ryzen 7 H255, 16GB RAM 512GB SSD",325.2,$325.20
하기비스 2230 M.2 NVMe SSD 외장 케이스 USB 3.2 Gen 2 to PCI-E M.2 SSD 케이스 2242 외장 SSD 플로피 디스크 아이폰 17 프로 노트북용,1005010665313986,6月,Green,12.3,$12.30
Netac NVMe SSD M2 1TB 2TB 500GB 250GB 3500MB/s SSD PCIe3.0 M.2 2280 SInternal Solid State Drives Disk NV3000 for Laptop Desktop,1005005445585329,6月,1TB,77.14,$77.14
"MIJIA 유선 바닥 선풍기, 7날개 대형 풍량, 90도 회전 °   초광범위 사용, 책상 및 바닥 사용 가능, 가정용 전기 선풍기",1005010741176804,6月,JLLDS01DM,29.5,$29.50
DUKA MOODA 스마트 데스크탑 온도 및 습도 시계 전기 디지털 가정용 온도 및 습도 측정기 스마트 재미있는 알림,1005011932942033,6月,MOOD A,15.13,$15.13
"삼성 글로벌 파인더용 GPS 트래커 4개, 안드로이드 구글의 찾기 허브와 호환, 분실 방지 알림, 스마트 태그, 사운드, 빠른 위치 추적 기능",1005011538478021,6月,Bk-2pcs-Wh-2pcs,13.85,$13.85
JUHOR DDR5 16GB 4800MHz 5600MHz 6000MHz  RAM UDIMM for Computer PC Desktop Memory Ram DDR5,1005010674147734,6月,4800MHz，16GB,123.71,$123.71
텔레신 다이빙 방수 폰 케이스 범용 폰 카메라 촬영 핸드 그립 홀더 촬영 보조 리모컨 핸들,1005010257044686,6月,Diving Hand Grip,23.79,$23.79
MELLWIN 25 + 3 토크 전기 임팩트 드릴 2 속도 조정 가능한 무선 전기 스크루 드라이버 전동 공구 Makita 18V 배터리 핀,1005008905804650,6月,45 Accessories,36.36,$36.36
Cheerdots 2 분리형 에어 마우스 무선 터치패드 올인원 포켓 AI 녹음 ChatGPT 지원 마우스 맞춤형 게임용 마우스,1005012152372642,6月,Silver-Recording,28.7,$28.70
"Alpicool NLS 차량용 냉장고 듀얼 존, 휴대용 압축기 냉장고 냉동고, 캠핑용, 12V, 24V, DC 100-240V AC, 20L, 30L, 40L",1005008108497796,6月,20L,92.15,$92.15
MOVESPEED Z70Pro Power Bank 70000mAh 140W PD Fast Charge External Battery Power Station w/ Flashlight for Laptop Outdoor Camping,1005006728908037,6月,"140W  70000mAh,50001mAh-100000mAh,China Mainland",55.15,$55.15
Divoom MiniToo Retro Bluetooth Speaker Portable Pixel Display Music Box Retro Computer Style Speaker Gift,1005010519847136,6月,"Beige,China Mainland,Speaker",39.99,$39.99
"올인원 4K 프로젝터** – 듀얼 스크린 터치, 휴대용, 게임/가라오케, HDMI/USB, 무선 BT/WiFi, 완벽한 홈 시네마",1005010368996589,6月,"WHITE,EU Plug",78.23,$78.23
FIREBAT R3 MINI PC AMD Ryzen 5 7430U 6C/12T MAX 4.3GHz 16GB LPDDR4 RAM 512GB SSD WIFI6 BT5.2 Windows 11 Desktop Computer,1005012150388657,6月,"Ryzen 5 7430U,16GB RAM 512GB SSD,EU",239.9,$239.90
"UPERFECT UColor J1 4K 터치스크린 휴대용 감시자 15.7"" 3840x2160 IPS 노트북은 스피커를 가진 스크린 350Nits 1200:1 USB C HDMI 컴퓨터 PC 게임 디스플레이를 확장하고 PC 전화 PS4/5를 위한 대기 여행 감시자",1005012076690894,6月,"Black,EU Plug,China Mainland",101.0,$101.00
Ajazz AK820/AK820Pro Gaming Mechanical Keyboard Bluetooth 5.1/Wireless/C-Wired Customized Keyboard with Knob Hot Swapping Gasket,1005007135778855,6月,Yellow-Fish Switch,23.08,$23.08
조마 접이식 무선 키보드 터치패드 포함 충전식 블루투스 키보드 아이패드 태블릿 폰용,1005010362169486,6月,"white,Korea",16.75,$16.75
ALLDOCUBE iPlay 80 mini Pro Tablet 8.4'' 90Hz UNISOC T7300 16GB( 8GB+8GB Virtual) RAM 128GB ROM Android 16 6050mAh 4G LTE Tablet,1005012132146352,6月,,101.87,$101.87
레노버 리전 Y700 2025 CN 안드로이드 패드 4세대 TB322FC 게이밍 태블릿 12/256GB 16/512GB 스냅드래곤 8 엘리트 8.8인치 165Hz 7600mAh 태블릿,1005010120015183,6月,12GB 256GB Black,339.47,$339.47
글로벌롬 레노버 샤오신 패드 11 2025 탭 128GB 256GB 디멘시티 6300 11인치 2.5K 스크린 7040mAh 와이파이 안드로이드 패드 구글 플레이 태블릿,1005011701489651,6月,6G 128G Grey,100.55,$100.55
CN Rom 레노버 샤오신 패드 프로 GT 2025 태블릿 128/256GB 스냅드래곤 8 Gen3 11.1인치 144Hz 3.2K LCD 디스플레이 13MP 68W 충전 8860mAh,1005011701988321,6月,8GB 256GB Grey,202.98,$202.98
CN ROM 레노버 샤오신 패드 프로 13 2026 스냅드래곤 8s 4세대 LCD 화면 2.4K 3504*2190 해상도 13인치 144Hz 10200mAh 45W TB376FC,1005012376145506,6月,Gray 8 128,209.17,$209.17
테클라스트 T65 태블릿 13.4인치 2K 120Hz 디스플레이 유니소크 T7280 옥타 코어 최대 26GB 램 128GB 롬 8000mAh 배터리 안드로이드 16 LTE 태블릿 6月报价141.12，到手价$110.89,1005010026558666,6月," 6GB 128GB LTE,Official Standard,유럽 ​​연합",110.89,$110.89
3000mAh C3 전술 캠핑 라이트 야외 LED 손전등 휴대용 충전식 다기능 텐트 캠핑 라이트,1005012268529166,6月,Green Set|Khaki Set,8.17,$8.17
"테슬라 모델 YL 2025 2026용 TPE 트렁크 매트, 전후방 카고 라이너, 2열 시트 백 패드, 자동차 내부 액세서리 (올웨더)",1005012185129093,6月,Model YL (6 Seats),11.38,$11.38
"테슬라 모델 YL 2025 2026 프론트 리어 도어 실링 스트립 가드, 킥 방지 패드 보호대, 자동차 내부 액세서리",1005012108832470,6月,YL 8PCS Black,54.67,$54.67
테슬라 모델 YL 출시 2026+ TPE 플로어 매트 방수 러기지 매트 내마모성 풋 패드 모델 YL 트렁크 매트 풋 패드 세트,1005012164813372,6月,"Floor Mat 13PCS, LHD Model YL 2026",82.05,$82.05
테슬라 뉴 모델 Y 주니퍼 2025 2026 자동차 시트 커버 나파 가죽 & 8등급 방오 도매가 인테리어 액세서리,1005010765274478,6月,beige 7pcs,37.77,$37.77
"테슬라 모델 3 모델 Y 글로브박스용 도킹 스테이션 USB 허브 4-in-1 (대시캠, 플래시 드라이브, 충전기, 데이터 전송, 게임, 음악)",1005010500840992,6月,1pcs,6.91,$6.91
YIKUN 4PCS 19인치 휠 커버 (테슬라 모델 Y 주니퍼 2025 퍼포먼스 풀 림 자동차 액세서리 크로스플로우 휠 허브캡),1005009476735877,6月,"A-sliver black, For Tesla, 19 inch 2025, For Model Y Juniper|B-sliver black, For Tesla, 19 inch 2025, For Model Y Juniper",51.99,$51.99
테슬라 센터 콘솔 충전용 USB 허브 충전기 도킹 스테이션 모델 Y 주니퍼 2025-2026 & 모델 3 하이랜드 2024-2026,1005012261083901,6月,Type-C and Type-C,18.49,$18.49
"테슬라 T1-카라오케 마이크, USB-A 및 USB-C 수신기가 있는 충전식 카라오케 마이크, 플러그하여 사용, 페어링 필요 없음",1005009225665844,6月,Two Mics,42.62,$42.62
"ETENWOLF ZEPHYR S3C Portable Air Compressor 100% Duty Cycle Car Tire Inflator 7800mAh for Cars, Motorcycles, Bicycles Balls",1005008295800556,6月,S3se orange,25.67,$25.67
GameSir T4 Nova Lite 스위치 컨트롤러 홀 효과 게임 패드 Nintendo Switch iPhone Android 휴대 전화 Windows PC Steam,1005007115987093,6月,"Stellar White, GST4NLW003|Transparent Black, GST4NLB002",11.21,$11.21
"Qi2.2 25W 차량용 휴대폰 거치대 마그네틱 무선 충전기, 테슬라 모델 Y L, 주니퍼 3, 하이랜드 2026용 MagSafe 호환",1005012049041570,6月,Qi2.2,18.92,$18.92
Tesla New Gen. 2 9.6 인치 계기판 디스플레이 모델 Y 3 맹점 알림 OTA 업데이트 New Model 3 New Y Juniper Dashboard,1005008457505240,6月,New Y Juniper,171.24,$171.24
Tesla Model Y Juniper 2025 뒷 트렁크 테일 윙 자동차 외장 액세서리 용 실제 탄소 섬유 고성능 스포일러 New,1005012385285068,6月,Glossy Carbon|Matte Carbon,57.23,$57.23
VJOYCAR 2025 새 모델 Y 주니퍼 새로운 3 하이랜드 후면 전면 트렁크 방수 LED 스트립 분위기 밝게 라이트 플러그 앤 플레이,1005008844281255,6月,"Warm White, New Y Juniper 2025, for Rear Trunk",13.96,$13.96
Xiaomi Mijia 휴대용 자동차 진공 청소기 가정용 자동차 용품에 대 한 미니 핸드 헬드 무선 청소 기계 13000Pa 사이클론 흡입,1005007882649074,6月,Vacuum Cleane,27.38,$27.38
"MX Master 4 Logitech Wireless Bluetooth Office Mouse, Dual Mode 8K Multi-Device Switching AI Smart Electromagnetic Scroll Wheel",1005011707972780,6月,Graphite Gray,100.55,$100.55
"레노버 샤오신 프로 GT13 2026 3.5k 태블릿 스냅드래곤 8세대 엘리트, 144Hz 리프레시 레이트, 12000mAh 배터리 (업무 및 엔터테인먼트용)",1005012137269811,6月,8 256GB Gray,315.18,$315.18
CN ROM 레노버 샤오신 패드 프로 13 2026 스냅드래곤 8s 4세대 LCD 화면 2.4K 3504*2190 해상도 13인치 144Hz 10200mAh 45W TB376FC,1005012376145506,6月,Gray 8 128,209.17,$209.17
"GMKtec M8 미니 PC: AMD Ryzen 5 PRO 6650H, 16GB RAM, SSD·OS 미포함, 트리플 4K 디스플레이, Wi-Fi 6E, 블루투스 5.3, USB-C, DP 지원 미니 데스크톱",1005011628686589,6月,"Ryzen 5 PRO 6650H, LPDDR5 16GB NO SSD",183.48,$183.48
CN Rom 레노버 샤오신 패드 프로 GT 2025 태블릿 128/256GB 스냅드래곤 8 Gen3 11.1인치 144Hz 3.2K LCD 디스플레이 13MP 68W 충전 8860mAh,1005011701988321,6月,8 256 Gray,202.98,$202.98
레노버 리전 Y700 2025 CN 안드로이드 패드 4세대 TB322FC 게이밍 태블릿 12/256GB 16/512GB 스냅드래곤 8 엘리트 8.8인치 165Hz 7600mAh 태블릿,1005010120015183,6月,"Official Standard, 12GB 256GB Black",339.47,$339.47
새로운 Lenovo Xiaoxin Pad Pro 12.7 2025년 2월 태블릿 크기 8300 2.9k 해상도 144Hz 새로 고침 빈도 WIFI 10200mAh WIFI Android,1005011701730285,6月,"Pad, 8 128Gb Gray",164.23,$164.23
"AMD Ryzen 5 5500X3D 6코어/12스레드 프로세서: 96MB L3 3D V-Cache 기술, 3.0-4.0GHz, 105W TDP, AM4 소켓 - 팬 없음 e스포츠용 조립 - e스포츠 빌드",1005009474947755,6月,,138.38,$138.38
【CCC 인증】UGREEN Nexode Pro 200W 25000mAh 보조배터리 접이식 케이블 노트북 고속 충전용 휴대용 PD 외부 배터리 보조 배터리 배송은 10~18일 이내에 이루어집니다.,1005008249818662,6月,200W,60.49,$60.49
AMD Ryzen 5 9600X CPU 100% Brand New AMD 9600X Processor Up to 5.4GHz 6-Core 12-Thread 32MB L3 Cache Socket AM5 Zen 5 Gaming CPU,1005009420228663,6月,,142.56,$142.56
오리지널 레노버 리전 Y700 5세대 TB323FU 게이밍 태블릿 스냅드래곤 8 엘리트 Gen5 8.8인치 3K 165Hz 디스플레이 9000mAh 안드로이드 패드 PC,1005012184800598,6月,12GB 256GB Black,420.05,$420.05
"ORICO 4/5 Bay 10Gbps SATA HDD Docking Station SSD Enclosure 2.5""3.5""Hard Drive External Case USB 3.2 Type C HD House Daisy Chain",1005009195264004,6月,5 Bay KR Plug,105.17,$105.17
SHOKZ OpenDots ONE 오픈 무선 블루투스 헤드셋 V5.4 마이크 포함 Dolby 사운드 방수 긴 배터리 수명 New 2025,1005009463218687,6月,E310 white,105.78,$105.78
"新UGREEN 500W GaN 충전기 6 IN 1 데스크탑 충전 스테이션 PD 3.1 최대 240W 단일 포트, MacBook Pro, 노트북, iPad, 태블릿, iPhone 17용",1005009100541527,6月,KR GaN 500W,116.99,$116.99
기존 SHOKZ OpenRun Pro 2 S820 S821mini 블루투스 이어폰 IP55 방수 골전도 헤드폰 음악 스포츠 이어 버드,1005008561939766,6月,S820 Black,110.66,$110.66
"레노버 스타일러스 프로2 탭 펜 2세대 AP602U (레노버 샤오신 패드 프로 13, 태블릿 프로 GT 13 2026용) 마그네틱 페어 무선 충전",1005011702698505,6月,Stylus Pro2,55.41,$55.41
"레노버 스타일러스 프로2 탭 펜 2세대 AP602U (레노버 샤오신 패드 프로 13, 태블릿 프로 GT 13 2026용) 마그네틱 페어 무선 충전",1005011702698505,6月,Stylus Pro,48.46,$48.46
"레노버 스타일러스 프로2 탭 펜 2세대 AP602U (레노버 샤오신 패드 프로 13, 태블릿 프로 GT 13 2026용) 마그네틱 페어 무선 충전",1005011702698505,6月,Stylus,22.45,$22.45
CN ROM 레노버 샤오신 패드 프로 13 2026 스냅드래곤 8s 4세대 LCD 화면 2.4K 3504*2190 해상도 13인치 144Hz 10200mAh 45W TB376FC,1005012376145506,6月,Gray 8 128,209.17,$209.17
"빅미 Bigme E-book Reader B6, 6-inch e-ink electronic book, 36-level front light, Android 14 OS built-in Google Play, 4+64GB ereader",1005009645730948,6月,B6 White,123.98,$123.98
글로벌롬 레노버 샤오신 패드 11 2025 탭 128GB 256GB 디멘시티 6300 11인치 2.5K 스크린 7040mAh 와이파이 안드로이드 패드 구글 플레이 태블릿,1005011701489651,6月,6G 128G Grey,100.55,$100.55
"Mijia Smart DC Inverter Standing Fan Pro 120° Wide Oscillation, Natural Wind Mode, 26 Speed Setting for Home/Office",1005008865854288,6月,BPLDS09DM,50.89,$50.89
"UWANT 무선 청소기 V600, 펫 청소기, 31,000Pa 흡입력, 2.5L 자동 비움 스테이션, 바이오닉 스크래핑 링, 110 °   광각 녹색광, 1년 무상 A/s",1005011617811855,6月,-,149.58,$149.58
Edifier M90 Bi-amped 2.0 Speaker Compact Design Bluetooth V6.0 LDAC Hi-Res Audio Wireless Speaker with Remote 100W RMS,1005011600003372,6月,White,106.94,$106.94
Lofree FLOW2 Mechanical Keyboard Business Office Wireless Bluetooth Wired Quiet & Gentle Sound Compatible Mute Aluminum Lump,1005010450683174,6月,84Key Grey PULSE,107.79,$107.79
Lofree FLOW2 Mechanical Keyboard Business Office Wireless Bluetooth Wired Quiet & Gentle Sound Compatible Mute Aluminum Lump,1005010450683174,6月,100Key Grey PULSE,120.2,$120.20
투키 PD 100W USB 접이식 케이블 C타입 to C타입 고속 충전 케이블 (아이폰 15 16 Pro Max 샤오미12 13 삼성 S23 S24 호환),1005009466301312,6月,3pcs 100W Cable,8.16,$8.16
에디파이어 T5s 파워드 서브우퍼 8인치 전면 발사 롱스로우 우퍼 깊고 강력한 베이스 스피커 RCA 입력 70W RMS,1005009416223170,6月,Black,82.85,$82.85
Baseus GaN 충전기 범용 여행용 어댑터 내장 70W 접이식 케이블 2AC 2 USB-A Type-C 고속 충전 EU/UK/USA/AUS,1005009205983512,6月,Off-White,23.85,$23.85
Edifier M60 Compact Desktop 2.0 Speakers Hi-Res Audio Wireless LDAC Bluetooth 5.3 USB-C AUX Inputs Support EQ Setting 66W RMS,1005007612849331,6月,White EU-Plug,74.24,$74.24
DOCO High Speed Hair Dryer 75m/s wind speed Negative Ion Hair Care 110000 Rpm UK/EU Plug Lightweight Home Travel Gift,1005007892532718,6月,Dark gray EU,17.1,$17.10
"버니플라이 18/20인치 알루미늄 합금 마그네슘 모던 기내용 캐리어, 항공 승인 알루미늄 트롤리 휴대용 기내 사이즈 여행 가방",1005009949091248,6月,"black,18Inches 450mm",55.08,$55.08
"새로운 ETENWOLF 휴대용 타이어 공기 주입기 5200mAh 20L/분 자동차 에어 컴프레서 자동차, 오토바이, 자전거에 적합한 자동차 에어 펌프",1005012260886859,6月,S1 Orange,16.63,$16.63
"침실 사무실 습기 제어를 위한 탈취, 수분 흡수 곰팡이 제거제를 갖춘 지능형 휴대용 제습기",1005009711039601,6月,"White,EU Plug",25.55,$25.55
"MIJIA 스마트 홈 제습기 13L 저소음, 3L 물탱크, 앱 제어",1005012379595996,6月,EU adapter,100.85,$100.85
FIREBAT F1 MINI PC AMD Ryzen 7 H255 LPDDR5 16GB RAM 512GB SSD WIFI6 BT5.2 Portable Desktop MINI-PC Windows 11 Desktop Computer,1005011551433345,6月,"AMD Ryzen 7 H255, 16GB RAM 512GB SSD",325.19,$325.19
존쿠 체이스185Ml 7:3 액션 경량 낚싯대,1005012117692351,6月,1.85ml spinning,26.5,$26.50
경량 캐스팅릴 120g 5.4:1 4kg 드랙 롱 핸들릴 카본 바디,1005012117390881,6月,,35.0,$35.00
존쿠 베이트 캐스팅 릴 4.2:1 기어비,1005012113459778,6月,Normal Handle,34.0,$34.00
2024 시마노 밴포드 스피닝 낚시 릴 1000/2500/C3000HG/4000XG/5000XG 7+1BB AR-C 스풀 해수 낚시 릴 3-11KG 파워ㅋ,1005011565272759,6月,C3000SDH,148.97,$148.97
레이던 2026 조로 야누스 초경량 낚싯대 150-160L/M/H 티타늄 팁 갑오징어 낚시 캐스팅 로드 오징어 보트 낚시대,1005010559381036,6月,L,28.4,$28.40
LEYDUN ZORO Baitcasting 낚시 릴 145g 초경량 알루미늄 합금 바디 10 + 1BB 5.6:1 4.5KG 바닷물 롱 핸들 BFS 릴,1005010559161132,6月,Pink,35.14,$35.14
레이던 낚시 박스 낚시 도구 상자,1005012194708893,6月,7000,26.09,$26.09
경량 서프캐스팅 낚싯대 2.58m 2.7m 3.0m 낚싯대 스피닝 로드,1005012117102675,6月,2.7m,27.5,$27.50
존쿠 아징 낚싯대 662 682 L,1005012113637258,6月,S682L,35.0,$35.00
레이던 25L 풀로드 낚시 쿨러 박스 낚시 도구 상자 탱크 케이스 장비 도구 물고기 보관 낚시 도구 휴대용 통풍구,1005012190837297,6月,18L,43.81,$43.81
레이둔 우솝 EGI 야광 & UV 오징어 지그 새우 오징어 BKK 훅 110mm 6개/세트 낚시 루어 문어 갑오징어 새우 미끼,1005012063928621,6月,"USOPP EGI, 110mm",6.45,$6.45
레이던 2026 SJ 히라메 슬로우 지깅 낚싯대 612M MH H 1.85m T1100 해수 보트 캐스팅 로드 바다 낚싯대,1005011564602007,6月,SJ--H,22.05,$22.05
레이둔 2026 아우라 T1100 스피닝 낚싯대 FUJI 가이드 링 87.5g AR79MLM 84M 오징어 보트 웹풋 카본 클로스 낚싯대,1005011564374608,6月,84M,29.85,$29.85
LEYDUN 신형 ISO 텐션 낚싯대 500 부표 낚시 플랫폼 0.6 1.0 1.5 2.0 텔레스코픽 서프캐스팅 스피닝 해안 바다 낚시,1005010649342933,6月,500-1,53.8,$53.80
레이둔 낚싯대 74ULS는 소형 어종을 잡는 낚싯대입니다.,1005010559281906,6月,74ULS,30.2,$30.20
"Mijia Smart DC Inverter Standing Fan Pro 120° Wide Oscillation, Natural Wind Mode, 26 Speed Setting for Home/Office",1005008865854288,6月,XIAOMI Floor Fan Pro,54.54,$54.54
MIFINE MICROBITE Ajing 낚시 스피닝로드 루어 2g/3g/5g/8g/10g 바닷물 민물 라이트 록 낚시 패스트 액션 후지 링,1005008591622478,6月,1.98M 0.5-5G,25.23,$25.23
새로운 베타 울트라 낚싯대 157M SMT 갑오징어 낚싯대 문어 낚싯대 후지 링 장착 한치 낚싯대 경량,1005007555653366,6月,1.75m,38.0,$38.00
바다 낚싯대 175M MT 오징어 막대 금속 팁 후지 링이 있는 문어 낚싯대 Hanchi 낚싯대 경량,1005006995163151,6月,1.75m,37.88,$37.88
고멕서스 낚시 도구 샤크바이트 낚싯줄 커터 (리트랙터 포함) 및 낚싯줄 묶는 도구와 훅 아이 클리너,1005012050572687,6月,	blue,28.82,$28.82
"고메쿠스 낚시 립 그리퍼, 최대 40lbs까지 측정 가능한 저울 포함, 안전한 물고기 취급 및 간편한 헤드 제거 - 멍을 위한 이상적인 낚시 선물",1005012056983345,6月,blue | China Mainland,26.43,$26.43
코르크 손잡이가 있는 고메쿠스 알루미늄 핸들 BDH-CA27 베이트캐스팅 릴 교체 부품 배스 프레데터 낚시용,1005012107057974,6月,Black Cork 120mm | China Mainland |,37.4,$37.40
GOMEXUS 파워 핸들은 Shimano SLX Tranx Daiwa Tatula Zillion Abu Garcia Revo 13 낚시 베이트캐스팅 릴 교체품과 호환됩니다.,1005012103523001,6月,Purple 120mm | China Mainland | 8x5 mm,38.82,$38.82
고메쿠스 알루미늄 핸들 티타늄 노브 BDH-TA30 베이트캐스팅 릴 교체 부품 프레데터 파워 낚시 타이 러버,1005012112372153,6月,Flame Silver | 8X5mm,52.99,$52.99
레노버 리전 Y700 2025 CN 안드로이드 패드 4세대 TB322FC 게이밍 태블릿 12/256GB 16/512GB 스냅드래곤 8 엘리트 8.8인치 165Hz 7600mAh 태블릿,1005010120015183,6月,12GB 256GB Black,339.47,$339.47
CN Rom 레노버 샤오신 패드 프로 GT 2025 태블릿 128/256GB 스냅드래곤 8 Gen3 11.1인치 144Hz 3.2K LCD 디스플레이 13MP 68W 충전 8860mAh,1005011701988321,6月,8G 256GB WIFI Grey,202.98,$202.98
새로운 Lenovo Xiaoxin Pad Pro 12.7 2025년 2월 태블릿 크기 8300 2.9k 해상도 144Hz 새로 고침 빈도 WIFI 10200mAh WIFI Android,1005011701730285,6月,Std Edition 8G 128G,164.23,$164.23
Worx 4V Electrical Screwdriver Sets WX242 Smart Cordless Electric Screwdrivers SDS Chuck USB Rechargeable 30 Bit Sets,1005006025572712,6月,WX242,21.98,$21.98
신형 AMD 라이젠 7 5700X 65W 7NM L3=32M 3.4GHz 8코어 16스레드 R7 5700X 게이밍 프로세서 DDR4 소켓 AM4 (팬 없음),1005010603617972,6月,,122.54,$122.54
FIREBAT F1 MINI PC AMD Ryzen 7 H255 LPDDR5 16GB RAM 512GB SSD WIFI6 BT5.2 Portable Desktop MINI-PC Windows 11 Desktop Computer,1005011551433345,6月,AMD Ryzen 7 H255 | 16GB RAM 512GB SSD,325.2,$325.20
LINGBAO K108pro 기계식 키보드 트라이 모드 한국어 문자 마카롱 색상 PBT 키캡 10000mAh 대용량 배터리 컴퓨터용 PC용,1005010226268822,6月,Red Rabbit,36.35,$36.35
"Rapoo VT2 MAX 무선 e스포츠 게이밍 마우스, 8K 폴링 레이트 광학 센서, 인체공학적 디자인, 53g 경량, PC 노트북용",1005009782950290,6月,VT2 MAX 8K White P5,36.41,$36.41
"AMD Ryzen 5 5500X3D 6코어/12스레드 프로세서: 96MB L3 3D V-Cache 기술, 3.0-4.0GHz, 105W TDP, AM4 소켓 - 팬 없음 e스포츠용 조립 - e스포츠 빌드",1005009474947755,6月,,138.38,$138.38
UGREEN 12-in-1 USB 허브 Type-C to 2HDMI 4K120Hz DP USB3.2 10Gbps SD/TF RJ45 PD100W 맥북 델 HP 노트북 액세서리 도킹 스테이션,1005009100871797,6月,12-in-1 2HDMI 1DP,32.67,$32.67
"앵커 썬더볼트 5 풀 기능 데이터 케이블, 120Gbps 전송 및 16K 고화질 디스플레이, 컴퓨터에 적합",1005012207486564,6月,black 1M,23.71,$23.71
【CCC 인증】UGREEN Nexode Pro 200W 25000mAh 보조배터리 접이식 케이블 노트북 고속 충전용 휴대용 PD 외부 배터리 보조 배터리 배송은 10~18일 이내에 이루어집니다.,1005008249818662,6月,200W,60.49,$60.49
UGREEN 145W 20000mAh 보조베터리 맥세이프 Qi2 15W 자기 무선 보조베터리 스테이션 유그린 PD3.1 노트북 100W 고속충전 고속 충전용 외장 배터리 대용량 맥세이프 충전기,1005008365311968,6月,20000mAh,68.43,$68.43
새로운 AMD Ryzen 5 5600GT R5 5600GT 3.6GHz 6코어 12스레드 CPU 프로세서 7NM L3=16M 100- 000001488   소켓 AM4 팬 없음,1005011990100704,6月,,117.75,$117.75
"ZEUSLAP 16"" 2.5K 144hz Portable Monitor 2560*1600 16:10 100%sRGB 500Cd/m²  Travel Gaming Display for Laptop Switch ps4 ps5 Xbox",1005006960961910,6月,,114.14,$114.14
【KC 인증】유그린 Qi2.2 25W 보조배터리 고속 충전 10000mAh 타입 C 케이블 파워뱅크 아이폰 17 프로 맥스용 MagSafe 30W 지원,1005006287670753,6月,White,36.43,$36.43
"비스인나 캠핑 웨건 접이식 유틸리티 트롤리, 후면 개방형 휴대용 고하중 전지형 카트, 야외 피크닉 및 해변용",1005012350923631,6月,Army green,55.75,$55.75
타르카 에어 매트리스 침낭 야외 에어 쿠션 두꺼운 캠핑 매트 텐트 침대 내장 펌프 관광객 야외 장비,1005012074370496,6月,Beige,48.3,$48.30
300000RPM Brushless Electric Turbo Blowers Jet Fan 400M/S Handheld Leaf Blower Dust Blowing for Makita 18V Battery Pins,1005010683921508,6月,No Batter for Makita,33.58,$33.58
"쇼크즈 오픈핏 2+ T921 오픈형 이어폰 돌비 오디오 무선 블루투스 이어폰, 듀얼부스트 기술 AI 노이즈 감소",1005009961437697,6月,T921 Black,107.79,$107.79
"880000RPM 터보 팬 제트 강력한 에어 블로워 10000mAh 600g 추력 70m/s 바람 브러시리스 먼지 제거기, 자동차용 진공 잎 제거 건조기",1005009897116598,6月,F02-ES-black|F02-ES-blue,23.54,$23.54
"BATOCA 무선 자동차 광택기, 듀얼 액션 무선 자동차 연마 기계, 전기 광택제 기계 조정 전동 공구, 12V",1005007253182255,6月,2 Batttery Set,32.1,$32.10
"바퀴가 달린 접이식 서비스 카트, 휴대용 유틸리티 롤링 도구, 차고 카트, 접이식 보관 카트, 3 층",1005007348646262,6月,Black,42.6,$42.60
Sobergo 스마트 윈도우 로봇 청소기 3세대 6.2cm 울트라 슬림/5600PA 흡입/인터랙티브/한국어 어댑터 및 사용 설명서,1005010177409794,6月,White,36.17,$36.17
8000mAh 작업 투광 조명 강력한 LED COB 캠핑 텐트 램프 충전식 방수 비상 휴대용 등불 무단 조광,1005006612420599,6月,HW999 Camping Lamp,11.68,$11.68
WILLED Warm Light Motion Sensor Cabinet Light Battery Display 60 LED Touch Light Bar Wireless Rechargeable Battery Night Light,1005005997681339,6月,Warm  Light 4PCS,18.13,$18.13
220V 360LEDs/m EU 플러그 COB LED 스트립 라이트 RA90 유연한 LED 스트립 야외 램프 방수 테이프 주방 가정 방 장식,1005010577789385,6月,"EU 360led No dimming, neutral color 4000k, 15m",24.4,$24.40
TPCELL DW 12V 2.5Ah/5Ah용 DCB120 교체용 충전식 배터리,1005012196667602,6月,2PCS 2.5Ah 5Ah M18 WORX|DW12V 5AhPRO 2pcs,40.0,$40.00
TPCELL 8/10Ah PD100W 18V 21700 셀 배터리 USB-C 커넥터 포함 MKT 18V 전동 공구용 리튬이온 교체 배터리 LXT BL1850 BL1840,1005010705299963,6月,MT 8AH PRO 40XG PD|MT 8AH 40T PD,51.0,$51.00
"12m² 마운틴하이커 에어 텐트, 보관 가방과 에어 펌프 포함, 야외 하이킹 활동에 이상적",1005012078991240,6月,12 Square Black,164.95,$164.95
타르카 에어 매트리스 침낭 야외 에어 쿠션 두꺼운 캠핑 매트 텐트 침대 내장 펌프 관광객 야외 장비,1005012074370496,6月,Beige,48.3,$48.30
IGT-캠핑 테이블 프레임 스테인레스 스틸 옵티머스 스카이 플레임 스토브 헤드 야외 접이식 테이블 경량 캠핑 장비,1005012157895524,6月,Frame table,38.37,$38.37
트라이호미 아웃도어 캠핑 테이블 X 프레임 IGT 1개 테이블 스테인리스 스틸 접이식 전술 다기능 싱글 솔로 사이드 테이블,1005010589931997,6月,Table,51.21,$51.21
"BISINNA 캠핑 팽창식 베개, 휴대용 초경량 여행 하이킹 에어 슬리핑 베개, 목과 요추 지지대",1005008868587552,6月,Grey,2.33,$2.33
WESTTUNE 캠핑 문 의자 편안한 접이식 레저 여행 가구 피크닉을위한 머리 받침이있는 초경량 낚시 접이식 의자,1005007499839502,6月,Black,16.98,$16.98
"알루미늄 합금 여행용 보관함, 가정용 자동차 피크닉 캠핑 야외 보관함, 블랙 보관함, 30L, 50L, 80L",1005007386920177,6月,S size 30L,46.48,$46.48
BISINNA 캠핑 왜건 카트 접이식 유틸리티 헤비 듀티 대용량 트롤리 야외 쇼핑 피크닉 접이식 핸드 트럭,1005009947645582,6月,Black,56.19,$56.19
WESTTUNE Outdoor Wireless Air Pump Travel Vacuum Pump with Inflatable Deflate Portable Electric MINI Inflatable Pumps for Mats,1005009447261899,6月,Black,34.23,$34.23
Naturehike Sky Camping Canopy Outdoor 12-18 Person Family Shade Canopy Sun Shelter Large Canopy Coated with Black Sunblock Shade,1005011746839551,6月,"M Pro,China Mainland",64.2,$64.20
Naturehike Sky Camping Canopy Outdoor 12-18 Person Family Shade Canopy Sun Shelter Large Canopy Coated with Black Sunblock Shade,1005011746839551,6月,"L Pro,China Mainland",74.0,$74.00
"MX Master 4 Logitech Wireless Bluetooth Office Mouse, Dual Mode 8K Multi-Device Switching AI Smart Electromagnetic Scroll Wheel",1005011707972780,6月,MX Master 4 Grey,100.55,$100.55
레노버 리전 Y700 2025 CN 안드로이드 패드 4세대 TB322FC 게이밍 태블릿 12/256GB 16/512GB 스냅드래곤 8 엘리트 8.8인치 165Hz 7600mAh 태블릿,1005010120015183,6月,12GB 256GB Black,339.47,$339.47
NITECORE CW20 다목적 포켓 사진 팬 전기 휴대용 팬 Canon Sony 짧은 비디오 캠핑을위한 무단 바람 송풍기,1005006837260218,6月,CW20,41.57,$41.57
"앵커 마그고 3-in-1 충전 스테이션 Qi2 인증 15W 맥세이프 호환 무선 충전기 스탠드, 애플 워치 충전기/아이폰 17",1005006367536232,6月,검정색|하얀색,46.48,$46.48
"Sensewide Finder S1 PRO 240x240 HyperIR 열화상 카메라 안드로이드 & 아이폰용, 25Hz 열화상 이미저, 건물, HVAC, 자동차 수리용",1005011672132312,6月,,82.76,$82.76
UGREEN 12-in-1 USB 허브 Type-C to 2HDMI 4K120Hz DP USB3.2 10Gbps SD/TF RJ45 PD100W 맥북 델 HP 노트북 액세서리 도킹 스테이션,1005005612032387,6月,11-in-1 HDMI DP,29.99,$29.99
UGREEN 12-in-1 USB 허브 Type-C to 2HDMI 4K120Hz DP USB3.2 10Gbps SD/TF RJ45 PD100W 맥북 델 HP 노트북 액세서리 도킹 스테이션,1005007462882759,6月,6-in-1,11.67,$11.67
"XIAOMI MIJIA DC 인버터 플로어 팬 프로, 초박형 접이식, 보관함 포함, 스마트 스탠딩 선풍기, 100가지 공기 흐름 설정",1005008810647750,6月,XIAOMI Floor Fan Pro,54.54,$54.54
"UPERFECT UColor J1 4K 터치스크린 휴대용 감시자 15.7"" 3840x2160 IPS 노트북은 스피커를 가진 스크린 350Nits 1200:1 USB C HDMI 컴퓨터 PC 게임 디스플레이를 확장하고 PC 전화 PS4/5를 위한 대기 여행 감시자",1005012076690894,6月,Black,101.0,$101.00
DUKA MOODA 스마트 데스크탑 온도 및 습도 시계 전기 디지털 가정용 온도 및 습도 측정기 스마트 재미있는 알림,1005012252906946,6月,MOOD A,14.58,$14.58
"UWANT 무선 청소기 V600, 펫 청소기, 31,000Pa 흡입력, 2.5L 자동 비움 스테이션, 바이오닉 스크래핑 링, 110 °   광각 녹색광, 1년 무상 A/s",1005011617811855,6月,,149.58,$149.58
"Uwant Y100 차세대 습식 청소기,패브릭 청소기,펫 청소기,전문가급 클리닝,18,000Pa,카페트 청소기,소파 청소기,매트리스 청소기",1005010656903072,6月,,56.89,$56.89
Divoom MiniToo Retro Bluetooth Speaker Portable Pixel Display Music Box Retro Computer Style Speaker Gift,1005010519847136,6月,베이지-스피커,39.99,$39.99
LINGBAO K108 Pro 블루투스 무선 기계식  키보드 한글 풀배열 104키 LCD 스크린 저소음 솜사탕축 게이밍 키보드 10000mAh,1005009991300285,6月,Low-Noise Switch,41.38,$41.38
"버니플라이 18/20인치 알루미늄 합금 마그네슘 모던 기내용 캐리어, 항공 승인 알루미늄 트롤리 휴대용 기내 사이즈 여행 가방",1005009949091248,6月,실버-20인치,61.29,$61.29
"40W 미니 휴대용 LED 조명, 내장 충전식 배터리 탑재, 휴대폰 충전용 PD 지원",1005009575916768,6月,V40 LED Fill Light,11.9,$11.90
Edifier MP330 휴대용 블루투스 스피커 블루투스 V6.0 고해상도 오디오 USB-C TF 카드 입력 스테레오 페어링 40W RMS 19H 재생 시간,1005009505453005,6月,White,63.61,$63.61
베이스어스 USB C 허브 듀얼 HDMI 8K 4K 어댑터 10-in-1 USB 3.2 10Gbps 분배기 RJ45 SD TF 타입 C PD 100W 맥북 프로 에어 허브용,1005009206119272,6月,13-in-1 2HDMI 1DP 4K,35.72,$35.72
TELESIN 전화 카메라 촬영 핸드 그립 자기 스마트 폰 홀더 촬영 보조 아이폰 안드로이드 전화에 대한 원격 제어 핸들,1005008989700691,6月,Only Hand Grip,12.19,$12.19
"Toocki C타입 to C타입 케이블 PD 고속 충전 충전기, USB C to USB C 디스플레이 케이블, 맥북 아이패드 데이터 코드 와이어, 100W",1005006898416912,6月,100W C- C Black,2.11,$2.11
UGREEN 100W GaN Charger With Smart Display For MacbookPro Laptop iPhone 17 16 Pro iPad Tablet Samsung QC4.0 PD 3.0 USB C Charger,1005006579895295,6月,KR 2M 100W Cable,30.39,$30.39
CN ROM 레노버 샤오신 패드 프로 13 2026 스냅드래곤 8s 4세대 LCD 화면 2.4K 3504*2190 해상도 13인치 144Hz 10200mAh 45W TB376FC,1005012376145506,6月,"8G128G, Grey",209.17,$209.17
"4 in 1 쇼트 타입 C 키체인 랜야드 데이터 케이블 LED 디스플레이 포함, 아이폰 17, 삼성 갤럭시 A17용 브레이디드 PD 고속 충전 코드",1005011879389744,6月,"4 in 1 Black, 0.2m",3.24,$3.24
Ulanzi MA60 접이식 마그네틱 전화 삼각대 0.8cm 데스크탑 스탠드 용 초슬림 양면 자석 전화 삼각대 라이브 스트리밍 Vlog,1005009673749675,6月,Orange,13.48,$13.48
마그네틱 휴대폰 모니터 - 실시간 셀카/후면 카메라 - 4K 스트리밍 어시스턴트 - 광각 - 대부분의 휴대폰에 적합,1005009504703970,6月,하얀색,14.12,$14.12
​ 울란지 MA30 폰 마운트 카라비너 장착 삼각대 (아이폰 15 14 13 12 호환) 양면 자석 삼각대 데스크 마운트 폰 핸들,1005009356799155,6月,Silver,14.8,$14.80
UGREEN 노트북 스탠드 홀더 Macbook Air Pro 접이식 알루미늄 수직 노트북 스탠드 노트북 지원 Macbook Pro Tablet Stand,1005002593012680,6月,Laptop Stand,11.71,$11.71
신제품 라포 VT0 에어 맥스 PAW3950 게이밍 마우스 2.4g 무선 8K 39g 경량 맞춤형 인체공학적 고성능 e스포츠 마우스 선물,1005011667770571,6月,Blue VT0 Air MAX P5,35.36,$35.36
Edifier M90 Bi-amped 2.0 Speaker Compact Design Bluetooth V6.0 LDAC Hi-Res Audio Wireless Speaker with Remote 100W RMS,1005011600003372,6月,White,106.94,$106.94
"MX Master 4 Logitech Wireless Bluetooth Office Mouse, Dual Mode 8K Multi-Device Switching AI Smart Electromagnetic Scroll Wheel",1005011707972780,6月,light gray7570,100.55,$100.55
Angry Miao AM Infinity 마우스 Paw3950 8000Hz 트라이 모드 무선 마우스 경량 홀로우 아웃 마그날륨 게이밍 마우스 PC 액세서리,1005009969828435,6月,검정색,100.19,$100.19
Angry Miao AM Infinity 마우스 Paw3950 8000Hz 트라이 모드 무선 마우스 경량 홀로우 아웃 마그날륨 게이밍 마우스 PC 액세서리,1005009969828435,6月,하얀색,105.23,$105.23
"투키 PD100W USB-C 케이블 마그네틱 슬롯 디자인 7단계 길이 조절 1M 접이식 USB C to C 케이블 (아이폰 16, 15, 에어팟용)",1005009525079466,6月,Grey,3.8,$3.80
"SUSHIMU 20인치 전면 개방형 모든 알루미늄-마그네슘 합금 수하물, 트롤리 여행가방, 기내용 여행가방, 금속 여행가방",1005009441007549,6月,실버 20인치,83.7,$83.70
Anker Prime 735 보조베터리 20000mAh 200W 20K 휴대용 충전기 휴대용 보조베터리 대용량 20000mAh 배터리 예비 배터리,1005006067543904,6月,with base EU Plug,87.47,$87.47
오리지널 로지텍 G304X LIGHTSPEED 무선 마우스 e스포츠 게이밍 마우스 PC 게이머용 경량 57g 게이밍 액세서리 선물,1005012130798082,6月,하얀색 ,25.31,$25.31
NEW MIJIA Electric Precision Screwdriver Magnetic Kit with 24 PCS Screw Heads Power Tools Sets for Smart Home PC Phone Repair,1005008229798130,6月,Electric Screwdriver,21.02,$21.02
레노버 리전 Y700 2025 CN 안드로이드 패드 4세대 TB322FC 게이밍 태블릿 12/256GB 16/512GB 스냅드래곤 8 엘리트 8.8인치 165Hz 7600mAh 태블릿,1005010120015183,6月,12GB 256GB Black,339.47,$339.47
Edifier M60 Compact Desktop 2.0 Speakers Hi-Res Audio Wireless LDAC Bluetooth 5.3 USB-C AUX Inputs Support EQ Setting 66W RMS,1005007612849331,6月,White EU-Plug,74.24,$74.24
"Edifier QR65 액티브 모니터 데스크탑 블루투스 스피커, GaN 충전기 포함, 고해상도 LDAC 코덱, RCA Aux USB 입력, 조명 효과",1005006755305707,6月,White-EU Plug,160.99,$160.99
"Anker Laptop Power Bank, 25,000mAh Portable Charger with Triple 100W USB-C Ports for Multi-Device Charging For iPhone17",1005008753579553,6月,grey,56.39,$56.39
"메카닉 D80T 8.0X-80X 배율 삼안 실체 현미경, 마더보드 납땜 수리용 조절식 아이피스",1005012120952866,6月,80배,210.0,$210.00
MECHANIC AirNova SE 1000W 고출력 지능형 온도 조절 열풍기 휴대폰 BGA IC PCB 수리용 공구,1005012116344917,6月,,77.29,$77.29
FNIRSI HS-03 무선 납땜 인두 타입-C 무선 납땜 인두 키트 18650 배터리 충전식 휴대용 용접 수리 도구,1005012033986816,6月,HS-03,37.82,$37.82
오리지널 샤오미 미지아 다기능 휴대용 손전등 3100mAh IP65 방수 1000lm 비상등,1005011983083940,6月,1pc,12.24,$12.24
FNIRSI TDM-120/TDM-120P 멀티미터 열화상 적외선 카메라 테스터 AC 750V/DC 1000V 저항 정전용량 120x90 IR,1005011961948192,6月,TDM-120P,109.02,$109.02
가정용 야외 여행을 위한 새로운 휴대용 접이식 휴대용 선풍기 3600mAh 데스크탑 충전식 선풍기 100단 풍속 조절 가능 New Portable Folding Handheld Fan 3600mAh Desktop Rechargeable Fan 100-speed Wind Angle Adjustable for Home Outdoor Travel,1005011907506864,6月,Green,7.21,$7.21
Godox C30Bi/C30R Litemons LED 라이트 패널 경량 CRI94+ TLCI96+ 2800K-6500K 휴대용 포켓 필라이트 사진 촬영용,1005008666022901,6月,C30R,47.9,$47.90
"올인원 4K 프로젝터** – 듀얼 스크린 터치, 휴대용, 게임/가라오케, HDMI/USB, 무선 BT/WiFi, 완벽한 홈 시네마",1005010368996589,6月,GRAY,78.23,$78.23
"빅미 Bigme E-book Reader B6, 6-inch e-ink electronic book, 36-level front light, Android 14 OS built-in Google Play, 4+64GB ereader",1005009645730948,6月,B6 Black,123.98,$123.98
Baseus GaN 충전기 범용 여행용 어댑터 내장 70W 접이식 케이블 2AC 2 USB-A Type-C 고속 충전 EU/UK/USA/AUS,1005009205983512,6月,Black,23.85,$23.85
"미지아 휴대용 전기 히팅컵 2: 350ml, 6단계 온도 조절, 12시간 보온, 316L 스테인리스 스틸, 여행용",1005008769173559,6月,B Upgraded version,19.77,$19.77
코카콜라 전기 제빙기 다기능 자동 제빙기 가정용 주방 사무실 휴대용 제빙기,1005011943613862,6月,Ice maker,73.33,$73.33
오리지널 레노버 리전 Y700 5세대 TB323FU 게이밍 태블릿 스냅드래곤 8 엘리트 Gen5 8.8인치 3K 165Hz 디스플레이 9000mAh 안드로이드 패드 PC,1005012184800598,6月,12GB 256GB Black,420.05,$420.05
"Anker Nano Power Bank (5K, Slim)，5000mAh",1005010636749102,6月,White,30.75,$30.75
CN Rom 레노버 샤오신 패드 프로 GT 2025 태블릿 128/256GB 스냅드래곤 8 Gen3 11.1인치 144Hz 3.2K LCD 디스플레이 13MP 68W 충전 8860mAh,1005011701988321,6月,"Standard Discount, 8GB 256GB White",202.98,$202.98
Lofree FLOW2 Mechanical Keyboard Business Office Wireless Bluetooth Wired Quiet & Gentle Sound Compatible Mute Aluminum Lump,1005010450683174,6月,100Key Silver VOID,132.28,$132.28
"로지텍 G PRO X Superlight 2 SE 무선 게이밍 마우스, HERO 2 센서, 44000DPI, 888IPS, G 허브, Type-C 인터페이스",1005011703502630,6月,black7477,75.63,$75.63
"MX Master 4 Logitech Wireless Bluetooth Office Mouse, Dual Mode 8K Multi-Device Switching AI Smart Electromagnetic Scroll Wheel",1005011707972780,6月,MX Master 4 Black,100.55,$100.55
레노버 리전 Y700 2025 CN 안드로이드 패드 4세대 TB322FC 게이밍 태블릿 12/256GB 16/512GB 스냅드래곤 8 엘리트 8.8인치 165Hz 7600mAh 태블릿,1005010120015183,6月,12GB 256GB Black,339.47,$339.47
"AULA F108Pro/F108 Wireless Bluetooth tri-mode connection, multi-functional display, Gasket structure, RGB lighting effects",1005011698703994,6月,"Mocha Mousse, Caramel Latte switch",33.81,$33.81
Edifier M60 Compact Desktop 2.0 Speakers Hi-Res Audio Wireless LDAC Bluetooth 5.3 USB-C AUX Inputs Support EQ Setting 66W RMS,1005007612849331,6月,White EU-Plug,74.24,$74.24
UGREEN 100W GaN Charger With Smart Display For MacbookPro Laptop iPhone 17 16 Pro iPad Tablet Samsung QC4.0 PD 3.0 USB C Charger,1005006579895295,6月,KR 2M 100W Cable,30.39,$30.39
레이저 헌츠맨 V3 프로 텐키리스 8KHz 아날로그 광학 e스포츠 게이밍 컴퓨터 키보드 - 스냅 탭 - 트루 8000Hz 하이퍼폴링,1005012157570159,6月,V3 white,137.16,$137.16
레이저 바이퍼 V3 프로 경량 e스포츠 무선 마우스 (PC 게이머용),1005012159438861,6月,Viper V3 Pro White,110.06,$110.06
"Sensewide FH26 640x480 HyperIR 열화상 이미저, 3.2인치 디스플레이 및 2MP 카메라, 25Hz 64GB 열화상 카메라, HVAC, 전기용",1005011671710899,6月,,192.2,$192.20
"쇼크즈 오픈핏 2+ T921 오픈형 이어폰 돌비 오디오 무선 블루투스 이어폰, 듀얼부스트 기술 AI 노이즈 감소",1005009961437697,6月,T921 silver,107.79,$107.79
Baseus USB C 허브-DP 4K@60Hz HDMI DisplayPort 11-IN-1 도킹 스테이션 트리플 디스플레이 RJ45 PD 100W(창 Mac USB 3.1 허브용),1005006735483520,6月,11-in-1 for Windows,63.87,$63.87
"Edifier QR65 액티브 모니터 데스크탑 블루투스 스피커, GaN 충전기 포함, 고해상도 LDAC 코덱, RCA Aux USB 입력, 조명 효과",1005006755305707,6月,White-EU Plug,160.99,$160.99
"로지텍 MX 마스터 무선 블루투스 마우스, 하이 엔드 크로스 스크린 노트북, 3S",1005012340709649,6月,MX Master 3S black,56.52,$56.52
CN ROM 레노버 샤오신 패드 프로 13 2026 스냅드래곤 8s 4세대 LCD 화면 2.4K 3504*2190 해상도 13인치 144Hz 10200mAh 45W TB376FC,1005012376145506,6月,Gray 8 128,209.17,$209.17
CN ROM 레노버 샤오신 패드 프로 13 2026 스냅드래곤 8s 4세대 LCD 화면 2.4K 3504*2190 해상도 13인치 144Hz 10200mAh 45W TB376FC,1005012376145506,6月,8GB 128GB Grey,209.17,$209.17
오리지널 레노버 리전 Y700 5세대 TB323FU 게이밍 태블릿 스냅드래곤 8 엘리트 Gen5 8.8인치 3K 165Hz 디스플레이 9000mAh 안드로이드 패드 PC,1005012184800598,6月,"12G256G, Black",420.05,$420.05
UGREEN 100W GaN Charger With Smart Display For MacbookPro Laptop iPhone 17 16 Pro iPad Tablet Samsung QC4.0 PD 3.0 USB C Charger,1005011797591180,6月,GaN 100W- KR Plug,30.44,$30.44
"오리코 케이블랩 휴대용 여행용 멀티탭 65W GaN 고속 충전 스테이션 (AC 콘센트 2개, USB 2개, 타입-C 2개, EU 플러그 어댑터 포함)",1005010535422829,6月,EU plug Black|EU plug White|EU plug Purple|EU plug Blue,16.87,$16.87
"빅미 Bigme E-book Reader B6, 6-inch e-ink electronic book, 36-level front light, Android 14 OS built-in Google Play, 4+64GB ereader",1005009645730948,6月,B6 Black|B6 White|B6 Green,123.98,$123.98
"빅미 B7 전자책 리더, 8+128GB, 7인치 E-잉크 종이같은 전자책 리더, 안드로이드 14 OS, 구글 플레이 지원, 눈에 편한 전자책, 4G 통화 기능",1005008927106712,6月,B7White-8 and 128GB|B7Green-8 and 128GB,205.93,$205.93
TELESIN 자기 휴대 전화 바닥 스탠드 캔틸레버 라이브 방송 태블릿 브래킷 리프팅 브래킷 범용 휴대 전화 홀더,1005007706987062,6月,Phone Floor Stand,16.57,$16.57
"8BitDo 레트로 큐브 2 스피커, 휴대용 블루투스 스테레오 스피커, 무선 충전 도크, 블루투스 5.3/2.4G/유선",1005011847730981,6月,单一SKU,31.79,$31.79
"Mijia 스마트 인버터 순환 팬 프로 BPLDS20DM, 저소음, 앱 제어, 타입-C 휴대용 전원 공급 장치, 무료 EPP 보관함",1005012264571808,6月,BPLDS20DM,60.55,$60.55
ORICO 휴대용 고속 냉각 핸드헬드 팬 3000mAh 충전식 120 풍속 조절 가능 미니 접이식 에어 TEC 냉각,1005012093971495,6月,With TEC Cooling,14.14,$14.14
베이스어스 인스파이어 XC1 사운드 바이 보스 이어클립 무선 이어버드 블루투스 6.1 오픈형 이어폰 귀걸이형 4-마이크 클립온 이어버드,1005011774262618,6月,Natural Titanium,60.29,$60.29
베이스어스 MC1 Pro 베이스어스 보위 이어 클립 무선 이어폰 블루투스 6.0 하이레졸 울트라 오픈형 이어버드 귀걸이 4-마이크 ENC 클립온 이어버드 헤드폰 클립형 이어폰,1005010724623265,6月,Black,22.09,$22.09
HOMFISH 220V 전기 신발 장갑 건조기 탈취기 히터 모자 양말 신발 건조기 EU 플러그,1005010529953095,6月,,7.06,$7.06
QCY Crossky C50 오픈 이어 무선 이어버드 블루투스 6.0 컴포트 클립온 이어폰 4 마이크 AI 클리어 콜 베이스 부스트 헤드폰 35시간 재생 시간 스포츠 러닝용,1005009084986255,6月,WHITE,20.1,$20.10
KAILAS 2026 FUGA Wing 8L 유니섹스 여행 마라톤 트레일 러닝 하이킹 사이클링 백팩(듀얼 소프트 물병 포함) KA2654004,1005012149685069,6月,Ore Black M 17155,187.32,$187.32
QIAODAN Feiying Plaid 3 카본 플레이트 남성 운동화 2026 마라톤 레이싱 스니커즈 리바운드 쿠션 운동화 QDB023262290,1005011888839336,6月,Yellow Orange,127.91,$127.91
Li-Ning Men's RED HARE 9 PRO Racing Running Shoes BOOM Cushion Rebound Breathable Reflective LiNing Stable Sneakers ARPW001,1005010776524555,6月,"ARPW001-19H,41",50.99,$50.99
Li-Ning Men's RED HARE 9 Racing Running Shoes LIGHT FOAM ULTRA Breathable Durability Anti-slip LiNing Training Sneakers ARPW003,1005010758608738,6月,"ARPW003-5H,41",28.04,$28.04
Xtep Shyft PRO 남성용 전투용 속건성 야외 전문 마라톤 신발 두꺼운 밑창 쿠셔닝 스니커즈 874119110039,1005011887468023,6月,"Orange,41",72.36,$72.36
Xtep Shyft PRO 남성용 전투용 속건성 야외 전문 마라톤 신발 두꺼운 밑창 쿠셔닝 스니커즈 874119110039,1005011887468023,6月,"Red,41",72.36,$72.36
Xtep 원피스 모델링 5.0 소프트 쿠셔닝 솔 컴뱃 논슬립 내구성 지원 남성용 러닝화 874219110036,1005011789640847,6月,Orange Blue Green,57.38,$57.38
Li-Ning 유니섹스 FEIDIAN 6 ULTRA 레이싱 러닝화 SUPER BOOM LiNing CARBON-FIBER PLATE 전문 운동화 ARMW005,1005012205539660,6月,ARMW005-8H,279.79,$279.79
XTEP 2000km PRO 남성용 러닝화 2026 봄 소프트 내구성 안정성 편안함 경량 남성 스포츠 스니커즈 874219110026,1005011540938142,6月,White Red,54.09,$54.09
[오사코 슈구루 스타일] Li-Ning 유니섹스 FEIDIAN 6 ELITE 레이싱 런닝화 LiNing CARBON PLATE 프로 스포츠 슈즈 ARMW001,1005012208476451,6月,ARMW001-7H,165.39,$165.39
"쇼크즈 오픈핏 2+ T921 오픈형 이어폰 돌비 오디오 무선 블루투스 이어폰, 듀얼부스트 기술 AI 노이즈 감소",1005009961437697,6月,T921 White,107.79,$107.79
Li-Ning 남성용 FEIDIAN 5 CHALLENGER 레이싱 런닝화 슈퍼 붐 쿠션 카본 파이버 플레이트 LiNing 스니커즈 ARMV001 ARMW003,1005009579626863,6月,ARMV001-28，41,58.2,$58.20
KAILAS 2026 Brand New FUGA EX3 Trail Running Shoes Lightweight Athletic Anti-slip Breathable Mountain Running Shoe KS2613132,1005011642352388,6月,"Original Blue 19242,41",129.83,$129.83
KAILAS Fuga Brand New EX330 Trail Running Shoes Unisex Outdoor Sport Arch Support Breathable Lightweight Sneakers KS2533155,1005012148432088,6月,Men FUGA Orange，41,174.05,$174.05
Li-Ning 남성용 FEIDIAN 6 챌린저 레이싱 런닝화 슈퍼 붐 경량 반사 라이닝 경쟁 운동화 ARMW003,1005010777045952,6月,ARMW003-6H,69.0,$69.00
Li-Ning 남성용 YUEYING 5 와이드 토 박스가 있는 최적화된 쿠션 런닝화 TEMPO BOUNSE 반사 리닝 스니커즈 ARHV015 ARHW003,1005009095399659,6月,ARHV015-1,33.0,$33.00
Li-Ning 남성용 SOFT GO 2 니트 슬립온 캐주얼 워킹 슈즈 쿠션 편안하고 안정적인 LiNing 메쉬 조깅 데일리 스포츠 스니커즈 AGLV017,1005007546331498,6月,AGLV017-2,26.0,$26.00
MIYOO Mini Flip Retro Handheld Game Console With New Hinge 2.8''IPS Screen Portable Video Game Consoles Classic Gaming Emulator,1005010248688318,6月,"White 64G,64G",48.8,$48.80
MIYOO Mini Flip Retro Handheld Game Console With New Hinge 2.8''IPS Screen Portable Video Game Consoles Classic Gaming Emulator,1005010248688318,6月,"Black 64G,64G",47.04,$47.04
MIYOO Mini Flip Retro Handheld Game Console With New Hinge 2.8''IPS Screen Portable Video Game Consoles Classic Gaming Emulator,1005010248688318,6月,"Grey 64G,64G",48.8,$48.80
MIYOO Mini Flip Retro Handheld Game Console With New Hinge 2.8''IPS Screen Portable Video Game Consoles Classic Gaming Emulator,1005010248688318,6月,"Yellow 64G,64G",48.8,$48.80
MIYOO Mini Flip Retro Handheld Game Console With New Hinge 2.8''IPS Screen Portable Video Game Consoles Classic Gaming Emulator,1005010248688318,6月,"Pink 64G,64G",47.0,$47.00
ANBERNIC RG 476H Retro Game Console 4.7-inch LTPS In-Cell display Android 13 Unisoc T820 Processor Video Games RG476H Streaming,1005007321827444,6月,"Black,China Mainland,128G(4K Games)",161.78,$161.78
ANBERNIC RG 476H Retro Game Console 4.7-inch LTPS In-Cell display Android 13 Unisoc T820 Processor Video Games RG476H Streaming,1005007321827444,6月,"Indigo,China Mainland,128G(4K Games)",161.78,$161.78
ANBERNIC RG 476H Retro Game Console 4.7-inch LTPS In-Cell display Android 13 Unisoc T820 Processor Video Games RG476H Streaming,1005007321827444,6月,"Retro Grey,China Mainland,128G(4K Games)",161.78,$161.78
NYXI 하이페리온 3 무선 조이패드 (스위치 2용),1005011886418582,6月,Black,50.17,$50.17
베이스어스 200W 25000mAh 보조배터리 듀얼 리트랙터블 USB-C 케이블 4개 기기 고속 충전 휴대용 외장 배터리 충전기 (노트북용),1005011853488285,6月,200W 25000mAh Grey,56.81,$56.81
CN ROM 레노버 샤오신 패드 프로 13 2026 스냅드래곤 8s 4세대 LCD 화면 2.4K 3504*2190 해상도 13인치 144Hz 10200mAh 45W TB376FC,1005012376145506,6月,8GB 128GB Grey,209.17,$209.17
CN Rom 레노버 샤오신 패드 프로 GT 2025 태블릿 128/256GB 스냅드래곤 8 Gen3 11.1인치 144Hz 3.2K LCD 디스플레이 13MP 68W 충전 8860mAh,1005011701988321,6月,8GB 256GB Grey,202.98,$202.98
ASOMETECH 300W GaN USB 충전기 스테이션 LED 디스플레이 접이식 타입 C 케이블 100W 65W PD3.0 PPS Macbook 삼성용 고속 충전기,1005012089647708,6月,,31.91,$31.91
"Anbernic RG DS Handheld Game Console 4"" IPS Dual Screen Android 4000mAh Flip Video Games Player Supports RixelHK Wifi Streaming",1005010232339591,6月,"Turquoise Blue, Standard (No Games)",86.26,$86.26
"Anbernic RG DS Handheld Game Console 4"" IPS Dual Screen Android 4000mAh Flip Video Games Player Supports RixelHK Wifi Streaming",1005010232339591,6月,"Red Black, Standard (No Games)",86.26,$86.26
레노버 리전 Y700 2025 CN 안드로이드 패드 4세대 TB322FC 게이밍 태블릿 12/256GB 16/512GB 스냅드래곤 8 엘리트 8.8인치 165Hz 7600mAh 태블릿,1005010120015183,6月,16G 512G Black,385.88,$385.88
Brushless motor large capacity portable charging folding lipstick mini handheld/neck hanging small fan,1005011830321215,6月,Grey,8.41,$8.41
Brushless motor large capacity portable charging folding lipstick mini handheld/neck hanging small fan,1005011830321215,6月,Purple,8.66,$8.66
트위스투라 델타 하이파이 헤드폰 듀얼 마그네틱 회로 듀얼 챔버 음향 구조 컨버터블 저지연 게이밍 헤드셋,1005012156391607,6月,3.5 With Mic,24.49,$24.49
TRI TK3 DAC/AMP 다기능 휴대용 블루투스 디코딩 헤드폰 앰프 USB/블루투스/동축/SPDIF 입력 디코더,1005012152162091,6月,TK3,294.0,$294.00
Celest PhoenixCall II 2DD +2BA(노울스) +2FPD 업그레이드된 HiFi 인이어 헤드폰 전환 가능 케이블 3.5mm+4.4mm,1005011839489033,6月,Black-gold,124.3,$124.30
CrinEar Protocol Max 휴대용 USB 전원 DAC-앰프 듀얼 Cirrus Logic CS43198 DAC 칩 탑재,1005010113810543,6月,Protocol Max,72.49,$72.49
7artisans AF 25mm 35mm 50mm F1.8 APS-C 자동 초점 대구경 프라임 렌즈 LITE 시리즈 (소니 E A7C II A6700 후지 XF XT-5 XT-50 용),1005009533137344,6月,AF 50mm F1.8,145.0,$145.00
7artisans AF 25mm 35mm 50mm F1.8 APS-C 자동 초점 대구경 프라임 렌즈 LITE 시리즈 (소니 E A7C II A6700 후지 XF XT-5 XT-50 용),1005011755791979,6月,AF 25mm F1.8,81.0,$81.00
7artisans AF 25mm 35mm 50mm F1.8 APS-C 자동 초점 대구경 프라임 렌즈 LITE 시리즈 (소니 E A7C II A6700 후지 XF XT-5 XT-50 용),1005011755791979,6月,AF 35mm F1.8,81.0,$81.00
7artisans AF 25mm 35mm 50mm F1.8 APS-C 자동 초점 대구경 프라임 렌즈 LITE 시리즈 (소니 E A7C II A6700 후지 XF XT-5 XT-50 용),1005011755791979,6月,AF 50mm F1.8,81.0,$81.00
피온레이 7/10인치 안드로이드 오토 유니버설 휴대용 카플레이 차량용 스크린 카 라디오 비디오 무선 카플레이 스크린 애플용,1005009949632139,6月,10.26 no rear Cam,24.26,$24.26
"DOTWISE 전기 공기 펌프 브러시리스 모터 무선 팽창기 공기 압축기 고 유량, 소형 공기 매트 카약 패들용",1005009605276318,6月,119P,22.91,$22.91
"DOTWISE 22PSI 야외 캠핑 펌프 (에어 매트리스, 카약 패들, 에어 텐트용) 고유량 무선 전동 SUP 공기 주입 펌프",1005010529382511,6月,22psi Black Pump,38.64,$38.64
"FLEXTAIL TINY PUMP 3X - 5kPa 초경량 휴대용 에어 펌프, 5가지 모드 캠핑 조명, 캠핑, 여행 및 수상 스포츠용 다용도",1005011617431929,6月,White,19.28,$19.28
"XIAOMI MIJIA 샤오미 미지아 경량 진공 청소기 22,000Pa 흡입력, 2가지 청소 모드, 세척 가능한 액세서리, 타입-C 40분 작동, 중국 버전",1005010559651951,6月,,44.11,$44.11
Lofree FLOW2 Mechanical Keyboard Business Office Wireless Bluetooth Wired Quiet & Gentle Sound Compatible Mute Aluminum Lump,1005010450683174,6月,68Key Silver SURFER,84.52,$84.52
새로운 MIJIA 자동차 진공 청소기 MJXCQ01QW 21kPa 흡입력 150mL 먼지통 2400mAh 배터리 세척 가능한 필터 요소 자동차 청소용,1005010157020393,6月,Car Cleaner,35.82,$35.82
"8BitDo 레트로 R8 마우스 (PAW 3395 광학 센서, DPI 26K, 무선 4K 폴링 마우스, 충전 도크 포함) - N 에디션",1005009621922753,6月,,31.81,$31.81
차량용 휴대폰 거치대 15W 마그네틱 무선 충전기 MagSafe 호환 테슬라 모델 Y 3 하이랜드 런치 주니퍼 2026,1005006979196068,6月,RGB,12.95,$12.95
"미지아 무선 써큘레이터 선풍기5세대  4종 송풍모드,4방향 자동회전,온습도 감지 센서, 돼지코 포함 BPLDS05DM",1005008788865424,6月,BPLDS05DM,72.96,$72.96
For Tesla Model 3 Model Y 2017-2025 Inflatable Air Mattress Outdoor Camping Inflatable Special Suede Fabric Car Travel Bed,1005007644027194,6月,Model Y black,41.02,$41.02
For Tesla Model 3 Model Y 2017-2025 Inflatable Air Mattress Outdoor Camping Inflatable Special Suede Fabric Car Travel Bed,1005007644027194,6月,Model Y grey,42.23,$42.23
"ETENWOLF ZEPHYR S3C Portable Air Compressor 100% Duty Cycle Car Tire Inflator 7800mAh for Cars, Motorcycles, Bicycles Balls",1005008295800556,6月,S3se orange,25.67,$25.67
Xiaomi Mijia 도구 상자 가정용 휴대용 다기능 보관 상자 펜치 렌치 스크루 드라이버 테이프 측정 조합 도구 세트,1005008078401968,6月,Black,41.78,$41.78
마그큐빅 네이티브 1080P 650ANSI 8K 안드로이드 14 L018 360 °   프로젝터 자동 키스톤 포커스 에어 마우스 Wifi6 BT5.4 휴대용 야외용,1005007920318922,6月,White,53.68,$53.68
"MIJIA 진공 밀봉기, 70Kpa 식품 진공 밀봉기 보존 건식/습식 모드, 220V 무료 진공 백 10개 포함",1005007794142010,6月,EU Adapter,29.84,$29.84
Militado手表,1005009967001165,6月,Super C3/BGW9,88.54,$88.54
"레노버 샤오신 프로 GT13 2026 3.5k 태블릿 스냅드래곤 8세대 엘리트, 144Hz 리프레시 레이트, 12000mAh 배터리 (업무 및 엔터테인먼트용)",1005012137269811,6月,Gray 8 256,315.18,$315.18
CN ROM 레노버 샤오신 패드 프로 13 2026 스냅드래곤 8s 4세대 LCD 화면 2.4K 3504*2190 해상도 13인치 144Hz 10200mAh 45W TB376FC,1005012376145506,6月,Gray 8 128,209.17,$209.17
CN Rom 레노버 샤오신 패드 프로 GT 2025 태블릿 128/256GB 스냅드래곤 8 Gen3 11.1인치 144Hz 3.2K LCD 디스플레이 13MP 68W 충전 8860mAh,1005011701988321,6月,8GB 256GB Grey,202.98,$202.98
레노버 리전 Y700 2025 CN 안드로이드 패드 4세대 TB322FC 게이밍 태블릿 12/256GB 16/512GB 스냅드래곤 8 엘리트 8.8인치 165Hz 7600mAh 태블릿,1005010120015183,6月,12GB 256GB Black,339.47,$339.47
로지텍 G PRO X SUPERLIGHT 2 무선 게이밍 마우스 G PRO X 2 32000 DPI 5개 프로그래밍 버튼 PC/Mac용 신형 HERO 2K 센서,1005012180115244,6月,Pink,86.72,$86.72
"ZEUSLAP 16"" 2.5K 144hz Portable Monitor 2560*1600 16:10 100%sRGB 500Cd/m²  Travel Gaming Display for Laptop Switch ps4 ps5 Xbox",1005006960961910,6月,black,114.14,$114.14
"MX Master 4 Logitech Wireless Bluetooth Office Mouse, Dual Mode 8K Multi-Device Switching AI Smart Electromagnetic Scroll Wheel",1005011707972780,6月,MX Master 4 Black,100.55,$100.55
글로벌롬 레노버 샤오신 패드 11 2025 탭 128GB 256GB 디멘시티 6300 11인치 2.5K 스크린 7040mAh 와이파이 안드로이드 패드 구글 플레이 태블릿,1005011701489651,6月, 6G 128G Grey,100.55,$100.55
"ZEUSLAP 16"" 2.5K 144hz Portable Monitor 2560*1600 16:10 100%sRGB 500Cd/m²  Travel Gaming Display for Laptop Switch ps4 ps5 Xbox",1005006384112217,6月,-,92.43,$92.43
오리지널 레노버 리전 Y700 5세대 TB323FU 게이밍 태블릿 스냅드래곤 8 엘리트 Gen5 8.8인치 3K 165Hz 디스플레이 9000mAh 안드로이드 패드 PC,1005012184800598,6月,12GB 256GB Black,420.05,$420.05
AULA F87 Pro 가스켓 게임용 기계식 키보드 75% TKL 레이아웃 무선 핫 스왑 RGB 맞춤형 Bluetooth 키보드 2024 새로운 색상,1005007614925149,6月,"Wilderness oasis, Graywood V3 Switch",28.33,$28.33
"Rapoo VT2 MAX 무선 e스포츠 게이밍 마우스, 8K 폴링 레이트 광학 센서, 인체공학적 디자인, 53g 경량, PC 노트북용",1005009782950290,6月,VT2 MAX 8K White P5,36.41,$36.41
신제품 라포 VT0 에어 맥스 PAW3950 게이밍 마우스 2.4g 무선 8K 39g 경량 맞춤형 인체공학적 고성능 e스포츠 마우스 선물,1005011667770571,6月,Blue VT0 Air MAX P5,35.36,$35.36
오리지널 로지텍 G304X LIGHTSPEED 무선 마우스 e스포츠 게이밍 마우스 PC 게이머용 경량 57g 게이밍 액세서리 선물,1005012130798082,6月,하얀색,25.31,$25.31
"GMKtec K12 Gaming Mini PC AMD Ryzen 7 H 255(Upgraded 8745HS) Desktop Mini Computers Radeon 780M WiFi 6E/BT5.2, USB-C,  Barebone",1005009835919350,6月,"AMD Ryzen 7 H 255, No Ram No Storage",195.06,$195.06
Edifier M90 Bi-amped 2.0 Speaker Compact Design Bluetooth V6.0 LDAC Hi-Res Audio Wireless Speaker with Remote 100W RMS,1005011600003372,6月,White/black,106.94,$106.94
"UPERFECT UColor J1 4K 터치스크린 휴대용 감시자 15.7"" 3840x2160 IPS 노트북은 스피커를 가진 스크린 350Nits 1200:1 USB C HDMI 컴퓨터 PC 게임 디스플레이를 확장하고 PC 전화 PS4/5를 위한 대기 여행 감시자",1005012076690894,6月,Black,101.0,$101.00
CN Rom 레노버 샤오신 패드 프로 GT 2025 태블릿 128/256GB 스냅드래곤 8 Gen3 11.1인치 144Hz 3.2K LCD 디스플레이 13MP 68W 충전 8860mAh,1005011701988321,6月,8G 256GB Gray,202.98,$202.98
Worx 4V Electrical Screwdriver Sets WX242 Smart Cordless Electric Screwdrivers SDS Chuck USB Rechargeable 30 Bit Sets,1005006025572712,6月,WX242,21.98,$21.98
AULA F87 Pro 가스켓 게임용 기계식 키보드 75% TKL 레이아웃 무선 핫 스왑 RGB 맞춤형 Bluetooth 키보드 2024 새로운 색상,1005007614925149,6月,"Wilderness oasis, Graywood V3 Switch",28.33,$28.33
JONR Robot Vacuum P20 Pro International Edition Mopping Vacuuming Dushing Wipes Automatic Cleaning Dust Collecting Drainage Water,1005010178835114,6月,P20 Pro,123.03,$123.03
플랩슨 초슬림 선풍기 유무선겸용 샤오미 앱 연동 BLDC모터 탑재 가정용 스탠드형 리모컨 포함,1005012008843986,6月,-,59.56,"81,000"
Divoom MiniToo Retro Bluetooth Speaker Portable Pixel Display Music Box Retro Computer Style Speaker Gift,1005010519847136,6月,베이지-스피커,39.99,$39.99
【New Sale】Baseus 100W Charger Fast Charger For iPhone 17 16 Xiaomi Samsung Laptop Tablet Charger PD Charger USB Phone Charger,1005010627780404,6月,"EU Plug Black,China Mainland",24.79,$24.79
"빅미 Bigme E-book Reader B6, 6-inch e-ink electronic book, 36-level front light, Android 14 OS built-in Google Play, 4+64GB ereader",1005009645730948,6月,B6 Black,123.98,$123.98
"QCY MeloBuds N70 ANC 무선 이어버드, 블루투스 6.0, 적응형 노이즈 캔슬링, LDAC, 고해상도 오디오, 6개 마이크, ENC 이어폰, 50시간 재생, 무선 충전, 헤드폰, 인이어 감지",1005009361746399,6月,TIGOLD,30.59,$30.59
QCY Crossky C50 오픈 이어 무선 이어버드 블루투스 6.0 컴포트 클립온 이어폰 4 마이크 AI 클리어 콜 베이스 부스트 헤드폰 35시간 재생 시간 스포츠 러닝용,1005009084986255,6月,WHITE,20.1,$20.10
Edifier M90 Bi-amped 2.0 Speaker Compact Design Bluetooth V6.0 LDAC Hi-Res Audio Wireless Speaker with Remote 100W RMS,1005011600003372,6月,White/black,106.94,$106.94
UGREEN 12-in-1 USB 허브 Type-C to 2HDMI 4K120Hz DP USB3.2 10Gbps SD/TF RJ45 PD100W 맥북 델 HP 노트북 액세서리 도킹 스테이션,1005009100871797,6月,12-in-1 2HDMI 1DP,32.67,$32.67
Edifier M90 Bi-amped 2.0 Speaker Compact Design Bluetooth V6.0 LDAC Hi-Res Audio Wireless Speaker with Remote 100W RMS,1005011600003372,6月,White/black,106.94,$106.94
베이스어스 3 in 1 마그네틱 무선 충전기 Qi2.2 25W 고속 충전 아이폰 17 16 15 14 애플워치 이어버드 에어팟 프로 iWatch용,1005009911629200,6月,Without Charger,31.55,$31.55
【New Sale】Baseus 100W Charger Fast Charger For iPhone 17 16 Xiaomi Samsung Laptop Tablet Charger PD Charger USB Phone Charger,1005010627780404,6月,"EU Plug Black,China Mainland",24.79,$24.79
유그린 울트라 슬림 30W 10000mAh 파워뱅크 마그네틱 무선 충전 내장 케이블 파워뱅크 (아이폰 17 프로 맥스용 MagSafe 호환),1005007906808218,6月,Blue,38.41,$38.41
JONR Robot Vacuum P20 Pro International Edition Mopping Vacuuming Dushing Wipes Automatic Cleaning Dust Collecting Drainage Water,1005010178835114,6月,P20 Pro,123.03,$123.03
"UPERFECT 4K 휴대용 모니터 16인치 3840x2400 IPS 노트북 확장형 화면 1200니트 USB-C HDMI 컴퓨터 PC 게임 디스플레이 스피커 및 스마트 커버 포함 여행용 모니터 PC, 휴대폰, PS5/4, Xbox, 스위치, 스팀 덱",1005009173829374,6月,-,104.21,$104.21
MCHOSE ACE68 V2 게이밍 키보드 0.001mm 8KHz 폴링 레이트 256k 스캔 레이트 0.008ms 초저지연 유선 TTC 홀 센서 키보드,1005012047729328,6月,Fog W HUANO Switch,39.05,$39.05
AULA F87 Pro 가스켓 게임용 기계식 키보드 75% TKL 레이아웃 무선 핫 스왑 RGB 맞춤형 Bluetooth 키보드 2024 새로운 색상,1005007614925149,6月,"Wilderness oasis, Graywood V3 Switch",28.33,$28.33
"로지텍 MX 마스터 무선 블루투스 마우스, 하이 엔드 크로스 스크린 노트북, 3S",1005012340709649,6月,MX Master 3S black,56.52,$56.52
LINGBAO K108pro 기계식 키보드 트라이 모드 한국어 문자 마카롱 색상 PBT 키캡 10000mAh 대용량 배터리 컴퓨터용 PC용,1005010226268822,6月,Red Rabbit,36.35,$36.35
"ZEUSLAP 16"" 2.5K 144hz Portable Monitor 2560*1600 16:10 100%sRGB 500Cd/m²  Travel Gaming Display for Laptop Switch ps4 ps5 Xbox",1005006960961910,6月,black,114.14,$114.14
UGREEN 12-in-1 USB 허브 Type-C to 2HDMI 4K120Hz DP USB3.2 10Gbps SD/TF RJ45 PD100W 맥북 델 HP 노트북 액세서리 도킹 스테이션,1005007462882759,6月,6-in-1 HDMI,11.67,$11.67
Lofree FLOW2 Mechanical Keyboard Business Office Wireless Bluetooth Wired Quiet & Gentle Sound Compatible Mute Aluminum Lump,1005010450683174,6月,100Key Grey PULSE,120.2,$120.20
"AULA F108Pro/F108 Wireless Bluetooth tri-mode connection, multi-functional display, Gasket structure, RGB lighting effects",1005011698703994,6月,"Mocha Mousse, Caramel Latte switch",33.82,$33.82
로지텍 G PRO X SUPERLIGHT 2 무선 게이밍 마우스 G PRO X 2 32000 DPI 5개 프로그래밍 버튼 PC/Mac용 신형 HERO 2K 센서,1005012180115244,6月,Pink,86.72,$86.72
"AMD Ryzen 5 5500X3D 6코어/12스레드 프로세서: 96MB L3 3D V-Cache 기술, 3.0-4.0GHz, 105W TDP, AM4 소켓 - 팬 없음 e스포츠용 조립 - e스포츠 빌드",1005009474947755,6月,-,138.38,$138.38
"레노버 샤오신 프로 GT13 2026 3.5k 태블릿 스냅드래곤 8세대 엘리트, 144Hz 리프레시 레이트, 12000mAh 배터리 (업무 및 엔터테인먼트용)",1005012137269811,6月,Gray 8 256,315.18,$315.18
CN ROM 레노버 샤오신 패드 프로 13 2026 스냅드래곤 8s 4세대 LCD 화면 2.4K 3504*2190 해상도 13인치 144Hz 10200mAh 45W TB376FC,1005012376145506,6月,Gray 8 128,209.17,$209.17
CN Rom 레노버 샤오신 패드 프로 GT 2025 태블릿 128/256GB 스냅드래곤 8 Gen3 11.1인치 144Hz 3.2K LCD 디스플레이 13MP 68W 충전 8860mAh,1005011701988321,6月,8G 256GB Gray,202.98,$202.98
레노버 리전 Y700 2025 CN 안드로이드 패드 4세대 TB322FC 게이밍 태블릿 12/256GB 16/512GB 스냅드래곤 8 엘리트 8.8인치 165Hz 7600mAh 태블릿,1005010120015183,6月,12GB 256GB Black,339.47,$339.47
케이블타임 마그네틱 PD240W pd3.1 케이블 USB C to USB C 고속 충전 어댑터 타입 C to C 전원 공급 케이블 (폰 16 15 Pro Max 아이패드 맥스용),1005008107946476,8月,3PC/Black / 1m,12.29,12.286
투키 PD 100W USB 접이식 케이블 C타입 to C타입 고속 충전 케이블 (아이폰 15 16 Pro Max 샤오미12 13 삼성 S23 S24 호환),1005009466301312,8月,3pcs 100W Cable,7.69,7.69
QCY MeloBuds A30,1005012071661126,8月,Black /Golden,20.26,20.2605
QCY Crossky C50 오픈 이어 무선 이어버드 블루투스 6.0 컴포트 클립온 이어폰 4 마이크 AI 클리어 콜 베이스 부스트 헤드폰 35시간 재생 시간 스포츠 러닝용,1005009084986255,8月,White/Black,22.69,22.6865
"QCY MeloBuds N70 ANC 무선 이어버드, 블루투스 6.0, 적응형 노이즈 캔슬링, LDAC, 고해상도 오디오, 6개 마이크, ENC 이어폰, 50시간 재생, 무선 충전, 헤드폰, 인이어 감지",1005009361746399,8月, Black,32.89,32.8915
Original SHOKZ OpenFit 2+ T921 Open-back Headphones Ear-hook Dolby Audio Wireless Charging Bluetooth Earphones Running Earbuds,1005012081403019,8月, Black,100.22,100.22
기존 SHOKZ OpenRun Pro 2 S820 S821mini 블루투스 이어폰 IP55 방수 골전도 헤드폰 음악 스포츠 이어 버드,1005008561939766,8月,S820 Black ,102.89,102.885
기존 SHOKZ OpenRun Pro 2 S820 S821mini 블루투스 이어폰 IP55 방수 골전도 헤드폰 음악 스포츠 이어 버드,1005008561939766,8月,S821 Mini Black ,102.89,102.885
ALLDOCUBE iPlay 80 mini Pro Tablet 8.4'' 90Hz UNISOC T7300 16GB( 8GB+8GB Virtual) RAM 128GB ROM Android 16 6050mAh 4G LTE Tablet,1005012132146352,8月,90Only Tablet | EU,102.46,102.46
테클라스트 T65 태블릿 13.4인치 2K 120Hz 디스플레이 유니소크 T7280 옥타 코어 최대 26GB 램 128GB 롬 8000mAh 배터리 안드로이드 16 LTE 태블릿 6月报价141.12，到手价$110.89,1005010026558666,8月,6GB + 128GB LTE / Official Standard,107.06,107.064
"Lenovo Legion Y900 13 Inch AI Tablet PC, Snapdragon 8 Elite, 144Hz 4K HD Display, Gaming & Office Learning Tablet, High Performa",1005012360565223,8月,8GB + 256GB /black,338.35,338.352
Beelink Mini S13,1005004260803924,8月,N150 / 12GB / 512GB / 2.5G LAN,285.95,285.95
Ajazz AK820/AK820Pro Gaming Mechanical Keyboard Bluetooth 5.1/Wireless/C-Wired Customized Keyboard with Knob Hot Swapping Gasket,1005007135778855,8月,AK820 - Black,14.75,14.7522222222222
디붐 미니투 레트로 블루투스 스피커 휴대용 픽셀 디스플레이 뮤직 박스 레트로 컴퓨터 스타일 스피커 선물,1005010118451740,8月,베이지,38.22,38.215
70W GaN 고속 충전기,1005009911807424,8月,KR Plug,14.44,14.4355555555555
Baseus Qi2.2 Magnetic Power Bank 30W USB-C & 25W Wireless Charging 10000mAh Card-Slim NFC Battery Monitoring for iPhone Samsung,1005012526914062,8月,30W Qi2.2,31.04,31.0405
"Baseus 25,000mAh 145W 보조배터리",1005010524759727,8月,Black,32.17,32.1745
Baseus GaN 충전기 범용 여행용 어댑터 내장 70W 접이식 케이블 2AC 2 USB-A Type-C 고속 충전 EU/UK/USA/AUS,1005009205983512,8月, Black,23.07,23.075
CROSSGUN Jet Turbo King Kong Jetfan Strong Fan Portable Handheld With LED Lighting Dust Elimination Computer hurricane storm X3,1005007781344048,8月,Type-C Charge,19.68,19.6791111111111
Worx 4V Electrical Screwdriver Sets WX242 Smart Cordless Electric Screwdrivers SDS Chuck USB Rechargeable 30 Bit Sets,1005006025572712,8月, WX242,21.56,21.5555
"UWANT M500 청소기는 강력한 흡입력, 진드기 제거 기능, UVC 살균 기능을 갖추고 있으며, 먼지와 진드기를 감지하는 스마트 센서와 열풍 건조 기능도 탑재되어 있습니다",1005008985120898,8月,White,28.53,28.5283703703704
JONR Robot Vacuum P20 Pro International Edition Mopping Vacuuming Dushing Wipes Automatic Cleaning Dust Collecting Drainage Water,1005010178835114,8月,P20 Pro,119.97,119.968518518519
"JONR VC12 Pro 무선 진공 청소기+클린 스테이션 자동 먼지 청소, 자동 충전",1005009844469679,8月,KR,79.05,79.05
Ulanzi MA60 접이식 마그네틱 전화 삼각대 0.8cm 데스크탑 스탠드 용 초슬림 양면 자석 전화 삼각대 라이브 스트리밍 Vlog,1005009673749675,8月,全部sku,13.59,13.5905
"Anker Zolo 10,000mAh 22.5W 보조배터리",1005010451487923,8月,Black,13.37,13.3685
UGREEN 145W 20000mAh 보조베터리 맥세이프 Qi2 15W 자기 무선 보조베터리 스테이션 유그린 PD3.1 노트북 100W 고속충전 고속 충전용 외장 배터리 대용량 맥세이프 충전기,1005006713514328,8月,"black, white",24.02,24.025
UGREEN 45W 보조 배터리 10000mAh,1005012536396468,8月,black,31.08,31.0795
【CCC 인증】UGREEN Nexode Pro 200W 25000mAh 보조배터리 접이식 케이블 노트북 고속 충전용 휴대용 PD 외부 배터리 보조 배터리 배송은 10~18일 이내에 이루어집니다.,1005008249818662,8月,200W,54.51,54.5145
"앵커 마그고 3-in-1 충전 스테이션 Qi2 인증 15W 맥세이프 호환 무선 충전기 스탠드, 애플 워치 충전기/아이폰 17",1005006367536232,8月,Black,34.65,34.6525
"QCY MeloBuds N70 ANC 무선 이어버드, 블루투스 6.0, 적응형 노이즈 캔슬링, LDAC, 고해상도 오디오, 6개 마이크, ENC 이어폰, 50시간 재생, 무선 충전, 헤드폰, 인이어 감지",1005009361746399,8月,Black ,32.89,32.8915
베이스어스 MC1 Pro 베이스어스 보위 이어 클립 무선 이어폰 블루투스 6.0 하이레졸 울트라 오픈형 이어버드 귀걸이 4-마이크 ENC 클립온 이어버드 헤드폰 클립형 이어폰,1005010724623265,8月,Black,21.49,21.4905
Anker Soundcore Sleep A20,1005010254382293,8月,Slumber Beige,46.52,46.5175
AULA F87 Pro 가스켓 게임용 기계식 키보드 75% TKL 레이아웃 무선 핫 스왑 RGB 맞춤형 Bluetooth 키보드 2024 새로운 색상,1005006838602057,8月,Dark Storm,27.15,27.1545
AULA F99 기계식 키보드,1005012723860418,8月,Purple and White,28.69,28.6913851851852
"AULA F108Pro/F108 Wireless Bluetooth tri-mode connection, multi-functional display, Gasket structure, RGB lighting effects",1005011698703994,8月,F108 Pro Gray Mix,34.73,34.7265
【CCC Certification】Vention 165W Power Bank 20000mAh PD Fast Charger for Laptop Portable 3C Powerbank for iPhone 17 Samsung S25,1005011773041416,8月,165w Max Gray,29.31,29.3055
벤션 10000mAh 미니 보조배터리 22.5w 휴대용 충전기 내장 USB C 케이블 PD 3.0 고속 충전 아이폰 17 삼성 S25 S24용,1005010606760672,8月,Gray Mini 22.5w,10.74,10.7405
Baseus GaN 충전기 범용 여행용 어댑터 내장 70W 접이식 케이블 2AC 2 USB-A Type-C 고속 충전 EU/UK/USA/AUS,1005009205983512,8月,Black,23.07,23.075
벤션 65W 파워뱅크 20000mAh 내장 USB-C 케이블 휴대용 보조배터리 노트북용 PD 고속 충전기 아이폰 17 삼성 S25 S24 호환,1005007860996686,8月,65W Power Bank,19.59,19.5905
CN ROM Lenovo Xiaoxin Pad Pro 13 2026 Snapdragon 8s Gen 4 LCD Screen 2.4K 3504*2190 Resolution 13'' 144Hz 10200mAh 45W TB376FC,1005012756430808,8月,8GB 128GB Grey,191.93,191.934740740741
Logitech MX Master 3S Wireless Bluetooth Mouse High End Cross Screen Laptop,1005012751169006,8月,Black,55.7,55.7035555555555
Original Lenovo Legion Y700 5th Gaming Tablet CN Version Snapdragon 8 Elite Gen5 8.8‘’ 3K 165Hz Display 9000mAh Android Pad PC,1005012747969548,8月,12GB 256GB Black,412.88,412.88
ALLDOCUBE iPlay 80 mini Pro Tablet 8.4'' 90Hz UNISOC T7300 16GB( 8GB+8GB Virtual) RAM 128GB ROM Android 16 6050mAh 4G LTE Tablet,1005012132146352,8月,Only Tablet,102.46,102.46
ASOMETECH 300W GaN USB 충전기 스테이션 LED 디스플레이 접이식 타입 C 케이블 100W 65W PD3.0 PPS Macbook 삼성용 고속 충전기,1005012089647708,8月,"Space Gray, Korea Plug",29.24,29.2395
벤션 10000mAh 미니 보조배터리 22.5W 고속 충전 아이폰 17 16용 마그네틱 무선 충전기 애플워치 시리즈 11 10 9 호환,1005010775263810,8月,Gray,11.74,11.7355
베이스어스 45W 미니 파워뱅크 10000mAh 내장 USB-C 케이블 포켓 사이즈 소형 고속 충전 휴대용 아이폰 17 삼성 S25용,1005010724501614,8月,45W Black,20.83,20.83
"레노버 리전 Y700 2025 CN 안드로이드 패드 4세대 TB322FC 게이밍 태블릿 12/256GB 16/512GB 스냅드래곤 8 엘리트 8.8인치 165Hz 7600mAh 태블릿    3月报名价$424.21到手$320.00， 6月报名价$451.00,到手$339.47，11月报名价$383.78，到手$274.59",1005012701870421,8月,12GB 256GB Black,317.69,317.693
"65W GaN USB 충전기 (C타입 접이식 케이블 포함) 3포트 QC4.0 PD3.0 PPS 고속 충전기 (맥북, 아이폰 16, 15, 14, 샤오미 호환)",1005009267889844,8月,Korea Plug,10.29,10.288
LDNIO 한국 EU 플러그 어댑터 2500W 여행용 어댑터 변환기 고품질 범용 소켓 AU 미국 영국 CN-EU KR 4.8mm 벽 소켓,1005006985564389,8月,Eu 플러그,2.06,2.05562962962963
Baseus Mini 100W Fast Charger USB C Charger Quick Charging For iPhone 17 16 15 Pro Max iPad Xiaomi Fast Charger GaN,1005012159884249,8月,EU Plug Black,15.24,15.2405
휴대용 고속 냉각 휴대용 선풍기 3600mAh 충전식 100풍속 조절식 미니 접이식 공기 냉각 터보 팬,1005008657575430,8月,white ice,6.59,6.5915
다기능 허리 걸이 팬 4000mAh 미니 냉각 팬 5단 야외 휴대용 충전식 디지털 디스플레이 팬,1005011871705668,8月,black,7.15,7.146
씽크라이더 PP5 자전거 스파이더 파워미터 4볼트 110BCD 24mm 케이던스 페달 밸런스 BLE ANT+ 크랭크셋 체인링 (시마노 호환),1005011636747237,8月,Road-24MM (165mm),86.18,86.175185185185
씽크라이더 PP5 자전거 카본 파이버 스파이더 파워미터 크랭크셋 DUB 29MM 162.5-172.5mm ANT+ BLE 로드 바이크용,1005012348875175,8月,Road-24 (165mm),165.04,165.04037037037
GEOID CC700 Pro Bicycle Computer 2.8-Inch Touchscreen GPS Bike Speedometer with Map Navigation for Cycling Odometer,1005010725526843,8月,CC700PRO with film,57.44,57.4362222222222
RAVEMEN NT301 자전거 후미등 자전거 DV 카메라 테일라이트 충전식 3200mAh 광각 2K HD 폰 무결점 루프 녹화,1005010339459507,8月,단일 옵션,63.12,63.116
TOWILD DL1200S/DL1700 자전거 라이트 컷오프 라인 포함 Beam1900LM 충전식 자전거 프론트 라이트 보조베터리 Mtb 사이클링 헤드라이트,1005008639836335,8月,white,33.32,33.3185
ROCKBROS 자전거 수리 도구 키트 전문 자전거 다기능 수리 도구 키 세트 사이클링 도구,1005008561581516,8月,430040001,29.17,29.1705
RYET 135/145/155mm 3D 프린팅 풀 카본 자전거 안장 245mm 260mm MTB 그래블 로드 시트 자전거 부품용 자전거 안장,1005007918163943,8月,K31 3D Printed 155mm,30.89,30.8925
TOPUMP TB2 PRO 자전거 무선 타이어 팽창기 용 미니 휴대용 전기 펌프 120PSI 최대 450mAh 배터리 (화면 고속 충전 포함),1005007274254758,8月,TOPUMP TB2 PRO,25.75,25.7531851851852
"쿠스포 HW9 암밴드 심박수 모니터링 HR 존/칼로리 HRM 센서 포함 피트니스 사이클링용 BLE5.0 ANT+ 펠로톤, 즈위프트, 와후용",1005006490267843,8月,White,18.85,18.8495
CYCLAMI LA150 레이더 테일라이트 자전거 스마트 브레이크 감지 후미등 경고등 IPX6 방수 후미등 (일부 자전거 컴퓨터 및 시계와 호환 가능),1005012580724066,8月,LA150,32.55,32.5525
Sanag B33S 골전도 블루투스 이어폰 오픈 이어 IPX8 수영용 헤드폰 선택 32GB 메모리 무선 헤드셋 MP3 이어버드,1005009096626762,8月,black,23.26,23.26
GEOID CC700 GPS 자전거 컴퓨터 2.8인치 컬러 스크린 자전거 속도계 경로 내비게이션 WIFI 방수 사이클링 오도미터,1005010725637530,8月,CC700 with Film,38.35,38.355
"리브라톤 14PCS T형 렌치 세트, 미터법 및 SAE T형 육각 렌치, DIY용 롱 육각 렌치 세트, 자동차 자전거 수리 도구",1005009504886123,8月,14PCS,11.85,11.853
RYET 3D 인쇄 탄소 자전거 안장 245x135/145mm MTB 자갈 도로 자전거 인체 공학적 레이싱 안장 중공 기술 사이클링 시트,1005009820367551,8月,245x135MM 3D Printed,44.18,44.18
투프레 MTB 로드 바이크 자전거 프리셋 토크 렌치 2Nm~24Nm 정밀 기기 내구성 육각 T25 앨런 키 S2 프라임 스틸,1005012728826690,8月,TOOPRE 2-24Nm Wrench,20.04,20.0415
CROSSGUN New Jet Fan Strong Portable Power Handheld Dust Elimination Computer Hurricane Storm Source Turbo Jetfan LED X6 Pro,1005009343275998,8月,With Accessory,30.45,30.4503703703704
"Thinkrider X2Max 스마트 자전거 트레이너, MTB 도로 자전거 내장 파워 계량기, 홈 트레이너",1005007756833960,8月,X2 Max,162.33,162.328148148149
RYET 울트라 풀 카본 3D 인쇄 자전거 안장 145mm 205g 7*9 높은 계수 탄소 섬유베이스 MTB 산악 자전거 좌석 부품,1005006909158934,8月,RT06S Saddle 145mm,43.79,43.793
자전거 랙 홀더 보관 자전거 수리 스탠드 알루미늄 합금 자전거 작업 스탠드 전문 자전거 수리 도구 조정 가능한 접이식,1005002363834653,8月,단일 옵션,45.55,45.5546666666666
드리프트 고스트 XL 스포츠 액션 카메라 1080P WiFi IPX7 방수 9시간 배터리 캠코더 오토바이 헬멧/자전거용,1005010169108130,8月,단일 옵션,65.92,65.925
WEST BIKING 자전거 전문 수리 공구 스탠드 알루미늄 합금 조절식 접이식 보관 전시대 산악자전거/로드바이크 작업대,1005003843275289,8月,단일 옵션,69.38,69.3765
라이드나우 tpu튜브,1005010265357453,8月,36g 700x18-32C 4pc,17.97,17.966
RYET Carbon 3D Printed Saddle Ultralight 190g 7*9 Bike Seating For Men Women Triathlon Road MTB Mountain Gravel Cycling Parts,1005006774719031,8月,3d printed saddle ,51.97,51.968
towild 펌프,1005011713007491,8月,a15,34.15,34.1545
darevie 져지,1005004802943684,8月,全部sku,15.33,15.33
darevie 빕숏 4.0,1005006820907190,8月,全部sku,26.07,26.0676119402986
ryet 카본휠,1005010504692656,8月,全部sku,596.64,596.64
cycplus t7,1005010142441135,8月,단일 옵션,0.84,1149
cycplus 후방레이더,1005010786183679,8月,단일 옵션,39.82,39.818
CYCPLUS T2 사이클링 홈 트레이너 다이렉트 드라이브 운동 자전거 훈련 자전거 롤러 ANT+ BLE 5.0 파워 미터,1005003968783405,8月,T2 11S 11-28T|T2 12S 11-34T|T2 XDR hub only,268.78,268.7825
기존 SHOKZ OpenRun Pro 2 S820 S821mini 블루투스 이어폰 IP55 방수 골전도 헤드폰 음악 스포츠 이어 버드,1005008561939766,8月,S821MINI black,102.89,102.885
"ROCKBROS 성인용 경량 자전거 시마노 8 단, 20 인치",1005007370277392,8月,全部sku,241.98,241.9765
인스타360 X5 액션 카메라 방수 8K 30fps 교체 가능 렌즈 트리플 AI 칩 우수한 저조도 성능 185분 사용 시간,1005012076012738,8月,X5 Standard Bundle,380.05,380.05
가민 포러너 255 스포츠 스마트워치 46mm 1.3인치 컬러 스크린 14일 배터리 수명 4GB RAM NFC 블루투스 와이파이 5ATM 방수,1005010272575016,8月,,153.47,153.4705
CYCPLUS 심박계,1005006060089520,8月, H1 for arm or wrist,11.27,11.27
"SEEMEE DV 카메라 미등, USB-C 충전식 자전거 후방 조명, 도로 도시용 최대 110시간 런타임의 3400mAh 배터리",1005006830142314,8月,단일 옵션,67.08,67.08
사이클라미 전조등,1005011927991295,8月,Headlight,13.56,13.563
RYET 3D 인쇄 자전거 안장,1005005209973776,8月,White /black Plastic Base,20.87,20.868
RYET 3D 인쇄 자전거 안장,1005005209973776,8月,white/Black Carbon Base,30.18,30.181
RYET 3D 인쇄 자전거 안장,1005005209973776,8月,Black Carbon Base A|Black Carbon Base B,33.5,33.5
TOWILD BL900 이중 장착형 자전거 라이트(포커스/플러드 빔 포함) 1100LM 충전식 자전거 라이트 주간 안전 야간 조명,1005012344651895,8月,BL900|BL900-AS90|BL900-Y|BL900-AS90 Y,20.05,20.0535
CYCPLUS R200 스마트 자전거 트레이너 MTB 도로 자전거 내장 파워 미터 BLE5.0 ANT + 2200W 실내 사이클링 홈 트레이너,1005009153684070,8月,全部sku,209.0,209
인스타360 GO 울트라 4K60fps 마그네틱 액션 카메라,1005012088242983,8月,Standard Bundle,290.05,290.05
마젠 C606V2 속도계,1005012274493578,8月,c606 v2,127.05,127.05
Magene 자전거 후방레이더,1005004671337695,8月,L508 Radar Light,75.52,75.5155
Magene PES P515 파워미터,1005006625720630,8月,"165mm, 50-34t",275.86,275.86
부스터 전기 목 마사지 건,1005007923305870,8月,c타입,27.76,27.7620740740741
RYET 카본 로드 휠,1005004790612298,8月,50mm ,231.38,231.38
CAMPINGMOON랜턴스탠드,1005012034875586,8月,D-243,28.52,28.515
CAMPINGMOON랜턴스탠드,1005012034875586,8月, D-240,20.93,20.925
휴대용 6 in 1 야외 캠핑 팬 20000mAh 충전식 무선 텐트 천장 팬 4 속도 조절 LED 조명 전원 뱅크 Portable 6 in 1 Outdoor Camping Fan 20000mAh Rechargeable Wireless Tent Ceiling Fan 4 Speed Adjustment LED Lighting Power Bank,1005008843793599,8月,Grey 20000mAh Bag,21.56,21.5604444444445
판다투어 캠핑 IGT 유닛 오덴팟 관광용 조리기구 스테인리스 스틸 다기능 대형 냄비 데스크탑 핫팟 수프 냄비,1005011935233347,8月,pot,11.34,11.34
판다투어 캠핑 IGT 유닛 오덴팟 관광용 조리기구 스테인리스 스틸 다기능 대형 냄비 데스크탑 핫팟 수프 냄비,1005011935233347,8月,bag,6.79,6.785
SmiloDon Folding Camping Shelf Stainless Steel Outdoor Portable Storage Shelf Lightweight Storage Rack 10 Sceonds Quick Assembly,1005010598667855,8月,단일 옵션,34.22,34.215
30-80L 야외 보관 상자 캠핑 피크닉 여행 알루미늄 합금 대용량 상자 액세서리 보관 가방 하이킹 액세서리,1005006962873139,8月,30L,33.6,33.6
30-80L 야외 보관 상자 캠핑 피크닉 여행 알루미늄 합금 대용량 상자 액세서리 보관 가방 하이킹 액세서리,1005006962873139,8月,50L,42.14,42.14
30-80L 야외 보관 상자 캠핑 피크닉 여행 알루미늄 합금 대용량 상자 액세서리 보관 가방 하이킹 액세서리,1005006962873139,8月,80L,56.42,56.425
CAMPINGMOON XD-6-NE 토치 스프레이 건 야외 캠핑 피크닉 화덕 만들기 바베큐 포인트 카본 스테인레스 스틸 스프레이 건,1005010757618577,8月,XD-6-NE,20.75,20.7538059701493
"30-42L 전술 캠핑 보관 가방 - 피크닉, 식기 및 필드 장비 방수용 절연 접이식 상자",1005009481102235,8月,블랙  30L,6.24,6.24
"30-42L 전술 캠핑 보관 가방 - 피크닉, 식기 및 필드 장비 방수용 절연 접이식 상자",1005009481102235,8月,black42L,6.97,6.975
Fire-Maple Vulcan Dualblaze Pro-Stove Outdoor Dual-Ring Flame High-Output LPG Gas Stove Adjustable Height for Camping Cooking,1005010353498173,8月,Vulcan,100.79,100.7855
캠핑문 CK-24SF 아웃도어 IGT 테이블 유닛 조합 다기능 정수 바구니 스테인리스 스틸 캠핑 수납 케이지,1005009409688938,8月,CK-24SF,18.97,18.9658208955224
G3 캠핑 조명 등대 마이크로 플래시 미니 Led Falshlight 야외 조명 비상 USB 충전식은 목표 제로와 유사합니다.,1005009051819944,8月,G3 only lamp ,7.17,7.165
코카콜라 전기 제빙기 다기능 자동 제빙기 가정용 주방 사무실 휴대용 제빙기,1005011943613862,8月,Ice maker,70.06,70.0564925373134
무한한 항해 티타늄 바베큐 집게 초경량 식품 클립 내열성 및 녹슬지 않는 티타늄 그릴 집게 Ti1014T,1005009575210094,8月,Ti1014T,3.82,3.82
Tryhomy 야외 캠핑 IGT 테이블 IGT 6 유닛 테이블 휴대용 알루미늄 합금 초경량 접이식 캠핑 데스크 바베큐 피크닉 IGT 테이블 New,1005012085369651,8月,6 Unit,67.28,67.28
기술 속보 나쁜 RV 모험 캠핑카 버스 자동차 모델 빌딩 블록 맞는 자동차 차량 소년을위한 벽돌 장난감을 조립 Avid 팬,1005007923429265,8月,no box,19.05,19.047
"플렉스타일 소형 샤워 버킷/가방 - 20L 야외 물통 내장 펌프, 자동 분배, 두 가지 속도 조절",1005009533611809,8月,Bag Set,47.0,47
THORN T023 V2 다이버 시계 남성용 PT5000 자동 시계 40Mm 기계식 손목 시계 사파이어 방수 200M 빈티지 럭셔리 시계,1005008704113713,8月,brown,138.11,138.11
THORN T023 V2 다이버 시계 남성용 PT5000 자동 시계 40Mm 기계식 손목 시계 사파이어 방수 200M 빈티지 럭셔리 시계,1005008704113713,8月,Bule,139.22,139.22
파라수테 2026 새로운 크리에이티브 시걸 St17 수동 기계식 무브먼트 점핑 아워 시계 남성용 레트로 사파이어 손목시계 남성용 레로즈,1005012733491288,8月,Silver,251.18,251.1835
산 마틴 39mm Miyota 9132 파워 리저브 디스플레이 남성용 럭셔리 스포츠 시계 자동 기계식 방수 오리지널 디자인 SN0144,1005009213841917,8月,Gradient Green,377.78,377.7755
산 마틴 39mm Miyota 9132 파워 리저브 디스플레이 남성용 럭셔리 스포츠 시계 자동 기계식 방수 오리지널 디자인 SN0144,1005009213841917,8月,Gradient Gold,377.78,377.7755
산 마틴 39mm Miyota 9132 파워 리저브 디스플레이 남성용 럭셔리 스포츠 시계 자동 기계식 방수 오리지널 디자인 SN0144,1005009213841917,8月,Gradient Grey,377.78,377.7755
파라수테 2026 뉴 레트로 손목시계 남성 캐주얼 수동 사각형 맞춤형 기계식 무브먼트 시계 남성용 사파이어 글래스 레로즈,1005012110561779,8月,White,211.39,211.389648148148
파라수테 2026 뉴 레트로 손목시계 남성 캐주얼 수동 사각형 맞춤형 기계식 무브먼트 시계 남성용 사파이어 글래스 레로즈,1005012110561779,8月,Black,211.39,211.389648148148
"워치다이브 WD1972 쿼츠 시계, VH31 스윕 세컨드 무브먼트, 사파이어 크리스탈 BGW9, 발광 20Bar 방수 손목시계",1005008136254969,8月,Black Number Dial,58.68,58.6791044776119
Watchdives WD1972 한정판 시계 VH31 스윕 세컨즈 쿼츠 무브먼트 사파이어 BGW9 남성용 발광 방수 시계,1005012770978499,8月,Black Aluminum Bezel|Black Ceramic Bezel,70.27,70.2686567164179
"레이네오 GT 스마트 글래스 네이티브 3DoF 고화질 XR 디바이스 201인치 초대형 화면, 듀얼 레이어 마이크로 OLED",1005012525337068,8月,"Standard Edition, GT",258.05,258.05
MUSEHiFi M3 Ultra JAN6418 진공관 휴대용 USB-C DAC & AMP TypeC 디코딩 헤드폰 앰프 사전 예약 주문,1005012249645174,8月,M3 Ultra,73.82,73.8155
"크린이어 레퍼런스용 특수 설계된 뉴트럴 튜닝 인이어 모니터, 은도금 구리 케이블 및 교체 가능한 플러그 포함",1005012155897151,8月,Crinear Reference,268.49,268.49
사운드 라임 SR6 1DD + 2BA + 2PD + 1BC 드라이버 멀티 드라이버 인이어 모니터 하이브리드 드라이버 유선 이어폰 (2in1 전환 가능 케이블 포함),1005012713611369,8月,SR6,116.24,116.24
DUNU Titan X HiFi IEM 이어폰 듀얼 마그네틱 다이나믹 드라이버 금속 합금 하우징 오디오파일 게임용 3.5mm/TypeC 마이크 이어버드,1005011688328267,8月,3.5mm no mic,22.89,22.8905
Edifier M90 Bi-amped 2.0 Speaker Compact Design Bluetooth V6.0 LDAC Hi-Res Audio Wireless Speaker with Remote 100W RMS,1005011600003372,8月,White,103.12,103.1155
THIEAUDIO HYPE 4 MKII 업그레이드된 2DD + 4BA 하이브리드 IEM 사전 예약 주문 - 성능을 위해 완전히 재설계됨,1005010214937393,8月,JadeGlow,270.0,270.005
Fosi Audio ZH3 HIFI 헤드폰 앰프 AKM4493SEQ 데스크탑 DAC 완전 밸런스드 프리앰프(리모트 12V 트리거 입력 포함),1005010016597390,8月,ZH3-EU,122.99,122.9905
베이스어스 3 in 1 마그네틱 무선 충전기 Qi2.2 25W 고속 충전 아이폰 17 16 15 14 애플워치 이어버드 에어팟 프로 iWatch용,1005009911629200,8月,Without Charger,30.6,30.6
투키 PD 100W USB 접이식 케이블 C타입 to C타입 고속 충전 케이블 (아이폰 15 16 Pro Max 샤오미12 13 삼성 S23 S24 호환),1005009466301312,8月,3pcs 100W Cable,7.69,7.69
HIFIMAN 아난다 스텔스 자석 오픈 백 오버 이어 풀 사이즈 평면 마그네틱 하이파이 헤드폰,1005005585261297,8月,black,157.55,157.55
SHOKZ OpenDots 2 E320 클립온 헤드폰 돌비 오디오 긴 배터리 수명 오리지널 피트니스 러닝 이어폰 블루투스 6.1 이어버드,1005012735280552,8月,E320 Black|E320 White|E320 Gray,126.82,126.8205
"AMD Ryzen 5 5500X3D 6코어/12스레드 프로세서: 96MB L3 3D V-Cache 기술, 3.0-4.0GHz, 105W TDP, AM4 소켓 - 팬 없음 e스포츠용 조립 - e스포츠 빌드",1005009474947755,8月,AMD Ryzen 5 5500X3D New R5 5500X3D 3.0 GHz 6-Core 12-Thread CPU Processor 7NM L3=96M Socket AM5,130.7,130.7015
AMD Ryzen 7 7800X3D R7 7800X3D CPU 8-Core 16-Thread 5GHz Unlocked Desktop Processor Socket AM5 Gaming CPU Without Packag,1005009495052188,8月,,222.3,222.303
Worx 4V Electrical Screwdriver Sets WX242 Smart Cordless Electric Screwdrivers SDS Chuck USB Rechargeable 30 Bit Sets,1005006025572712,8月,WX242,21.56,21.5555
"ATTACK SHARK V3PRO 초경량 게이밍 마우스(충전 도크 포함), 2.4G 무선/블루투스/유선, 1000hz 폴링 레이트, 25000 DPI",1005012267743389,8月,V3PRO Berry red,13.46,13.4574074074074
"AULA S75 PRO 무선 기계식 키보드, 블루투스/2.4GHz/USB-C, RGB 백라이트, PBT 키캡, 75% 핫스왑 가능, 스크린 포함",1005012646599447,8月,Gradient Pink,30.22,30.2237037037037
LINGBAO K108pro 기계식 키보드 트라이 모드 한국어 문자 마카롱 색상 PBT 키캡 10000mAh 대용량 배터리 컴퓨터용 PC용,1005010226268822,8月,Red Rabbit,33.9,33.9025925925926
Big Discount Lenovo Xiaoxin Pad Pro GT Snapdragon 8 Gen3 LCD screen 8860mAh 68W Super Fast Charging 13MP front 13MP rear Tablet,1005012751614934,8月,8G 256G Shell White,192.51,192.514592592593
"GMKtec K12 Gaming Mini PC AMD Ryzen 7 H 255(Upgraded 8745HS) Desktop Mini Computers Radeon 780M WiFi 6E/BT5.2, USB-C,  Barebone",1005009835919350,8月,"AMD Ryzen 7 H 255, No Ram No Storage",193.79,193.793
"AMD Ryzen 7 9800X3D (예상) 게이밍 CPU - 차세대 8코어/16스레드 최대 5.7GHz, 104MB+ 캐시(3D V-Cache) Zen 5 소켓 AM5 - 쿨러 미포함",1005009371232000,8月,,313.23,313.234
"ZEUSLAP 16"" 2.5K 144hz Portable Monitor 2560*1600 16:10 100%sRGB 500Cd/m²  Travel Gaming Display for Laptop Switch ps4 ps5 Xbox",1005006960961910,8月,,108.75,108.754
"ZEUSLAP 16"" 2.5K 144hz Portable Monitor 2560*1600 16:10 100%sRGB 500Cd/m²  Travel Gaming Display for Laptop Switch ps4 ps5 Xbox",1005005656851759,8月,,79.07,79.065111111111
AMD 라이젠 5 5600XT R5 5600XT 데스크탑 CPU 프로세서 6코어 12스레드 3.5GHz 부스트 4.6GHz 32MB L3 캐시 AM4 소켓 65W 게이밍 프로세서,1005009439152002,8月,,90.9,90.903
새로운 R36 울트라 레트로 휴대용 게임 콘솔 4.0인치 오픈 소스 Linux 시스템 128GB 휴대용 비디오 플레이어 휴대용 게임 콘솔,1005010373777372,8月,white-64GB,21.66,21.659037037037
FIREBAT F1 MINI PC AMD Ryzen 7 H255 LPDDR5 16GB RAM 512GB SSD WIFI6 BT5.2 Portable Desktop MINI-PC Windows 11 Desktop Computer,1005011551433345,8月,AMD Ryzen 7 H255 | 16GB RAM 512GB SSD ,315.98,315.9845
FIREBAT R3 MINI PC AMD Ryzen 5 7430U 6C/12T MAX 4.3GHz 16GB LPDDR4 RAM 512GB SSD WIFI6 BT5.2 Windows 11 Desktop Computer,1005012150388657,8月,Ryzen 5 7430U | 16GB RAM 512GB SSD,209.38,209.376
【CCC Certification】Vention 165W Power Bank 20000mAh PD Fast Charger for Laptop Portable 3C Powerbank for iPhone 17 Samsung S25,1005011773041416,8月,165w Max Silver | 20000mAh,29.31,29.3055
크루셜 프로 DDR5 RAM 16GBx1/16GBx2 6400MHz 6000MHz 5600MHz 데스크탑 게이밍 메모리 인텔 XMP 3.0 & AMD EXPO PC 게이머용,1005011548932358,8月,6400MHz 16Gx2 C38 BK,353.02,353.02037037037
존쿠 베이트캐스팅 릴 바다낚시 파워 핸들 8KG 드랙력 5.4 기어비 낚시릴 문어 낚시릴,1005012782548651,8月,Black | Right Hand,31.98,31.978
레이던 미호크 184 낚싯대 초경량 타치우오 텐야 보트 낚시 티타늄 팁 8:2 액션 텐야 캐스팅 로드 낚시용품 낚싯대,1005012528542750,8月,MIHAWK-184,26.63,26.63
킹덤 미트라스 베이트캐스팅 릴 알루미늄 합금 프레임 5.6:1 4.7:1 기어비 8KG 최대 드래그 10+1BB 오징어/문어 낚시용,1005012407417980,8月,SH120 | Right Hand,38.67,38.675
레이던 2026 SJ 히라메 슬로우 지깅 낚싯대 612M MH H 1.85m T1100 해수 보트 캐스팅 로드 바다 낚싯대,1005011564602007,8月,SJ-MH,22.45,22.445
레이둔 2026 아우라 T1100 스피닝 낚싯대 FUJI 가이드 링 87.5g AR79MLM 84M 오징어 보트 웹풋 카본 클로스 낚싯대,1005011564374608,8月,79MLM,27.29,27.285
퓨어루어 뉴 엔디비아 맥스 아징 앤드 에깅 튜블러 팁 8FT 8.3FT 8.6FT 1.2-10G 소프트 루어 및 에기 F/MF 액션 퍼치 파이크 잔더 오징어,1005010258899296,8月,Spinning-862ML,53.79,53.7945
SOLOKING ASHMOON 합금 베이트캐스팅 릴 12+1BB 6KG 파워 롱 핸들 BFS 릴/다목적 릴/바다 낚시 릴,1005007936286293,8月,5.4 Right Metal,43.08,43.078
바다 낚싯대 175M MT 오징어 막대 금속 팁 후지 링이 있는 문어 낚싯대 Hanchi 낚싯대 경량,1005006995163151,8月,1.75m,37.3,37.3
LEYDUN Rang's Tako leydun Octopus 170MH/H 낚싯대 Tianium Tip 오징어 낚시 캐스팅 로드 오징어 보트 낚시 Webfooted,1005006462640682,8月,170H,20.83,20.83
"레이던 유스타스 베이트캐스팅 릴 125g 초경량 6+1BB 5.6:1 기어비 4.5kg 최대 드랙력 금속 프레임 캐스팅 릴 (배스, 파이크용)",1005012627528730,8月,Right,46.45,46.4535
LEYDUN ZORO X8 PE 낚싯줄 300M 8가닥 꼬임 방지 PE 라인 멀티컬러 부드럽고 내마모성이 뛰어난 바닷물/민물 낚싯줄,1005012627230747,8月,300m-0.8,11.4,11.402
고멕서스 25스티레 아드미라 초경량 120mm A24 노브 베이트릴 더블핸들 AH-A24AIR 쭈꾸미 타이라바 광어 낚시,1005012335597217,8月,"Black red, 8X5mmDaiwa",35.12,35.125
레이던 7000 대형 낚시 도구 상자 다기능 대용량 스탠드 낚싯대 홀더 고품질 플라스틱 에기 박스 낚시 상자,1005012519778469,8月,PINK,27.0,27
레이던 25L 풀로드 낚시 쿨러 박스 낚시 도구 상자 탱크 케이스 장비 도구 물고기 보관 낚시 도구 휴대용 통풍구,1005012190837297,8月,,47.08,47.075
2024 시마노 밴포드 스피닝 낚시 릴 1000/2500/C3000HG/4000XG/5000XG 7+1BB AR-C 스풀 해수 낚시 릴 3-11KG 파워ㅋ,1005011565272759,8月,C3000SDH,144.9,144.9
WORX WU135 무선 전기 드릴 12V 50Nm 1800rpm 브러시리스 모터 전기 스크루 드라이버 임팩트 드릴 금속 가공 스마트 커티,1005009682745128,8月,WU135-12,42.4,42.3965
2025 오리지널 DAIWA 낚시 스피닝 릴 FUEGO CS LT 1000-6000 낚시 릴 5KG/10KG/12KG 전력 5.3:1/6.2:1 해수 릴,1005009019916500,8月,3000CXH,62.02,62.02
LEYDUN 빛나는 눈 수평 오징어 지그 나무 새우 오징어 BKK 후크 14 개/대 오징어 새우 미끼 미끼,1005007782509766,8月,55series 14pcs,12.48,12.48
다기능 낚시 도구 상자 낚시 쿨러 박스 36L 낚시 버킷 보관함 높이 조절 가능한 다리와 바퀴가 있는 태클 박스,1005007060590750,8月,Yellow,41.09,41.095
"AliExpress Collection 낚시 쿨러 박스 태클 박스, 야외 탱크 케이스, 기어 도구, 물고기 저장 조명, 무게추 바다 낚시, 휴대용 공기 구멍, 10L, 18L",1005006941543949,8月,22L window cover,24.82,24.815
ONEMIX 2026 남성용 운동화 초경량 야외 운동 훈련 조깅 운동화 미끄럼 방지 내마모성 걷기 운동화,1005011973237225,8月,all sku,42.67,42.6725
Li-Ning 남성용 YUEYING 6 와이드 토 박스가 있는 최적화된 쿠션 런닝화 TEMPO BOUNSE 안정적인 지지력 LiNing 스니커즈 ARHW017,1005012330276929,8月,all sku,34.55,34.555
240W GaN 충전기 6-IN-1 140W PD3.1 PPS USB 타입 C 디지털 디스플레이 고속 충전 스테이션 아이폰 16 15 맥북 노트북 삼성용,1005009970103224,8月,KR Plug ,18.9,18.897
Baseus Bowie MC2 S Open Ear Wireless Earphones Bluetooth 6.0 Comfort Clip On Sports  Earbuds 4-Mic AI Clear Calls 50Hrs Playtime,1005012324708592,8月,White,27.14,27.1405
Kingston NV3 SSD PCIe 4.0 Gen 4x4 500GB 1TB 2TB Up to 6000Mb/s M.2 2280 NVMe Solid State Drive for PC Original Hard Disk,1005011896667995,8月,"1TB,China Mainland",127.5,127.5025
FIREBAT F1 MINI PC AMD Ryzen 5 7640HS LPDDR5 24GB RAM 512GB SSD WIFI6 BT5.2 Portable MINI-PC Windows 11  Desktop Computer,1005012353846431,8月,"R7 7640HS,24GB RAM 512GB ROM,EU",290.05,290.047851851852
FIREBAT F1 MINI PC AMD Ryzen 7 H255 LPDDR5 16GB RAM 512GB SSD WIFI6 BT5.2 Portable Desktop MINI-PC Windows 11 Desktop Computer,1005011551433345,8月,"AMD Ryzen 7 H255,16GB RAM 512GB SSD,EU",315.98,315.9845
GMKtec G2 Mini PC Windows 11 Pro Intel 12.a generación Alder Lake N100 Mini PC DDR5 12GB RAM 512GB ROM WiFi 6 BT5.2 computadora de escritorio,1005009999376748,8月,"N95 EU Plug,8GB RAM 256GB ROM",120.69,120.694888888889
CN ROM Lenovo Xiaoxin Pad Pro 13 2026 Snapdragon 8s Gen 4 LCD Screen 2.4K 3504*2190 Resolution 13'' 144Hz 10200mAh 45W TB376FC,1005012756430808,8月,8GB 128GB Grey,191.93,191.934740740741
ALLDOCUBE iPlay 80 mini Pro Tablet 8.4'' 90Hz UNISOC T7300 16GB( 8GB+8GB Virtual) RAM 128GB ROM Android 16 6050mAh 4G LTE Tablet,1005012132146352,8月,Only Tablet,102.46,102.46
Big Discount Lenovo Xiaoxin Pad Pro GT Snapdragon 8 Gen3 LCD screen 8860mAh 68W Super Fast Charging 13MP front 13MP rear Tablet,1005012751614934,8月,8G 256G Grey,192.51,192.514592592593
"Lenovo Xiaoxin Tablet 11 2025 TB335FC 11인치, 온라인 수업 학습 AI 태블릿, WIFI 8+128GB, 7040mAh, CN 버전",1005012718447754,8月,Std 6G 128G Grey,100.66,100.658740740741
"레노버 리전 Y700 2025 CN 안드로이드 패드 4세대 TB322FC 게이밍 태블릿 12/256GB 16/512GB 스냅드래곤 8 엘리트 8.8인치 165Hz 7600mAh 태블릿    3月报名价$424.21到手$320.00， 6月报名价$451.00,到手$339.47，11月报名价$383.78，到手$274.59",1005012701870421,8月,12GB 256GB Black,317.69,317.693
테클라스트 T65 태블릿 13.4인치 2K 120Hz 디스플레이 유니소크 T7280 옥타 코어 최대 26GB 램 128GB 롬 8000mAh 배터리 안드로이드 16 LTE 태블릿 6月报价141.12，到手价$110.89,1005010026558666,8月,"6GB 128GB LTE, Add Case N KB",118.39,118.3935
"15.6인치 무선 휴대용 모니터, 노트북, 맥 컴퓨터, 아이폰, 안드로이드 폰의 Wi-Fi 프로젝션에 적합",1005012483487779,8月,16 Inch,63.31,63.315
"Global Version Xiaomi Redmi Watch 5 2.07"" AMOLED display 150+ sports modes  550mAh Battery Heart Rate Blood Oxygen Monitor",1005010226348563,8月,Grey 24h ship,66.07,66.073
"UPERFECT UColor J1 4K 터치스크린 휴대용 감시자 15.7"" 3840x2160 IPS 노트북은 스피커를 가진 스크린 350Nits 1200:1 USB C HDMI 컴퓨터 PC 게임 디스플레이를 확장하고 PC 전화 PS4/5를 위한 대기 여행 감시자",1005012076690894,8月,Black,90.79,90.791
GUDGA RAM DDR5 8GB 16GB 32GB 4800MHz 5600MHz 1.1V ddr5 메모리 노트북/랩탑 메모리 DDR5 SODIMM RAM 미니PC 도매 판매 가능,1005011975894591,8月,DDR5 8GB  5600MHZ,79.68,79.68
JUHOR DDR5 16GB 4800MHz 5600MHz 6000MHz  RAM UDIMM for Computer PC Desktop Memory Ram DDR5,1005010674147734,8月,"16GB,4800MHz의 경우",108.1,108.1
JUHOR DDR5 16GB 4800MHz 5600MHz 6000MHz  RAM UDIMM for Computer PC Desktop Memory Ram DDR5,1005006723215837,8月,"5600MHz,16 GB,DDR5|",147.72,147.7165
JUHOR DDR5 16GB 4800MHz 5600MHz 6000MHz  RAM UDIMM for Computer PC Desktop Memory Ram DDR5,1005006723215837,8月,DDR5 16GB 6000MHz,152.88,152.875
"노트북, 사무실 및 가정용 무소음 버튼이 있는 무선 블루투스 마우스, 소녀들을 위한 귀여운 마우스, 충전식",1005012761173953,8月,orange|通过页面控价做,11.25,11.25
"UPERFECT 메탈 마그네틱 브래킷 VESA 2-in-1 스탠드, 최대 19인치 휴대용 모니터 지원, 7~19인치 디스플레이, 태블릿, 데스크탑, 휴대폰용 다각도 조절 가능",1005010587455357,8月,,19.4,19.402
7/8/9'' 지원 방향 및 초상화 자동차 미러 라디오 무선 Carplay 안드로이드 자동 멀티미디어 비디오 플레이어 범용 화면,1005009722963363,8月,9 inch Carplay,35.82,35.823
Fanxiang S880E/S880ER 7100MB/s NVMe M.2 SSD 드라이브 PCIe4.0x4 1TB/2TB/4TB M.2 2280 SSD 내장형 솔리드 스테이트 드라이브 (PS5 노트북용),1005008523682666,8月,7100MBs 1TB,90.83,90.832388059701
"다기능, 내구성, 방수, 15m/50ft, 범용 6.9인치 방수 휴대폰 케이스, IP68, 전문 다이빙 사진 촬영",1005009655871571,8月,Grass orchid white,13.88,13.8765
"ORICO 선더볼트 4 도킹 스테이션 C타입-HDMI 호환 어댑터, 맥북용 USB 3.2 Gen2 허브 분배기, 8K @ 30Hz",1005006588065217,8月,Silver KR Plug,105.19,105.1915
"DEKO 126Pcs 전동 공구 콤보 키트, 8V 무선 드릴, 10MM 3/8 ''열쇠가없는 척, 전문 가정용 DIY 핸드 툴 키트",1005006131590636,8月,Yellow,14.72,14.72
Netac NVMe SSD M2 1TB 2TB 500GB 250GB 3500MB/s SSD PCIe3.0 M.2 2280 SInternal Solid State Drives Disk NV3000 for Laptop Desktop,1005005445585329,8月,500GB,46.99,46.99
Akko 5075 V5 TMR 마그네틱 키보드 RT 0.005mm 8K 핫스왑 ARGB 10000mAh USB Type-C/2.4g&BT5.0 무선 게이밍 키보드 가스켓,1005012612448078,8月,White Prism Switch,58.18,58.183
Foldable Portable Picnic Outdoor Camping Cart Heavy Duty Folding Utility Cart Shopping Beach Collapsible Folding Utility Cart,1005006808416128,8月,MNXC-black,14.21,14.215
1pc Extra-Large Car Cleaning Auto Repair Tool Storage Bag 48.3x31.8x31.8cm Polyester Tools Tote Bag With Strap With Hard Bottom,1005012664581869,8月,China Mainland,12.45,12.4515
300000RPM Brushless Electric Turbo Blowers Jet Fan 400M/S Handheld Leaf Blower Dust Blowing for Makita 18V Battery Pins,1005010683921508,8月,No Batter for Dewalt,30.75,30.7475
전동 공구용 전기 여신 리튬 배터리 호환 20V 4.0/6.0ah 교체용 충전식 배터리 (디월트 20V 배터리 핀 호환),1005012852258464,8月,4.0ah-1 Battery,16.85,16.85
LiitoKala LF-786 Work lights+26650 5000mAh Battery Rechargeable 2700-8000K temperature sensitive magnetic work light 360 ° rotat,1005007082248348,8月,"LF-786,black,China Mainland",10.42,10.42
"880000RPM 터보 팬 제트 강력한 에어 블로워 10000mAh 600g 추력 70m/s 바람 브러시리스 먼지 제거기, 자동차용 진공 잎 제거 건조기",1005009897116598,8月,F02-ES-black,21.06,21.0605
BATOCA Cordless 12V Car Polisher Dual Action Wireless Car Polishing Machine Electric Polish Machines Adjustment Power Tools,1005007443390537,8月,1 Batttery Set,21.48,21.4795
"새로운 ETENWOLF 휴대용 타이어 공기 주입기 5200mAh 20L/분 자동차 에어 컴프레서 자동차, 오토바이, 자전거에 적합한 자동차 에어 펌프",1005012260886859,8月,S1 Orange,16.51,16.5125
"SPTA 무선 배터리 구동 폼 스프레이어, 2.25L 전동 자동차 폼 스프레이어, 자동차 세척용 펌프 폼 스프레이어",1005011696011743,8月,Sprayer set,23.02,23.022
SEAMETAL 접이식 트렁크 보관 상자 방수 옥스포드 천 110L 캠핑/낚시 용 대용량 자동차 주최자 휴대하기 쉬운,1005008395026123,8月,Medium - 72L,11.41,11.4125
새로운 MIJIA 자동차 진공 청소기 MJXCQ01QW 21kPa 흡입력 150mL 먼지통 2400mAh 배터리 세척 가능한 필터 요소 자동차 청소용,1005010157020393,8月,Black,34.42,34.4155
"ETENWOLF ZEPHYR S3C Portable Air Compressor 100% Duty Cycle Car Tire Inflator 7800mAh for Cars, Motorcycles, Bicycles Balls",1005008295800556,8月,S3se orange,25.44,25.4445
바토카 S4 무선 자동차 광택기 무선 자동차 폴리싱 머신 3mm/12mm 랜덤 오비탈 무료 2개 2.0Ah 리튬 배터리,1005006140691588,8月,SET 2,100.69,100.6905
SPTA 18V 5인치 무선 자동차 폴리셔 듀얼 액션 15mm 궤도 가변 속도 폴리싱 머신(4000mAh 배터리 포함),1005006006071785,8月,polisher set,136.49,136.49
10PCS Microfibre 자동차 왁스 애플리케이터 패드 소프트 자동 자세히 왁스 스폰지 직사각형 폼 자동차 페인트 관리 연마 패드 자동차 청소,1005007707465822,8月,10 Pieces,5.01,5.01
2-10개 자동차 디테일링 도구,1005012449602535,8月,8Pcs,4.93,4.93
루큘란 소형 다용도 디테일링 브러시,1005009178235852,8月,1PC Orange Small,5.89,5.89
루큘란 2피스 디테일링 브러쉬 세트,1005009897725395,8月,1 Set,6.61,6.61
Lucullan 핑크 블루 미디엄 뻣뻣한 합성 강모 타이어 클리너,1005008166659349,8月,1 Pink Rubber Brush,5.11,5.11
Lucullan Pro 울트라 소프트 다목적 세차 브러시,1005007317803558,8月,1 PC AP Brush,4.99,4.99
새로운 세차 브러쉬 - 엔진룸 디테일링 휠 청소 타이어 청소 도구,1005012751203964,8月,assemble 3pcs,9.69,9.69
자동차 디테일링 브러쉬 세트,1005010224313903,8月,blue,5.6,5.6
5/10pcs 자동 청소 스폰지 브러시 세트 자동차 바퀴 타이어 세척 닦아 물 흡입 스폰지 패드 왁스 연마 타이어 브러쉬 도구,1005012573373268,8月,10pcs,5.46,5.46
Li-Ning 남성용 ARC PRO 쿠션 운동화 BOOM 충격 흡수 높은 리바운드 LiNing 경량 보호 운동화 ARHW025,1005012581172731,8月,ARHW025-1H,66.92,66.92
[오사코 수구루 스타일] Li-Ning 유니섹스 FEIDIAN 6 ELITE 레이싱 런닝화 CARBON PLATE LiNing Light Professional 스니커즈 ARMW001,1005010584372624,8月,ARMW001-25H,131.23,131.2275
Li-Ning 남성용 YUEYING 6 와이드 토 박스가 있는 최적화된 쿠션 런닝화 TEMPO BOUNSE 안정적인 지지력 LiNing 스니커즈 ARHW017,1005012330276929,8月,ARHW017-7H,34.55,34.555
Li-Ning 남성용 YUEYING 6 PRO 와이드 토 박스가 있는 최적화된 쿠션 런닝화 SUPER BOOM 반사 리닝 라이트 스니커즈 ARHW015,1005012325433267,8月,ARHW015-5H,57.8,57.805
361도 미로 SL 남성용 운동화 경량 내구성 통기성 높은 탄력성 소프트 유니섹스 트레이닝 스니커즈 672622220,1005012323022463,8月,Macaron,84.01,84.0105
Xtep Light Boat MAX 남성용 경량 리바운드 높이 증가 강력한 추진력 운동화 874219110095,1005012200912210,8月,Orange,64.4,64.4005
XTEP 2000km 5.0 전문 마라톤 운동화 쿠션감이 있는 통기성 경량 청소년 스포츠 신발 874119110023,1005012518419926,8月,Gold,43.49,43.493037037037
Li-Ning 유니섹스 DI LU 3 트레일 러닝화 XTRM-BOOM FIBER 통기성 경량 안정적인 LiNing 장거리 운동화 ARNW009,1005011983023720,8月,ARNW009-3H,80.88,80.875
Xtep 원피스 모델링 5.0 소프트 쿠셔닝 솔 컴뱃 논슬립 내구성 지원 남성용 러닝화 874219110036,1005011789640847,8月,Purple,51.13,51.128537037037
XTEP 2000km PRO 남성용 러닝화 2026 봄 소프트 내구성 안정성 편안함 경량 남성 스포츠 스니커즈 874219110026,1005011540938142,8月,pink,54.31,54.307
QCY Crossky C50 오픈 이어 무선 이어버드 블루투스 6.0 컴포트 클립온 이어폰 4 마이크 AI 클리어 콜 베이스 부스트 헤드폰 35시간 재생 시간 스포츠 러닝용,1005009084986255,8月,WHITE,22.69,22.6865
ONEMIX 남성용 새로운 전문 운동화 Anti-slip 초경량 리바운드 운동 나일론 플레이트 스포츠 신발 학생 운동화,4001230379864,8月,blue pink,28.04,28.035
ONEMIX 2026 남성용 오리지널 운동화 캐주얼 스니커즈 남성용 야외 운동화 여름 메쉬 여성 스포츠 스니커즈,1005009688402290,8月,gym green,28.43,28.4335
ONEMIX 2026 남성용 운동화 초경량 야외 운동 훈련 조깅 운동화 미끄럼 방지 내마모성 걷기 운동화,1005011973237225,8月,grey,42.67,42.6725
ONEMIX 여성용 경량 통기성 메쉬 스니커즈 충격 흡수 미끄럼 방지 소프트 솔 운동화(피트니스 및 다용도),1005012225575763,8月,green,39.86,39.86
AMD Ryzen 5 9600X CPU 100% Brand New AMD 9600X Processor Up to 5.4GHz 6-Core 12-Thread 32MB L3 Cache Socket AM5 Zen 5 Gaming CPU,1005009420228663,8月,China Mainland,129.05,129.048
AMD Ryzen 7 7800X3D R7 7800X3D CPU 8-Core 16-Thread 5GHz Unlocked Desktop Processor Socket AM5 Gaming CPU Without Packag,1005009495052188,8月,China Mainland,222.3,222.303
"AMD Ryzen 7 9800X3D (예상) 게이밍 CPU - 차세대 8코어/16스레드 최대 5.7GHz, 104MB+ 캐시(3D V-Cache) Zen 5 소켓 AM5 - 쿨러 미포함",1005009371232000,8月,,313.23,313.234
"크루셜 P510 1TB SSD NVMe PCIe Gen5 x4 M.2 2280 내장형 솔리드 스테이트 드라이브 최대 11,000MB/s 노트북 데스크탑 PC용 오리지널 박스",1005011590764602,8月,1TB,144.83,144.8305
테슬라 모델 YL 2026년 출시용 + 4개 허브캡 자동차 교체용 휠캡 19인치 고성능 자동차 허브캡 커버 액세서리,1005012529854922,8月,"Bright Black, Tesla, Model YL",40.66,40.6564925373134
"내마모성 통기성 PU 시트 쿠션 세트, 테슬라 모델 Y YL 주니퍼 2025 플러스용 분리형 싱글 시트 및 등받이 보호 패드",1005012466797592,8月,Y-gray white 7pcs,40.48,40.4785925925926
"내마모성 통기성 PU 시트 쿠션 세트, 테슬라 모델 Y YL 주니퍼 2025 플러스용 분리형 싱글 시트 및 등받이 보호 패드",1005012466797592,8月,YL light gray 11PCS,64.14,64.1381481481481
울프박스 DF200 전동 강력 팬 먼지제거기 무선 에어 블로워 에어 더스터 3단 속도 조절 휴대용 팬 (자동차/가정/야외용),1005011668703689,8月,DF200,47.88,47.882
JUST Fit for Tesla Model Y Juniper 2025 2026 RWD Produced in Berlin Brake Caliper Covers 4pcs/set Front Wheel+Rear Wheel,1005011620890870,8月,Red|Yellow,59.8,59.8
전기 분무기 병 무선 충전식 휴대용 청소 도구 분무 스프링클러 물뿌리개 물 분무기 정원 식물,1005012645154334,8月,,7.11,7.108
테슬라 모델 3 Y용 9.6인치 계기판 디스플레이(에어벤트 포함) 사각지대 알림 OTA 업데이트 지원 무선 CarPlay,1005010232007924,8月,Model3 Y LHD,117.15,117.15437037037
테슬라 신형 모델 Y 출시용 주니퍼 ABS 실리콘 논슬립 매트 콘솔 및 팔걸이 수납함 상하부 워터컵,1005009865966385,8月,8in1,13.56,13.563
YZ 새로운 테슬라 모델 3/Y/YL 하이랜드 주니퍼 2025 45W 급속 충전기 확장 도크 USB 션트 허브 지능형 도킹 스테이션 자동차 어댑터 전원 액세서리용,1005009614406685,8月,Type-C and Type-C,12.29,12.2855
ETENWOLF ZEPHYR V3 휴대용 자동차 압축기 160 PSI 100% 듀티 사이클 자동차 타이어 팽창기 7800mAh 자동차 오토바이 자전거 공,1005008691098376,8月,V3 Black,23.75,23.7450185185185
Tesla ModelY 21-2025 용 캐노피 자동차 트렁크 확장 텐트로 방수 야외 자동차 트렁크 텐트 햇빛 방지 캠핑 장비,1005012767103047,8月,Model Y Juniper 2025,43.16,43.159
"테슬라 모델 Y/주니퍼 여행용 접이식 캠핑 피크닉 테이블, 뒷 트렁크에 맞는 휴대용 접이식 부트 테이블 및 의자 세트",1005008491772708,8月,Model Y set,31.1,31.096
"테슬라 모델 YL 2026년 출시용 TPE 앞뒤 도어실 프로텍터, 문턱 스트립, 안티킥 가드 패널, 실내 장식 세트",1005012031223069,8月,"8PCS Black, For LHD Model YL",46.39,46.391
신형 모델 Y 주니퍼 도어 핸드바 앰비언트 라이트 신형 모델 3 하이랜드 도어 그랩 포켓 라이트 자동차 실내 RGB 분위기 램프,1005010721426124,8月,New Y Juniper,55.98,55.98
"테슬라 T1-카라오케 마이크, USB-A 및 USB-C 수신기가 있는 충전식 카라오케 마이크, 플러그하여 사용, 페어링 필요 없음",1005009225665844,8月,Tesla-Two Mics,42.23,42.231
1 4 5PcsFor Tesla NewModelY Juniper 2025 TPE 전면 후면 도어 씰 보호기 임계 값 스트립 안티 킥 가드 패널 방수 패드,1005008935484088,8月,5PCS,28.8,28.805
YZ 테슬라 모델 3 Y/YL 하이랜드 주니퍼 마그네틱 자동차 휴대폰 홀더 360도 회전 금속 자동차 장착용 모든 휴대폰용,1005008529747643,8月,Foldable model,11.04,11.0375
"Feyree EV 충전기 휴대용 3.5kW TS-NACS 충전기 플러그 Tesla 자동차 용 지연 일정 충전 스테이션이 설정된 1.8 ""LCD 화면",1005007033118195,8月,Schuko Plug,71.23,71.2315
VJOYCAR 2025 새 모델 Y 주니퍼 새로운 3 하이랜드 후면 전면 트렁크 방수 LED 스트립 분위기 밝게 라이트 플러그 앤 플레이,1005008844281255,8月,"Cold White, Model Y L, for Front Frunk",15.38,15.38
TANGZU WANER II Bass Edition Red Lion Dynamic--드라이버 인이어 이어폰 고품질 사운드 편안한 착용감 유선 이어버드,1005012700841879,8月,3.5mm NOMIC,12.28,12.2805
EPZ P40 Star Trails PZT 세라믹 인이어 이어폰 HiFi 모니터링 유선 이어폰 2DD+1Planar 하이브리드 드라이버 분리형 IEMs 케이블,1005010730142827,8月,P40,95.77,95.766
UGREEN PD3.1 240W USB-C to USB-C 케이블 소프트 USB-IF 인증 고속 충전 노트북 맥북 아이폰 17 삼성 S25 타입-C 코드,1005010424497974,8月,"PD240W Soft,1M",3.88,3.877
케이블타임 마그네틱 PD240W pd3.1 케이블 USB C to USB C 고속 충전 어댑터 타입 C to C 전원 공급 케이블 (폰 16 15 Pro Max 아이패드 맥스용),1005008107946476,8月,Black / 1m,5.05,5.0525
Fosi Audio ZH3 HIFI 헤드폰 앰프 AKM4493SEQ 데스크탑 DAC 완전 밸런스드 프리앰프(리모트 12V 트리거 입력 포함),1005010016597390,8月,ZH3-EU,122.99,122.9905
MCHOSE MIX87 마그네틱 스위치 키보드 유선 게임용 키보드 8K + 256K Esport 0.08ms 낮은 대기 시간 E-스포츠 맞춤형 게이머 액세서리,1005009403572639,8月,Black TaiShan Switch,47.29,47.2885
"Essager 65W GaN 충전기 (수납형 케이블 포함) PD 고속 충전 (노트북, 맥북, 아이폰 16, 15, 14, 샤오미, 타입C 휴대폰용)",1005008483869947,8月,EU Black Charger,11.53,11.5255
"65W GaN USB 충전기 (C타입 접이식 케이블 포함) 3포트 QC4.0 PD3.0 PPS 고속 충전기 (맥북, 아이폰 16, 15, 14, 샤오미 호환)",1005009267889844,8月,Korea Plug,10.29,10.288
Edifier MR5 2.0 모니터 스피커 시스템 Bluetooth V6.0 LDAC 고해상도 무선 스피커 3방향 액티브 크로스오버 110W RMS,1005009103399159,8月,Black,100.62,100.6155
Fosi Audio DS2 미니 오디오 USB DAC 동글 헤드폰 앰프 DSD 디코더 앰프 지원 3.5MM 및 4.4MM 밸런스드 32bit/384kHz,1005006691690191,8月,DS2,31.98,31.9785
홀리랜드 라크 M2S 얼티밋 콤보 (카메라 RX+라이트닝 RX+타입-C RX) 아이폰/카메라/안드로이드/PC용 무선 라발리어 마이크,1005012576356124,8月,Ultimate Combo white,76.05,76.05
VGN Dragonfly 3 마스터,1005012756822033,8月,MasterPlus BlackGold|MasterPlus White|MasterPlus Rose|MasterPlus Orange,31.51,31.514
Rapoo VT7s VT7 Air,1005012775716660,8月,VT7 Air MAX V2  200个|VT7s Air MAX V2  200个,34.65,34.647
베이스어스 45W 미니 파워뱅크 10000mAh 내장 USB-C 케이블 포켓 사이즈 소형 고속 충전 휴대용 아이폰 17 삼성 S25용,1005010724501614,8月,45W Black,20.83,20.83
로지텍 MX 마스터 4 무선 게이밍 마우스 AI 스마트 전자기 스크롤 휠 블루투스 마우스 스위칭 오피스 8K 멀티 디바이스,1005012517713573,8月,black,100.26,100.255925925926
"Mijia Smart DC Inverter Standing Fan Pro 120° Wide Oscillation, Natural Wind Mode, 26 Speed Setting for Home/Office",1005008865854288,8月,BPLDS09DM,45.55,45.545
베이스어스 USB C 허브 듀얼 HDMI 8K 4K 어댑터 10-in-1 USB 3.2 10Gbps 분배기 RJ45 SD TF 타입 C PD 100W 맥북 프로 에어 허브용,1005009206119272,8月,7-in-1 4K HDMI SD TF,11.63,11.6275
JONR Robot Vacuum P20 Pro International Edition Mopping Vacuuming Dushing Wipes Automatic Cleaning Dust Collecting Drainage Water,1005010178835114,8月,P20 Pro,120.92,120.9245
CN ROM Lenovo Xiaoxin Pad Pro 13 2026 Snapdragon 8s Gen 4 LCD Screen 2.4K 3504*2190 Resolution 13'' 144Hz 10200mAh 45W TB376FC,1005012756430808,8月,8G 128G Grey,193.54,193.542
【CCC 인증】UGREEN Nexode Pro 200W 25000mAh 보조배터리 접이식 케이블 노트북 고속 충전용 휴대용 PD 외부 배터리 보조 배터리 배송은 10~18일 이내에 이루어집니다.,1005008249818662,8月,200W,54.51,54.5145
UGREEN 145W 20000mAh 보조베터리 맥세이프 Qi2 15W 자기 무선 보조베터리 스테이션 유그린 PD3.1 노트북 100W 고속충전 고속 충전용 외장 배터리 대용량 맥세이프 충전기,1005006713514328,8月, White,24.02,24.025
Logitech MX Master 3S Wireless Bluetooth Mouse High End Cross Screen Laptop,1005012751169006,8月,black,55.7,55.7035555555555
Original Lenovo Legion Y700 5th Gaming Tablet CN Version Snapdragon 8 Elite Gen5 8.8‘’ 3K 165Hz Display 9000mAh Android Pad PC,1005012747969548,8月,12GB 256GB Black,414.18,414.18
CAMPINGMOON CK-24 오픈 네트 케이지 캠핑 홈 접이식 수납 바구니 IGT 1개 수납함,1005011884091924,8月,CK-24BF,13.58,13.5795
BISINNA 캠핑 스토브 4000W 고출력 분할형 접이식 휴대용 가스 부탄 야외 배낭여행 하이킹 요리용,1005012339879928,8月,Grey,14.87,14.8715
파이어 메이플 원격 부탄 스토브 초슬림 내장형 피에조 점화기 고출력 백패킹 카세트 가스 버너 7100W,1005010545598751,8月,Silver,68.56,68.557
"무한한 항해 티타늄 밥솥 냄비 야외, 하이킹, 여행용 초경량 캠핑 조리기구 세트 Ti-2093c",1005009824456299,8月,Normal surface,35.41,35.4125
네이처하이크 에어 7.3 경량 풍선 텐트 7.7kg 휴대용 자체 스탠딩 30D 패브릭 TPU 에어 튜브 캠핑 텐트 CNK2300ZP012,1005012663625693,8月,Air 7.3,133.4,133.4
네이처하이크 모기 킬러 램프 USB 충전식 전기 파리잡이 곤충 킬러 퇴치제 야외 모기 퇴치등,1005012258472986,8月,Green,15.3,15.305
접이식 휴대용 캠핑 라이트 텔레스코픽 랜턴 삼각형 스탠드베이스가있는 내장 10000mAh 야외 방수 마그네틱 램프,1005012640137191,8月,Grey,16.08,16.078
네이처하이크 캠핑 텐트 2인 초경량 휴대용 방수 캐노피 텐트 야외 방수 Sunproof 여행 해변 텐트,1005007293373468,8月,Grey,143.73,143.728
"WACACO Pipamoka, 올인원 진공 가압 휴대용 커피 메이커, 절연 여행용 머그, 수동식 및 압력 브루어",4000936047539,8月,-,33.9,33.9
파이어-메이플 페트렐 울트라라이트 티타늄 스플릿 스토브 휴대용 캠핑 버너 윈드스크린 포함 컴팩트 아웃도어 하이킹 요리용,1005009930441042,8月,PetrelStoveRamen Set,33.64,33.6385
파이어맵 페트렐 푸어오버 커피 주전자 구스넥 스파우트 커피 포트 탈부착 스파우트 핸들 휴대용 접이식 HX 주전자,1005011776861844,8月,Petrel Coffee Kettle,24.03,24.032
"레이네오 GT 스마트 글래스 네이티브 3DoF 고화질 XR 디바이스 201인치 초대형 화면, 듀얼 레이어 마이크로 OLED",1005012525337068,8月,"Standard Edition, GT",258.05,258.05
ASOMETECH 300W GaN USB 충전기 스테이션 LED 디스플레이 접이식 타입 C 케이블 100W 65W PD3.0 PPS Macbook 삼성용 고속 충전기,1005012089647708,8月,"Space Gray, Korea Plug",29.48,29.477
투키 PD 100W USB 접이식 케이블 C타입 to C타입 고속 충전 케이블 (아이폰 15 16 Pro Max 샤오미12 13 삼성 S23 S24 호환),1005009466301312,8月,3pcs 100W Cable,7.69,7.69
Edifier MR5 2.0 모니터 스피커 시스템 Bluetooth V6.0 LDAC 고해상도 무선 스피커 3방향 액티브 크로스오버 110W RMS,1005009103399159,8月,Black,101.12,101.1155
"UWANT M500 청소기는 강력한 흡입력, 진드기 제거 기능, UVC 살균 기능을 갖추고 있으며, 먼지와 진드기를 감지하는 스마트 센서와 열풍 건조 기능도 탑재되어 있습니다",1005008985120898,8月,단일옵션,28.76,28.762
새로운 MIJIA 전동 공구 세트 휴대용 드라이버 가정용 수공구 키트 좋은 품질의 플라스틱 도구 상자 보관 케이스 CN,1005012671462695,8月,black	Toolbox,39.15,39.1485
"50000mAh 휴대용 캠핑 팬, 리모컨 포함, 4단 풍속, 빠른 충전, 야외 낚시 여행용 냉각 전기 팬",1005012316180618,8月,fan-F31-OR-30000mAh,27.27,27.2681481481481
DOCO High Speed Hair Dryer 75m/s wind speed Negative Ion Hair Care 110000 Rpm UK/EU Plug Lightweight Home Travel Gift,1005007892532718,8月,"DARK GRAY,EU",16.11,16.111037037037
"Mijia Smart DC Inverter Standing Fan Pro 120° Wide Oscillation, Natural Wind Mode, 26 Speed Setting for Home/Office",1005008865854288,8月,"XIAOMI Floor Fan Pro,EU",45.55,45.545
네이처하이크 유멍 브러쉬드 에어 매트리스 캠핑 에어 쿠션 야외 연결 가능 침대 10CM 텐트 인플레이터블 침대 더블 슬리핑 패드,1005010776924149,8月,"2P Gray Electric,China Mainland",61.76,61.76
"AULA F108Pro/F108 Wireless Bluetooth tri-mode connection, multi-functional display, Gasket structure, RGB lighting effects",1005011698703994,8月,"F108 Pro Yellow Mix,China Mainland",36.05,36.0462962962963
DJI 오즈모 포켓 4 10비트 D-Log 14스톱 다이나믹 레인저 새로운 액티브트랙 새 상품 정품,1005012162117705,8月,combo,446.44,446.4425
【CCC 인증】UGREEN Nexode Pro 200W 25000mAh 보조배터리 접이식 케이블 노트북 고속 충전용 휴대용 PD 외부 배터리 보조 배터리 배송은 10~18일 이내에 이루어집니다.,1005008249818662,8月,200W,54.51,54.5145
DOCOLAB 금속 전기 면도기 미니 휴대용 자기 양방향 수염 트리머 남성용 전신 세척 면도기 면도기,1005012515223272,8月,단일옵션,17.51,17.51
처방전 렌즈 프레임 레이네오 GT 안경,1005012806917950,8月,단일옵션,14.55,14.55
"Lenovo Xiaoxin Active Stylus Pen (2nd Gen) - 4096 Pressure Level, Magnetic Attach, Capacitive Touch for Lenovo Tablets, Official",1005012751357065,8月,Stylus,18.79,18.7925
"Lenovo Xiaoxin Active Stylus Pen (2nd Gen) - 4096 Pressure Level, Magnetic Attach, Capacitive Touch for Lenovo Tablets, Official",1005012751357065,8月,Stylus Pro,47.49,47.493
"Lenovo Xiaoxin Active Stylus Pen (2nd Gen) - 4096 Pressure Level, Magnetic Attach, Capacitive Touch for Lenovo Tablets, Official",1005012751357065,8月,Stylus Pro 2nd,53.91,53.905
Western Digital SN740 1TB 2TB M.2 2230 Gen4 PCle 4.0 NVMe Solid State Drive for Steam Deck Rog ally Surface ProX Laptop PC,1005010024519793,8月,2TB,155.19,155.19
Western Digital SN740 1TB 2TB M.2 2230 Gen4 PCle 4.0 NVMe Solid State Drive for Steam Deck Rog ally Surface ProX Laptop PC,1005010024519793,8月,,155.16,155.164
Western Digital WD SN850X SSD 1TB 2TB NVMe Gen4 PCIe M.2 2280 PCIe 4.0X4 Drive Internal Solid State Disk for PS5 Desktop Laptop,1005012869707836,8月,SN850X 2TB 7300MBs,247.88,247.8775
Western Digital WD SN850X SSD 1TB 2TB NVMe Gen4 PCIe M.2 2280 PCIe 4.0X4 Drive Internal Solid State Disk for PS5 Desktop Laptop,1005012869707836,8月,SN850X 1TB 7300MBs,158.05,158.050666666666
Crucial P505 SSD 2TB PCIe 5.0 NVMe M.2 2280 Internal Solid State Drive QLC Compatible with Laptop Desktop for PC Gamer(OEM Pack),1005012284139501,8月,"2TB,China Mainland",199.86,199.8575
JUHOR DDR5 16GB 4800MHz 5600MHz 6000MHz  RAM UDIMM for Computer PC Desktop Memory Ram DDR5,1005006723215837,8月,"5600MHz,16 GB,DDR5",147.72,147.7165
CN ROM Lenovo Xiaoxin Pad Pro 13 2026 Snapdragon 8s Gen 4 LCD Screen 2.4K 3504*2190 Resolution 13'' 144Hz 10200mAh 45W TB376FC,1005012756430808,8月,8GB 128GB Grey,191.93,191.934740740741
"Lenovo Legion Y900 13 Inch AI Tablet PC, Snapdragon 8 Elite, 144Hz 4K HD Display, Gaming & Office Learning Tablet, High Performa",1005012360565223,8月,8 256 BLACK,338.35,338.352
Original Lenovo Legion Y700 5th Gaming Tablet CN Version Snapdragon 8 Elite Gen5 8.8‘’ 3K 165Hz Display 9000mAh Android Pad PC,1005012747969548,8月,12GB 256GB Black,412.88,412.88
"GMKtec M8 미니 PC: AMD Ryzen 5 PRO 6650H, 16GB RAM, SSD·OS 미포함, 트리플 4K 디스플레이, Wi-Fi 6E, 블루투스 5.3, USB-C, DP 지원 미니 데스크톱",1005011628686589,8月,"Ryzen 5 PRO 6650H, LPDDR5 16GB NO SSD",170.45,170.448
"레노버 리전 Y700 2025 CN 안드로이드 패드 4세대 TB322FC 게이밍 태블릿 12/256GB 16/512GB 스냅드래곤 8 엘리트 8.8인치 165Hz 7600mAh 태블릿    3月报名价$424.21到手$320.00， 6月报名价$451.00,到手$339.47，11月报名价$383.78，到手$274.59",1005012701870421,8月,12GB 256GB Black,317.69,317.693
UGREEN 100W GaN Charger With Smart Display For MacbookPro Laptop iPhone 17 16 Pro iPad Tablet Samsung QC4.0 PD 3.0 USB C Charger,1005011797591180,8月,GaN 100W- KR Plug,30.55,30.552
【CCC Certification】Vention 165W Power Bank 20000mAh PD Fast Charger for Laptop Portable 3C Powerbank for iPhone 17 Samsung S25,1005011773041416,8月,165w Max Gray,29.31,29.3055
Hagibis M.2 NVMe SSD 인클로저(잉크 디스플레이 포함) 10Gbps 잉크 스크린 알루미늄 외장 SSD 케이스(2230/2242/2260/2280 SSD용),1005011549678454,8月,Silver,20.02,20.023
"GMKtec K12 Gaming Mini PC AMD Ryzen 7 H 255(Upgraded 8745HS) Desktop Mini Computers Radeon 780M WiFi 6E/BT5.2, USB-C,  Barebone",1005009835919350,8月,"AMD Ryzen 7 H 255, No Ram No Storage",193.79,193.793
"투키 10000mAh 마그네틱 보조배터리 C타입 케이블 포함 22.5W 고속 충전 LED 디스플레이 파워뱅크 (아이폰 14, 15, 16, 삼성 S23 호환)",1005009656870515,8月,Black,14.26,14.2555
UGREEN 145W 20000mAh 보조베터리 맥세이프 Qi2 15W 자기 무선 보조베터리 스테이션 유그린 PD3.1 노트북 100W 고속충전 고속 충전용 외장 배터리 대용량 맥세이프 충전기,1005009327896904,8月,Qi2 25W Upgrade,23.3,23.3025
【Korean Plug】UGREEN 200W GaN 충전기 8 in 1 데스크톱 충전 스테이션 맥북 노트북 아이폰 17 16 프로 샤오미 삼성 태블릿 용,1005009221386078,8月,KR GaN 200W,39.29,39.293
MOVESPEED Z70Pro Power Bank 70000mAh 140W PD Fast Charge External Battery Power Station w/ Flashlight for Laptop Outdoor Camping,1005006728908037,8月,140W  70000mAh,57.06,57.0575
Edifier M90 Bi-amped 2.0 Speaker Compact Design Bluetooth V6.0 LDAC Hi-Res Audio Wireless Speaker with Remote 100W RMS,1005011600003372,8月,White,103.12,103.1155
레이네오 에어 4 프로 스마트 AR 글래스 3G 음성 제어 IPX-5 방수 4K 비디오 캡처 헤드 마운트 XR 지원 DP 계약,1005009594689499,8月,Air 4 Pro,192.55,192.55
"빅미 Bigme E-book Reader B6, 6-inch e-ink electronic book, 36-level front light, Android 14 OS built-in Google Play, 4+64GB ereader",1005009645730948,8月,B6 White,122.9,122.9
Netac 7400MB/s SSD NVMe M2 2TB 1TB 512GB 4TB Internal Solid State Hard Drive M.2 PCIe 4.0x4 2280 SSD Disk for PS5 Laptop PC,1005003017362331,8月,NV7000-t 1TB,100.99,100.99
Netac 7400MB/s SSD NVMe M2 2TB 1TB 512GB 4TB Internal Solid State Hard Drive M.2 PCIe 4.0x4 2280 SSD Disk for PS5 Laptop PC,1005003017362331,8月,NV7000-t 2TB,167.99,167.99
Netac NVMe SSD M2 1TB 2TB 500GB 250GB 3500MB/s SSD PCIe3.0 M.2 2280 SInternal Solid State Drives Disk NV3000 for Laptop Desktop,1005005445585329,8月,500GB,46.99,46.99
Netac NVMe SSD M2 1TB 2TB 500GB 250GB 3500MB/s SSD PCIe3.0 M.2 2280 SInternal Solid State Drives Disk NV3000 for Laptop Desktop,1005005445585329,8月,1TB,82.99,82.99
새로운 레노버 13'' 보호용 폴리오 케이스 2026 레노버 샤오신 패드프로 13/프로 GT 13인치 태블릿용 레노버 아이디어 탭 프로 2세대 PU용,1005012482717582,8月,Light Grey,11.51,11.511
CN ROM Lenovo Xiaoxin Pad Pro 13 2026 Snapdragon 8s Gen 4 LCD Screen 2.4K 3504*2190 Resolution 13'' 144Hz 10200mAh 45W TB376FC,1005012756430808,8月,8GB 128GB Grey,191.93,191.934740740741
로지텍(G) G304X 무선 게이밍 마우스(충전 케이블 포함) 57그램 경량 듀얼 모드 6키 매크로 프로그래밍 원클릭 co,1005012721198046,8月,G304X White,23.08,23.079
"울란지 SK-21 마그네틱 자동 개방 삼각대 셀카봉 (아이폰 17, 16, 15, 14 호환) 휴대용 셀카 그라운드 삼각대 (여행, 브이로그, 비디오 촬영용)",1005011609923941,8月,SK-21,20.26,20.2605
"빅미 Bigme E-book Reader B6, 6-inch e-ink electronic book, 36-level front light, Android 14 OS built-in Google Play, 4+64GB ereader",1005010746041347,8月,B6 white with case,128.5,128.5
"오리코 케이블랩 휴대용 여행용 멀티탭 65W GaN 고속 충전 스테이션 (AC 콘센트 2개, USB 2개, 타입-C 2개, EU 플러그 어댑터 포함)",1005010535422829,8月,EU plug Blue,16.37,16.37
"빅미 B7 PRO 전자책 리더, 7인치 e-잉크 전자책, 300PPI, 36단계 전면 조명 눈 보호, 8+256GB, 안드로이드 14 OS 전자책 리더",1005010528768809,8月,B7 Pro-white,263.13,263.133
미지아 차량용 무선 청소기 21kPa 흡입력 타입-C 충전 5단계 필터링 2400mAh 가정용 무선 청소기 물세척 가능,1005010338145379,8月,Vacuum Cleaner,35.93,35.9345
Essager 15W 3 in 1 마그네틱 무선 충전기 (96cm 접이식 타입 C 케이블 포함) 아이폰 16 15 14 13 Pro Max 에어팟 시계용,1005009639581096,8月,-,11.89,11.8865
투키 PD 100W USB 접이식 케이블 C타입 to C타입 고속 충전 케이블 (아이폰 15 16 Pro Max 샤오미12 13 삼성 S23 S24 호환),1005009466301312,8月,3pcs 100W Cable,7.69,7.69
"MIJIA 스마트 홈 제습기 13L 저소음, 3L 물탱크, 앱 제어",1005009183741904,8月,Dehumidifier 13L,100.69,100.691111111111
"Lenovo Xiaoxin Active Stylus Pen (2nd Gen) - 4096 Pressure Level, Magnetic Attach, Capacitive Touch for Lenovo Tablets, Official",1005012751357065,8月,Stylus,18.79,18.7925
"Lenovo Xiaoxin Active Stylus Pen (2nd Gen) - 4096 Pressure Level, Magnetic Attach, Capacitive Touch for Lenovo Tablets, Official",1005012751357065,8月,Stylus Pro,47.49,47.493
"Lenovo Xiaoxin Active Stylus Pen (2nd Gen) - 4096 Pressure Level, Magnetic Attach, Capacitive Touch for Lenovo Tablets, Official",1005012751357065,8月,Stylus Pro Gen2,53.91,53.905
DOCO High Speed Hair Dryer 75m/s wind speed Negative Ion Hair Care 110000 Rpm UK/EU Plug Lightweight Home Travel Gift,1005007892532718,8月,"DARK GRAY,EU",16.11,16.1135
【Coming Soon】Edifier MR4 MKII Bi-amped Studio Monitor 2.0 Speaker 80W RMS Output Bluetooth 6.0 Hi-Res Wireless Speaker,1005012649211385,8月,"White,China Mainland",74.72,74.7205
Mixi 새로운 알루미늄 프레임 가방은 USB 포트 탑승 캐빈 컵 및 전화 홀더가 있는 롤링 수하물을 운반합니다. 20 24 인치,1005006814383354,8月,"Smoke White,20Inches 500mm",51.6,51.6015
Mixi 새로운 알루미늄 프레임 가방은 USB 포트 탑승 캐빈 컵 및 전화 홀더가 있는 롤링 수하물을 운반합니다. 20 24 인치,1005006814383354,8月,"Smoke White,24",57.19,57.187
유그린 울트라 슬림 30W 10000mAh 파워뱅크 마그네틱 무선 충전 내장 케이블 파워뱅크 (아이폰 17 프로 맥스용 MagSafe 호환),1005007906808218,8月,"Blue, 10000mAh",32.97,32.965
【Coming Soon】Edifier MR4 MKII Bi-amped Studio Monitor 2.0 Speaker 80W RMS Output Bluetooth 6.0 Hi-Res Wireless Speaker,1005012649211385,8月,"White,China Mainland",74.72,74.7205
【CCC】MOVESPEED P32 보조 배터리 및 팬 2 in 1 휴대용 10000mAh 22.5W 고속 충전 보조 배터리 및 야외용 팬,1005012292411258,8月,MSP32 Purple,23.0,23
"GMKtec K12 Gaming Mini PC AMD Ryzen 7 H 255(Upgraded 8745HS) Desktop Mini Computers Radeon 780M WiFi 6E/BT5.2, USB-C,  Barebone",1005009835919350,8月,"AMD Ryzen 7 H 255, No Ram No Storage",193.79,193.793
CN ROM Lenovo Xiaoxin Pad Pro 13 2026 Snapdragon 8s Gen 4 LCD Screen 2.4K 3504*2190 Resolution 13'' 144Hz 10200mAh 45W TB376FC,1005012756430808,8月,"Standard Discount, 8GB 128GB Global",191.93,191.934740740741
"Lenovo Xiaoxin Pro GT 13"" Tablet, 3.5K Ultra HD Eye-Care Display 12000mAh Long Battery Life Snapdragon 8 Elite High Performan",1005012653686587,8月,8G 256G Grey,305.92,305.9235
ALLDOCUBE iPlay 80 mini Pro Tablet 8.4'' 90Hz UNISOC T7300 16GB( 8GB+8GB Virtual) RAM 128GB ROM Android 16 6050mAh 4G LTE Tablet,1005012132146352,8月,Only Tablet,102.46,102.46
베이스어스 5000mAh 마그네틱 보조배터리 22.5W USB-C & 7.5W/15W 무선 충전 6.9mm 카드형 NFC 배터리 모니터링 (아이폰 17용),1005012100739085,8月,22.5W Black,27.5,27.5
Lexar THOR RGB 2nd DDR5 RAM 6000MHz 16GBx2 CL38 1.35V 마이크론 DRAM 칩 게이밍 데스크탑 메모리 오버클럭킹 인텔 XMP 3.0 AMD EXPO,1005010217885592,8月,6000MHz CL38 Black,323.8,323.800223880597
"UGREEN 100W GaN 충전기 (수축형 USB-C 케이블 포함) UFCS, PPS, PD 고속 충전 지원, 노트북, MacBook Pro, iPad, 태블릿, iPhone, Samsung 호환",1005009575649438,8月,EU GaN 45W,17.03,17.0305
"UGREEN 100W GaN 충전기 (수축형 USB-C 케이블 포함) UFCS, PPS, PD 고속 충전 지원, 노트북, MacBook Pro, iPad, 태블릿, iPhone, Samsung 호환",1005009575649438,8月,EU GaN 100W,27.71,27.7105
베이스어스 USB C 허브 듀얼 HDMI 8K 4K 어댑터 10-in-1 USB 3.2 10Gbps 분배기 RJ45 SD TF 타입 C PD 100W 맥북 프로 에어 허브용,1005009206119272,8月,7-in-1 4K HDMI SD TF,11.63,11.6275
베이스어스 USB C 허브 듀얼 HDMI 8K 4K 어댑터 10-in-1 USB 3.2 10Gbps 분배기 RJ45 SD TF 타입 C PD 100W 맥북 프로 에어 허브용,1005009206119272,8月,7-in-1 4K HDMI RJ45,15.54,15.5415
Baseus GaN 충전기 범용 여행용 어댑터 내장 70W 접이식 케이블 2AC 2 USB-A Type-C 고속 충전 EU/UK/USA/AUS,1005009205983512,8月,Black,23.07,23.075
"Mijia Smart DC Inverter Standing Fan Pro 120° Wide Oscillation, Natural Wind Mode, 26 Speed Setting for Home/Office",1005008865854288,8月,BPLDS09DM,45.55,45.545
"Hagibis USB C 허브, M.2 SSD 인클로저 포함, 맥 미니 M4/M4 프로 스탠드, C타입 도킹 스테이션 SSD 케이스, USB3.2 Gen2 SD4.0 TF4.0",1005008193885723,8月,MC60,32.03,32.0325
"ZEUSLAP 16"" 2.5K 144hz Portable Monitor 2560*1600 16:10 100%sRGB 500Cd/m²  Travel Gaming Display for Laptop Switch ps4 ps5 Xbox",1005006384112217,8月,/,84.84,84.8445
"Logitech G PRO X SUPERLIGHT 2 wireless gaming mouse, 60 g pro-grade mouse with 5 programmable buttons, 44k DPI sensor, 8 kHz rep",1005012838997146,8月, Pink ,80.51,80.513333333334
"Logitech G PRO X SUPERLIGHT 2 wireless gaming mouse, 60 g pro-grade mouse with 5 programmable buttons, 44k DPI sensor, 8 kHz rep",1005012838997146,8月,Black,83.08,83.081851851852
Baseus Mini 100W Fast Charger USB C Charger Quick Charging For iPhone 17 16 15 Pro Max iPad Xiaomi Fast Charger GaN,1005012159884249,8月,EU Black 1m Cable,15.24,15.2405
【Coming Soon】Edifier MR4 MKII Bi-amped Studio Monitor 2.0 Speaker 80W RMS Output Bluetooth 6.0 Hi-Res Wireless Speaker,1005012649211385,8月,"White,China Mainland",74.72,74.7205
NEW MIJIA Electric Precision Screwdriver Magnetic Kit with 24 PCS Screw Heads Power Tools Sets for Smart Home PC Phone Repair,1005008229798130,8月,Electric Screwdriver,17.83,17.8305
Worx 4V Electrical Screwdriver Sets WX242 Smart Cordless Electric Screwdrivers SDS Chuck USB Rechargeable 30 Bit Sets,1005006025572712,8月,"WX242,China Mainland",21.56,21.5600740740741
AMD Ryzen 5 9600X CPU 100% Brand New AMD 9600X Processor Up to 5.4GHz 6-Core 12-Thread 32MB L3 Cache Socket AM5 Zen 5 Gaming CPU,1005009420228663,8月,China Mainland,129.05,129.048
"AMD Ryzen 5 5500X3D 6코어/12스레드 프로세서: 96MB L3 3D V-Cache 기술, 3.0-4.0GHz, 105W TDP, AM4 소켓 - 팬 없음 e스포츠용 조립 - e스포츠 빌드",1005009474947755,8月,AMD Ryzen 5 5500X3D New R5 5500X3D 3.0 GHz 6-Core 12-Thread CPU Processor 7NM L3=96M Socket AM4,130.7,130.7015
KingSpec DDR4 DDR5 16GB RAM Memory Ddr4 SODIMM 8gb 32GB 3200MHz 4800MHz 5600MHz 1.1V RAM for Laptop Notebook Memoria,1005001645351303,8月,"16 GB,DDR5 5600MHz",140.71,140.7135
Netac RAM DDR4 Memoria 8G 16G 8GX2 16GX2 3200MHz 3600MHz DDR5 4800MHz 5600MHz Ram UDIMM High-Quality ICs 288 Pin Dual Channel,1005012055257411,8月,"DDR4 3200MHz 16GBx2,DDR4",114.99,114.99
JUHOR DDR5 16GB 4800MHz 5600MHz 6000MHz  RAM UDIMM for Computer PC Desktop Memory Ram DDR5,1005006723215837,8月,DDR5 16GB 6000MHz,152.88,152.875
JUHOR DDR5 16GB 4800MHz 5600MHz 6000MHz  RAM UDIMM for Computer PC Desktop Memory Ram DDR5,1005010674147734,8月,"4800MHz,16 GB",108.1,108.1
Tablet Mount Metal Stands Holder Arm for 4.7-12.9 inch Phone iPad Xiaomi Huawei Samsung Kindle Switch Adjustable Desk Stand,1005010537338216,8月,White,16.71,16.712
UGREEN USB C HUB Steam Deck Docking Station 6-in-1 Type-C to 4K120Hz HDMI 5Gbps USB-A/C PD100W 1000Mbps RJ45 for ROG Ally Legion,1005010255498921,8月,6-in-1,19.31,19.3055
Netac NVMe SSD M2 1TB 2TB 500GB 250GB 3500MB/s SSD PCIe3.0 M.2 2280 SInternal Solid State Drives Disk NV3000 for Laptop Desktop,1005005445585329,8月,1TB,82.99,82.99
Essager Power Bank 20000mAh Portable PD 65W Fast Charging  Mobile Phone External Battery Powerbank For iPhone17 16 15 Laptop Mac,1005006974245321,8月,"black,20000mAh,China Mainland",19.49,19.491
UGREEN 100W GaN Charger With Smart Display For MacbookPro Laptop iPhone 17 16 Pro iPad Tablet Samsung QC4.0 PD 3.0 USB C Charger,1005006579895295,8月,"KR GaN 100W,China Mainland",24.7,24.701
Toocki 3/5Pcs PD 3.1 240W Type C To Type C Cable For iPhone 15 16 17 Pro Max Macbook Samsung S24 OLED Display Fast Charge Cable,1005011550271949,8月,"3Pcs Black,2m",14.34,14.341
"레노버 리전 Y700 2025 CN 안드로이드 패드 4세대 TB322FC 게이밍 태블릿 12/256GB 16/512GB 스냅드래곤 8 엘리트 8.8인치 165Hz 7600mAh 태블릿    3月报名价$424.21到手$320.00， 6月报名价$451.00,到手$339.47，11月报名价$383.78，到手$274.59",1005012701870421,8月,12GB 256GB White,317.69,317.693
"Lenovo Legion Y900 13 Inch AI Tablet PC, Snapdragon 8 Elite, 144Hz 4K HD Display, Gaming & Office Learning Tablet, High Performa",1005012360565223,8月,8 256GB black,338.35,338.352
FIREBAT F1 MINI PC AMD Ryzen 7 H255 LPDDR5 16GB RAM 512GB SSD WIFI6 BT5.2 Portable Desktop MINI-PC Windows 11 Desktop Computer,1005011551433345,8月,"AMD Ryzen 7 H255,16GB RAM 512GB SSD,EU",315.98,315.9845
"Lenovo Xiaoxin Pro GT 13"" Tablet, 3.5K Ultra HD Eye-Care Display 12000mAh Long Battery Life Snapdragon 8 Elite High Performan",1005012653686587,8月,Gray 12 256,340.62,340.622
"GMKtec K12 Gaming Mini PC AMD Ryzen 7 H 255(Upgraded 8745HS) Desktop Mini Computers Radeon 780M WiFi 6E/BT5.2, USB-C,  Barebone",1005009835919350,8月,"AMD Ryzen 7 H 255,No Ram No Storage,EU",193.79,193.793
CN ROM Lenovo Xiaoxin Pad Pro 13 2026 Snapdragon 8s Gen 4 LCD Screen 2.4K 3504*2190 Resolution 13'' 144Hz 10200mAh 45W TB376FC,1005012756430808,8月,8GB 128GB Grey,191.93,191.934740740741
Edifier M90 Bi-amped 2.0 Speaker Compact Design Bluetooth V6.0 LDAC Hi-Res Audio Wireless Speaker with Remote 100W RMS,1005011600003372,8月,White,103.12,103.1155
"UWANT V500 무선 청소기, 도킹 스테이션 포함, 자동 먼지 비움 기능 탑재, 230,000Pa의 강력한 흡입력, 미세먼지를 감지하는 마이크로 그린 라이트, LED 디스플레이 탑재, 작고 가벼운 디자인, 최대 40분간 사용",1005010661950273,8月,,73.26,73.255185185185
JONR Robot Vacuum P20 Pro International Edition Mopping Vacuuming Dushing Wipes Automatic Cleaning Dust Collecting Drainage Water,1005010178835114,8月,P20 Pro,119.97,119.968518518519
"XIAOMI MIJIA 전기 구강 세정기 업그레이드 버전 – 초음파, 90일 부드러운 사용, 물 치실 치과, 3가지 모드, 200mL 탱크",1005007685791957,8月,Upgraded version,16.66,16.6557037037037
Edifier MR5 2.0 모니터 스피커 시스템 Bluetooth V6.0 LDAC 고해상도 무선 스피커 3방향 액티브 크로스오버 110W RMS,1005009103399159,8月,White,100.62,100.6155
"Mijia Smart DC Inverter Standing Fan Pro 120° Wide Oscillation, Natural Wind Mode, 26 Speed Setting for Home/Office",1005008865854288,8月,XIAOMI Floor Fan Pro,45.55,45.545
"MIJIA DC 인버터 테이블탑 공기 순환기 BPLDS10DM 저소음 작동, 3분 실내 순환",1005008632659333,8月,BPLDS10DM,34.19,34.1911111111111
"에디파이어 MR3 2.0 모니터 스피커 시스템, 고해상도 오디오, 블루투스 V5.4 밸런스드 TRS RCA AUX 입력, 앱 EQ 룸 보상 설정",1005007877281342,8月,White,41.79,41.789
Edifier M60 Compact Desktop 2.0 Speakers Hi-Res Audio Wireless LDAC Bluetooth 5.3 USB-C AUX Inputs Support EQ Setting 66W RMS,1005007612849331,8月,White EU-Plug,68.5,68.5
Smart Bioimpedance Scale Smart Body Composition Scale Digital Scale Body Fat Weight Scale Balance Bioimpedance Scale,1005007463060934,8月,Black Gold,31.68,31.6760740740741
CROSSGUN Jet Turbo King Kong Jetfan Strong Fan Portable Handheld With LED Lighting Dust Elimination Computer hurricane storm X3,1005007781344048,8月,BLACK,19.68,19.6791111111111
"Lenovo Xiaoxin Pro GT 13"" Tablet, 3.5K Ultra HD Eye-Care Display 12000mAh Long Battery Life Snapdragon 8 Elite High Performan",1005012653686587,8月,8G 256G Grey,305.92,305.9235
Original Lenovo Legion Y700 5th Gaming Tablet CN Version Snapdragon 8 Elite Gen5 8.8‘’ 3K 165Hz Display 9000mAh Android Pad PC,1005012747969548,8月,12GB 256GB White,412.88,412.88
CN ROM Lenovo Xiaoxin Pad Pro 13 2026 Snapdragon 8s Gen 4 LCD Screen 2.4K 3504*2190 Resolution 13'' 144Hz 10200mAh 45W TB376FC,1005012756430808,8月,8G128G Grey,191.93,191.934740740741
UGREEN 100W GaN Charger With Smart Display For MacbookPro Laptop iPhone 17 16 Pro iPad Tablet Samsung QC4.0 PD 3.0 USB C Charger,1005011797591180,8月,GaN 100W- KR Plug,30.55,30.552
Big Discount Lenovo Xiaoxin Pad Pro GT Snapdragon 8 Gen3 LCD screen 8860mAh 68W Super Fast Charging 13MP front 13MP rear Tablet,1005012751614934,8月,"8G256G Grey , Standard",192.51,192.514592592593
"레노버 리전 Y700 2025 CN 안드로이드 패드 4세대 TB322FC 게이밍 태블릿 12/256GB 16/512GB 스냅드래곤 8 엘리트 8.8인치 165Hz 7600mAh 태블릿    3月报名价$424.21到手$320.00， 6月报名价$451.00,到手$339.47，11月报名价$383.78，到手$274.59",1005012701870421,8月,12G256G Black,317.69,317.693
UGREEN 100W GaN Charger With Smart Display For MacbookPro Laptop iPhone 17 16 Pro iPad Tablet Samsung QC4.0 PD 3.0 USB C Charger,1005006579895295,8月,"KR GaN 100W,China Mainland",24.7,24.701
Baseus Qi2.2 Magnetic Power Bank 30W USB-C & 25W Wireless Charging 10000mAh Card-Slim NFC Battery Monitoring for iPhone Samsung,1005012526914062,8月,30W Qi2.2,31.04,31.0405
【CCC Certification】Vention 165W Power Bank 20000mAh PD Fast Charger for Laptop Portable 3C Powerbank for iPhone 17 Samsung S25,1005011773041416,8月,165w Max Gray,29.31,29.3055
Edifier M90 Bi-amped 2.0 Speaker Compact Design Bluetooth V6.0 LDAC Hi-Res Audio Wireless Speaker with Remote 100W RMS,1005011600003372,8月,White,103.12,103.1155
【New Sale】Baseus 100W Charger Fast Charger For iPhone 17 16 Xiaomi Samsung Laptop Tablet Charger PD Charger USB Phone Charger,1005010627780404,8月,EU Plug Black,24.99,24.9905
Original SHOKZ OpenFit 2+ T921 Open-back Headphones Ear-hook Dolby Audio Wireless Charging Bluetooth Earphones Running Earbuds,1005012081403019,8月,Black,100.22,100.22
Lofree FLOW Lite 84/100Keys Mechanical Keyboard Wireless 2.4G Bluetooth&Wired Connection for Windows Mac/Specter Linear Switches,1005010478324546,8月,Flow Lite100-white,63.84,63.8444444444445
"MX Master 4 Logitech Wireless Bluetooth Office Mouse, Dual Mode 8K Multi-Device Switching AI Smart Electromagnetic Scroll Wheel",1005011707972780,8月,MX Master 4 Black,89.65,89.64562962963
"AULA F108Pro/F108 Wireless Bluetooth tri-mode connection, multi-functional display, Gasket structure, RGB lighting effects",1005011698703994,8月,"Gradient Dust, Caramel Latte switch",34.44,34.4362222222223
Edifier M60 Compact Desktop 2.0 Speakers Hi-Res Audio Wireless LDAC Bluetooth 5.3 USB-C AUX Inputs Support EQ Setting 66W RMS,1005007612849331,8月,White EU-Plug,68.5,68.5
Logitech MX Master 3S Wireless Bluetooth Mouse High End Cross Screen Laptop,1005012751169006,8月,MX Master 3S black,55.7,55.7035555555555
베이스어스 5000mAh 마그네틱 보조배터리 22.5W USB-C & 7.5W/15W 무선 충전 6.9mm 카드형 NFC 배터리 모니터링 (아이폰 17용),1005012100739085,8月,22.5W Silver,27.5,27.5
CN ROM Lenovo Xiaoxin Pad Pro 13 2026 Snapdragon 8s Gen 4 LCD Screen 2.4K 3504*2190 Resolution 13'' 144Hz 10200mAh 45W TB376FC,1005012756430808,8月,8GB 128GB Grey,191.93,191.934740740741
Original Lenovo Legion Y700 5th Gaming Tablet CN Version Snapdragon 8 Elite Gen5 8.8‘’ 3K 165Hz Display 9000mAh Android Pad PC,1005012747969548,8月,12GB 256GB Black,412.88,412.88
"Lenovo Xiaoxin Pro GT 13"" Tablet, 3.5K Ultra HD Eye-Care Display 12000mAh Long Battery Life Snapdragon 8 Elite High Performan",1005012653686587,8月,8G 256G Grey,305.92,305.9235
ALLDOCUBE iPlay 80 mini Pro Tablet 8.4'' 90Hz UNISOC T7300 16GB( 8GB+8GB Virtual) RAM 128GB ROM Android 16 6050mAh 4G LTE Tablet,1005012132146352,8月,"Only Tablet,EU",102.46,102.46
"Mijia 스마트 인버터 순환 팬 프로 BPLDS20DM, 저소음, 앱 제어, 타입-C 휴대용 전원 공급 장치, 무료 EPP 보관함",1005012264571808,8月,BPLDS20DM,58.45,58.452
"QCY AilyBuds E50 HT11 무선 이어폰, 고해상도 어댑티브 하이브리드 ANC 헤드폰, 블루투스 6.0, 공간 음향, 11mm 드라이버, 40.5시간 재생",1005011885349512,8月,BLACK,26.06,26.0625
"레노버 리전 Y700 2025 CN 안드로이드 패드 4세대 TB322FC 게이밍 태블릿 12/256GB 16/512GB 스냅드래곤 8 엘리트 8.8인치 165Hz 7600mAh 태블릿    3月报名价$424.21到手$320.00， 6月报名价$451.00,到手$339.47，11月报名价$383.78，到手$274.59",1005012701870421,8月,12GB 256GB Black,317.69,317.693
QCY H3S -56dB 어댑티브 ANC 오버이어 헤드폰 하이 레졸루션 LDAC 공간 음향 무선 이어폰 블루투스 6.0 듀얼 드라이버 102시간 헤드셋,1005009940780547,8月,H3S-BLACK,25.72,25.7205
FIREBAT F1 MINI PC AMD Ryzen 7 H255 LPDDR5 16GB RAM 512GB SSD WIFI6 BT5.2 Portable Desktop MINI-PC Windows 11 Desktop Computer,1005011551433345,8月,"AMD Ryzen 7 H255, 16GB RAM 512GB SSD,EU",315.98,315.9845
"UWANT V500 무선 청소기, 도킹 스테이션 포함, 자동 먼지 비움 기능 탑재, 230,000Pa의 강력한 흡입력, 미세먼지를 감지하는 마이크로 그린 라이트, LED 디스플레이 탑재, 작고 가벼운 디자인, 최대 40분간 사용",1005010661950273,8月,-,73.26,73.255185185185
"GMKtec M8 미니 PC: AMD Ryzen 5 PRO 6650H, 16GB RAM, SSD·OS 미포함, 트리플 4K 디스플레이, Wi-Fi 6E, 블루투스 5.3, USB-C, DP 지원 미니 데스크톱",1005011628686589,8月,"LPDDR5 16GB No SSD,EU",170.45,170.448
JONR Robot Vacuum P20 Pro International Edition Mopping Vacuuming Dushing Wipes Automatic Cleaning Dust Collecting Drainage Water,1005010178835114,8月,P20 Pro,119.97,119.968518518519
GMKtec G2 Mini PC Windows 11 Pro Intel 12.a generación Alder Lake N100 Mini PC DDR5 12GB RAM 512GB ROM WiFi 6 BT5.2 computadora de escritorio,1005009999376748,8月,"N95 EU Plug, 8GB RAM 128GB ROM",114.51,114.512222222222
Original SHOKZ OpenFit 2+ T921 Open-back Headphones Ear-hook Dolby Audio Wireless Charging Bluetooth Earphones Running Earbuds,1005012081403019,8月,T921 Black,100.22,100.22
"버니플라이 18/20인치 알루미늄 합금 마그네슘 모던 기내용 캐리어, 항공 승인 알루미늄 트롤리 휴대용 기내 사이즈 여행 가방",1005009949091248,8月,"Silver,18Inches 450mm",54.45,54.4465
ETENWOLF ZEPHYR V3 휴대용 자동차 압축기 160 PSI 100% 듀티 사이클 자동차 타이어 팽창기 7800mAh 자동차 오토바이 자전거 공,1005008691098376,8月,V3 Black,23.75,23.7450185185185
"에디파이어 MR3 2.0 모니터 스피커 시스템, 고해상도 오디오, 블루투스 V5.4 밸런스드 TRS RCA AUX 입력, 앱 EQ 룸 보상 설정",1005007877281342,8月,White,41.79,41.789
Edifier M60 Compact Desktop 2.0 Speakers Hi-Res Audio Wireless LDAC Bluetooth 5.3 USB-C AUX Inputs Support EQ Setting 66W RMS,1005007612849331,8月,White EU-Plug,68.5,68.5
ZSUS 2160*1440 노트북 XBox PS4 / 5 스위치 TV 박스 휴대 전화 PC 확장 모바일 용 14 인치 2K 휴대용 모니터 60HZ,1005006111326351,8月,PM14A-2k,42.68,42.6815
Netac NVMe SSD M2 1TB 2TB 500GB 250GB 3500MB/s SSD PCIe3.0 M.2 2280 SInternal Solid State Drives Disk NV3000 for Laptop Desktop,1005005445585329,8月,1TB,82.99,82.99
"Sensewide FH26 640x480 HyperIR 열화상 이미저, 3.2인치 디스플레이 및 2MP 카메라, 25Hz 64GB 열화상 카메라, HVAC, 전기용",1005011671710899,8月,-,164.49,164.488
海托 Uwant 습식 청소기 Y200,1005012738642847,8月,,60.8,82686
海托 Uwant 습식 청소기 Y200,1005012738642847,8月,,55.12,55.124
"Lenovo Legion Y900 13 Inch AI Tablet PC, Snapdragon 8 Elite, 144Hz 4K HD Display, Gaming & Office Learning Tablet, High Performa",1005012360565223,8月,8 256 BLACK,338.35,338.352
"MIJIA 스마트 홈 제습기 13L 저소음, 3L 물탱크, 앱 제어",1005009183741904,8月,Dehumidifier 13L,100.69,100.691111111111
"베이스어스 240W 원프레스 리턴 접이식 케이블 USB-C 타입-C 고속 충전 데이터 케이블 (아이폰, 맥북용, 카라비너 클립 포함)",1005012535236864,8月,Midnight,7.65,7.6505
CN ROM Lenovo Xiaoxin Pad Pro 13 2026 Snapdragon 8s Gen 4 LCD Screen 2.4K 3504*2190 Resolution 13'' 144Hz 10200mAh 45W TB376FC,1005012756430808,8月,8GB 128GB Grey,191.93,191.934740740741
"TAILI 8팩 여행용 진공 압축팩 (전동 펌프 포함), 옷, 여행 가방, 크루즈 및 가정용 공간 절약 압축백",1005012136609698,8月,8PCS,17.2,17.1995
"오하요 60W 컴퓨터 스피커 (음악/게임용), 액티브 블루투스 5.3, 데스크탑 PC 또는 노트북용 스테레오 2.0 스피커, AUX RCA 입력",1005010126172228,8月,black,32.55,32.55
"버니플라이 18/20인치 알루미늄 합금 마그네슘 모던 기내용 캐리어, 항공 승인 알루미늄 트롤리 휴대용 기내 사이즈 여행 가방",1005009949091248,8月,"Silver,20Inches 500mm",60.3,60.3005
Ulanzi MA60 접이식 마그네틱 전화 삼각대 0.8cm 데스크탑 스탠드 용 초슬림 양면 자석 전화 삼각대 라이브 스트리밍 Vlog,1005009673749675,8月,Orange,13.59,13.5905
​ 울란지 MA30 폰 마운트 카라비너 장착 삼각대 (아이폰 15 14 13 12 호환) 양면 자석 삼각대 데스크 마운트 폰 핸들,1005009356799155,8月,Silver,14.45,14.4455
"UPERFECT 4K 휴대용 모니터 16인치 3840x2400 IPS 노트북 확장형 화면 1200니트 USB-C HDMI 컴퓨터 PC 게임 디스플레이 스피커 및 스마트 커버 포함 여행용 모니터 PC, 휴대폰, PS5/4, Xbox, 스위치, 스팀 덱",1005009173829374,8月,EU,105.42,105.4205
TELESIN 전화 카메라 촬영 핸드 그립 자기 스마트 폰 홀더 촬영 보조 아이폰 안드로이드 전화에 대한 원격 제어 핸들,1005008989700691,8月,Only Hand Grip,11.78,11.777
접이식 노트북 스탠드 360 °   회전식 노트북 테이블 알루미늄 합금 홀더 휴대용 책/태블릿 거치대 (방열 기능 포함),1005006019328994,8月,Silver,14.4,14.3965
ETFE 200W 접이식 태양 전지 패널 셀 20.5V 야외 관광 캠핑 발전소를위한 휴대용 태양 광 충전 패널 완료 키트,1005006243419526,8月,"20.5V, ETFE SP200 New",92.46,92.46
"투키 GaN USB C 충전기 33W/67W 디지털 디스플레이 PD QC 고속 충전 40W 타입 C 휴대폰 충전기 (아이폰 17, 16, 15, 삼성, 샤오미 호환)",1005011863178801,8月,67W KR Plug,8.73,8.73
케이블타임 USB C 케이블 마그네틱 타입 C 케이블 PD100W 480Mbps 플랫 케이블 고속 전송 (화웨이 샤오미 아이폰 17/16 C 케이블용),1005011856306872,8月,Blue,6.22,6.2235
"65W GaN USB 충전기 (C타입 접이식 케이블 포함) 3포트 QC4.0 PD3.0 PPS 고속 충전기 (맥북, 아이폰 16, 15, 14, 샤오미 호환)",1005009267889844,8月,Korea Plug,10.29,10.288
"오리코 1TB 외장 SSD 최대 1050MB/s 550MB/s, 걸이형 디자인 휴대용 솔리드 스테이트 드라이브, USB C&A 2 in 1 케이블",1005008776407862,8月,512GB|C10 10Gbps,51.87,51.87
UGREEN 45W 20000mAh 보조배터리 삼성 S25 Ultra PPS 고속 충전 배터리 외장 배터리 용 내장 유형 C 케이블 전원 은행 삼성 보조배터리,1005008595790262,8月,KC Certified Version,21.57,21.573
"Ortizan X8 Pro 블루투스 스피커 휴대용, 40W 스테레오 사운드, 풍부한 저음, IPX7 방수, 30H 재생 시간, 혼합 색상 조명, 3 EQ",1005007357456579,8月,검정색,16.3,16.3
HGFRTEE 16인치 터치 휴대용 모니터 16:10 96%sRGB 350Cd/m² 노트북용 보조 화면 홀더 스탠드 포함 타입-C HDMI 호환,1005006827629161,8月,B160-SZF06L1-T,55.25,55.2465
"UPERFECT UColor J1 4K 터치스크린 휴대용 감시자 15.7"" 3840x2160 IPS 노트북은 스피커를 가진 스크린 350Nits 1200:1 USB C HDMI 컴퓨터 PC 게임 디스플레이를 확장하고 PC 전화 PS4/5를 위한 대기 여행 감시자",1005012076690894,8月,Black,90.79,90.791
"Lenovo Xiaoxin Active Stylus Pen (2nd Gen) - 4096 Pressure Level, Magnetic Attach, Capacitive Touch for Lenovo Tablets, Official",1005012751357065,8月,Stylus,18.79,18.7907407407408
"Lenovo Xiaoxin Active Stylus Pen (2nd Gen) - 4096 Pressure Level, Magnetic Attach, Capacitive Touch for Lenovo Tablets, Official",1005012751357065,8月,Stylus Pro,47.49,47.4894814814815
"Lenovo Xiaoxin Active Stylus Pen (2nd Gen) - 4096 Pressure Level, Magnetic Attach, Capacitive Touch for Lenovo Tablets, Official",1005012751357065,8月,Stylus Pro 2nd ,53.91,53.9085185185185
Big Discount Lenovo Xiaoxin Pad Pro GT Snapdragon 8 Gen3 LCD screen 8860mAh 68W Super Fast Charging 13MP front 13MP rear Tablet,1005012751614934,8月,8G 256GB WIFI Grey,192.51,192.514592592593
"레노버 리전 Y700 2025 CN 안드로이드 패드 4세대 TB322FC 게이밍 태블릿 12/256GB 16/512GB 스냅드래곤 8 엘리트 8.8인치 165Hz 7600mAh 태블릿    3月报名价$424.21到手$320.00， 6月报名价$451.00,到手$339.47，11月报名价$383.78，到手$274.59",1005012701870421,8月,12GB 256GB Black,317.69,317.693
"Lenovo Xiaoxin Tablet 11 2025 TB335FC 11인치, 온라인 수업 학습 AI 태블릿, WIFI 8+128GB, 7040mAh, CN 버전",1005012718447754,8月,6 128 Gray,100.66,100.658740740741
CN ROM Lenovo Xiaoxin Pad Pro 13 2026 Snapdragon 8s Gen 4 LCD Screen 2.4K 3504*2190 Resolution 13'' 144Hz 10200mAh 45W TB376FC,1005012756430808,8月,8G128G Grey,191.93,191.934740740741
"Lenovo Xiaoxin Pro GT 13"" Tablet, 3.5K Ultra HD Eye-Care Display 12000mAh Long Battery Life Snapdragon 8 Elite High Performan",1005012653686587,8月,Gray 8 256,305.92,305.9235
"Lenovo Legion Y900 13 Inch AI Tablet PC, Snapdragon 8 Elite, 144Hz 4K HD Display, Gaming & Office Learning Tablet, High Performa",1005012360565223,8月,8 256GB black,338.35,338.352
Original Lenovo Legion Y700 5th Gaming Tablet CN Version Snapdragon 8 Elite Gen5 8.8‘’ 3K 165Hz Display 9000mAh Android Pad PC,1005012747969548,8月,12GB 256GB Black|12GB 256GB White,412.88,412.88
Big Discount Lenovo Xiaoxin Pad Pro GT Snapdragon 8 Gen3 LCD screen 8860mAh 68W Super Fast Charging 13MP front 13MP rear Tablet,1005012751614934,8月,8G 256G Grey,192.51,192.514592592593
마크라이프 P15 미니 휴대용 라벨 프린터 스마트 포켓 프린터 열전사 스티커 라벨링 기계 3PK 라벨지 무잉크,1005010727628036,8月,White 3Rolls Case,11.42,11.4202222222222
"무선 버티컬 마우스, 충전식 광학 마우스, 기능 조정 손잡이, 다목적 인체 공학적 마우스",1005008106015855,8月,White,11.98,11.9785925925926
"BATOCA S4 무선 자동차 광택기, 미니 나노 무선 연마기 키트, 퀵 체인지 헤드, 브러시리스 모터, 3mm, 12mm 궤도",1005006131389188,8月,SET 1，220V-230V,80.44,80.436
WILLED Warm Light Motion Sensor Cabinet Light Battery Display 60 LED Touch Light Bar Wireless Rechargeable Battery Night Light,1005005997681339,8月,Warm Light 2PCS,9.21,9.205
Delux Pocket Folding Mouse Wireless 2.4G Bluetooth5.2 Silent Click Portable Ultra-light 55g for MacBook Tablet Computer PC Mice,1005009825953140,8月,2.4G BT Black,11.32,11.3245185185185
Ulanzi D100H Dial Creative Controller Studio Intelligent RGB Systems Wireless Desktop Infinite Knob Feedback Video Assistant,1005011665396373,8月,D100H,23.39,23.3905
FLISSA  11in 1 Multitool Folding Scissors Pocket Mini Portable Stainless Steel Knife Outdoor Camping Knife Equation Decoration,1005008164323564,8月,"BLACK,China Mainland",7.47,7.4715
CN ROM Lenovo Xiaoxin Pad Pro 13 2026 Snapdragon 8s Gen 4 LCD Screen 2.4K 3504*2190 Resolution 13'' 144Hz 10200mAh 45W TB376FC,1005012756430808,8月,8G128G Grey,191.93,191.934740740741
Original Lenovo Legion Y700 5th Gaming Tablet CN Version Snapdragon 8 Elite Gen5 8.8‘’ 3K 165Hz Display 9000mAh Android Pad PC,1005012747969548,8月,12GB 256GB Black,412.88,412.88
"Ortizan X8 Pro 블루투스 스피커 휴대용, 40W 스테레오 사운드, 풍부한 저음, IPX7 방수, 30H 재생 시간, 혼합 색상 조명, 3 EQ",1005007357456579,8月,black,16.3,16.3
"Ortizan X8 Pro 블루투스 스피커 휴대용, 40W 스테레오 사운드, 풍부한 저음, IPX7 방수, 30H 재생 시간, 혼합 색상 조명, 3 EQ",1005007357456579,8月,2 Pack Navy Black,30.5,30.503
DIVEDEER 물 스프레이 창 청소 로봇 지능형 고층 양면 브러시리스 모터 유리 청소기 스프레이 유형,1005007097697028,8月,하얀색，유럽 ​​연합,34.17,34.1675
YZ 테슬라 모델 3 Y 하이랜드 주니퍼 2019-2026 러기지 매트 세트 사계절 방수 미끄럼 방지 트렁크 매트용 TPE 차량 바닥 매트,1005007492899226,8月,MY Juniper,25.31,25.3145
YZ 적용 테슬라 모델 YL 그래핀 블랙 스카이 스크린 선쉐이드 허니콤 스카이라이트 마그네틱 선쉐이드 패널용,1005012134758616,8月,3PCS,28.69,28.6885
"테슬라 모델 Y L 2026+용 AITESLCAR 에어매트리스, 야외 캠핑용 스웨이드 원단 차량용 여행 침대 액세서리",1005012192840753,8月,Active Headrest,62.86,62.86
"2025년형 신형 모델 Y L 리프레시 자동차 휠 보호용 4x 19인치 허브캡 림 커버, 스냅온 허브캡, 자동차 교체용 액세서리",1005012471460191,8月,R19 4PCS YL,45.34,45.3415
Baseus A5 16000Pa 무선 자동차 진공 청소기 자동차 홈 PC 기계에 대 한 강력한 휴대용 휴대용 자동차 미니 진공 청소기,1005005988162152,8月,Cluster Black,42.29,42.2915
BATOCA Cordless 12V Car Polisher Dual Action Wireless Car Polishing Machine Electric Polish Machines Adjustment Power Tools,1005007443390537,8月,1 Batttery Set,21.48,21.4795
70mai 4K 대시캠 A810 전후방 세트 4G 모듈 LTE UP04 원격 제어 GPS ADAS 차량용 DVR 70mai A810 차량용 DVR,1005007908127318,8月,"2-Channel,UHS-I U3 64GB",114.14,114.139
ETENWOLF ZEPHYR V3 휴대용 자동차 압축기 160 PSI 100% 듀티 사이클 자동차 타이어 팽창기 7800mAh 자동차 오토바이 자전거 공,1005008691098376,8月,V3 Orange,23.75,23.7450185185185
"테슬라 T1-카라오케 마이크, USB-A 및 USB-C 수신기가 있는 충전식 카라오케 마이크, 플러그하여 사용, 페어링 필요 없음",1005009225665844,8月,Tesla-Two Mics,41.3,41.3
피온레이 7/10인치 안드로이드 오토 유니버설 휴대용 카플레이 차량용 스크린 카 라디오 비디오 무선 카플레이 스크린 애플용,1005009949632139,8月,10.26 no rear Cam,25.09,25.093
"YZ 6 좌석 테슬라 모형 YL 두 번째 줄 좌석 통로 저장 상자, 차에 있는 다목적 저장 상자를 위해",1005012318511135,8月,Style A,28.1,28.1025
"테슬라 모델 YL/Y 주니퍼 2025용 앞뒤 도어 실 가드, ABS 내부 보호 커버 플레이트 트림, 오염 방지 범퍼 웰컴 페달",1005008899036860,8月,YL 8PCS Black,52.83,52.8307462686567
2026 새로운 350mm 요크 핸들 Model Y Juniper Model YL White Black Zen Grey 기본 색상 흰색 검정색젠 그레이 테슬라 개인화된 레이싱 가죽 맞춤형 액세서리를 위한 가열 요크 스티어링 휠이 있는 신형 모델 Y용 요크 핸들,1005008685509454,8月,Black,100.02,100.0165
카바르 신형 350mm 풀 플로팅 스티어링 휠 테슬라 모델 Y 주니퍼 사이버트럭 스타일 요크 핸들 모델 3 하이랜드 2024+,1005010351588486,8月,MY Juniper YL Black,135.0,135
YZ 테슬라 바닥 매트 모델 YL 2026 LHD&RHD 자동차 트렁크 매트 세트 러기지 매트 TPE 방수 미끄럼 방지 세트 바닥 라이너 매트용,1005012027876501,8月,LHD Floor mat 8PCS,59.41,59.4065
VJOYCAR 2026 최신 Gen.4 350mm YOKE 신형 테슬라 신형 Y 주니퍼 모델 YL 신형 모델 3 하이랜드  YOKE 스티어링 휠 핸들 1:1 디자인 (신형 XS 스타일) 4세대  옵션 사양: 고급 측면 리얼 카본 마감 / 알칸타라 Yoke Handle for Y Juniper / Model YL / New Model 3 Highland,1005011833184326,8月,"Zen Grey, New Y Juniper",135.6,135.5965
YZ 테슬라 모델 Y 주니퍼 모델 3 하이랜드 2025-2026 선쉐이드 블랙 루프 그래핀 허니콤 선쉐이드 자동차 전면 후방 선루프 유리 스크린용,1005011672529050,8月,MY 25-26 3PCS,27.51,27.5065
"YZ 테슬라 모델 Y 주니퍼 2025 2026 TPE 차량 바닥 매트, 금속 페달 러기지 트렁크 매트 세트 사계절 방수 안티",1005010462727340,8月,Floor mat 6PCS,35.38,35.3805
VJOYCAR 최신 신형 Y Model YL 모델 주니퍼 기어 스토크 레버 OEM 스타일 물리적 변속 그랩 키트 D P R 표시기 핸들 테슬라 신형 Y 간편 설치,1005009235170731,8月,,102.9,102.9
"테슬라 T1-카라오케 마이크, USB-A 및 USB-C 수신기가 있는 충전식 카라오케 마이크, 플러그하여 사용, 페어링 필요 없음",1005009225665844,8月,Tesla-Two Mics,41.3,41.3
"새로운 ETENWOLF V3 휴대용 타이어 공기 주입기 펌프 160 PSI 자동차 컴프레서 100% 듀티 사이클 7800mAh 에어 펌프 (자동차, 오토바이, 자전거용)",1005009132563753,8月,V3 Black,24.82,24.818
Tesla Model Y Juniper 2025 뒷 트렁크 테일 윙 자동차 외장 액세서리 용 실제 탄소 섬유 고성능 스포일러 New,1005009031203772,8月,Matte Carbon,52.41,52.415
Tesla New Gen. 2 9.6 인치 계기판 디스플레이 모델 Y 3 맹점 알림 OTA 업데이트 New Model 3 New Y Juniper Dashboard,1005008457505240,8月,New Y Juniper,163.58,163.578
"울프박스 MF100 전동 에어 더스터 에어 블로워-150000RPM 초강력, 자동차/PC/가정/야외용 충전식 3단 브러시리스 모터",1005008264049460,8月,MF100,41.94,41.9365
테슬라 모델 2026 업데이트 6세대 소프트 클로징 3 Y 3 Model Y L 하이랜드 새로운 모델 Y 주니퍼 4 도어 핀치 방지 스마트 자동 전기 흡입 도어 잠금 장치 폐쇄 테슬라 수정 액세서리 for Tesla New Y Juniper,1005006968723759,8月,Y Juniper - 4 Door,149.88,149.885
"ZEUSLAP 16"" 2.5K 144hz Portable Monitor 2560*1600 16:10 100%sRGB 500Cd/m²  Travel Gaming Display for Laptop Switch ps4 ps5 Xbox",1005006960961910,8月,,108.75,108.754
자동 전원 프런트 프렁크 테슬라 모델 Y 3 X S 신형 모델 3 하이랜드 신형 Y 주니퍼 New 3 Hihgland New Y Juniper Model Y L자동 전원 Frunk 방수 전기 프론트 게이트 수정 된 자동 리프팅 클로저 Auto Power Frunk Tesla 개조용,1005006518612953,8月,New Y Juniper 2026,166.7,166.7005
Baseus A5 16000Pa 무선 자동차 진공 청소기 자동차 홈 PC 기계에 대 한 강력한 휴대용 휴대용 자동차 미니 진공 청소기,1005005988162152,8月,Cluster Black,42.29,42.2915
"테슬라 모델 YL 2025 2026 프론트 리어 도어 실링 스트립 가드, 킥 방지 패드 보호대, 자동차 내부 액세서리",1005012108832470,8月,"YL 6PCS Black, For LHD Model YL",35.82,35.823
YZ 적용 테슬라 모델 YL 2026 그래핀 선쉐이드 블랙 루프 마그네틱 패스너 허니콤 선쉐이드 자동차 리어 프론트 선루프 유리용,1005012033108845,8月,3PCS,33.69,33.6885
2 4 8Pcs 테슬라 모델 Y 주니퍼 2025 ABS 전면 후면 도어 씰 프로텍터 임계 값 스트립 안티 킥 가드 패널 방수 패드,1005008845574361,8月,8Pcs black,19.68,19.676
"VJOYCAR 최신 7세대 무선 자동 도어 핸들, Model YL테슬라 모델 Y 3 Y 주니퍼 3 하이랜드 컬러풀 LED 자동 프리젠팅 웰컴 모드댐퍼로 부드럽게 열고 닫으세요 블루투스 이름 변경 및 비밀번호 변경 지원",1005008904707939,8月,New Y Juniper,124.67,124.67
"테슬라 스트림 미디어 리어뷰 미러 9.35인치 디지털 스트리밍 미러 블랙박스 (모델 3, Y, Y Juniper용) 야간 시야 기능 탑재",1005011761815391,8月,Frontview Rearview /Model Y Juniper,164.5,164.5
YZ 테슬라 모델 Y 주니퍼 2025 모델 3 하이랜드 54W 급속 충전기 USB 션트 허브 지능형 도킹 스테이션 자동차 어댑터 전원용,1005009253196002,8月,Add 2 Type-C cable,21.5,21.503725
카바르 신형 350mm 풀 플로팅 스티어링 휠 테슬라 모델 Y 주니퍼 사이버트럭 스타일 요크 핸들 모델 3 하이랜드 2024+,1005010351588486,8月,MY Juniper YL Black,135.0,135
테슬라 모델 Y/YL 주니퍼 2026 전면 도어 스토리지 쓰레기통 | 다기능 차량 도어 수납박스 카 액세서리 연관 2025 테슬라 모델y 악세사리 테슬라 모델y 악세사리 2025 주니퍼 악세사리 2025,1005010405307834,8月,modely Juniper,10.47,10.4675
"VJOYCAR 2세대 신형 회전 마운트 키트 테슬라 모델 3 하이랜드 Y, 주니퍼 YL용 중앙 화면 높이를 원래대로 유지하며 처지지 않음 4방향 40° 각도 조절 가능 Model 3 Y New 3 Highand New Y Juniper Model YL (6-SEAT) Screen Swivel Kit",1005012455181399,8月,Model Y Juniper,34.75,34.75
글로벌 버전 70mai 대시 캠 4K 옴니 X800 360 ° 회전 듀얼 채널 HDR 지원 4G 호환 슈퍼커패시터 70mai X800 Omni,1005005159778854,8月,"X800 Front Cam,China Mainland,UHS-I U3 128GB",158.63,158.6305
70mai 4G 하드와이어 키트 UP04 (70mai T800 A810S A810 A510 X800 X200 4G LTE 모듈 원격 제어 라이브 스트리밍 70mai UP04용),32934943614,8月,"4G Hardwire Kit UP04,China Mainland",35.69,35.6905
ALLDOCUBE iPlay 80 mini Pro Tablet 8.4'' 90Hz UNISOC T7300 16GB( 8GB+8GB Virtual) RAM 128GB ROM Android 16 6050mAh 4G LTE Tablet,1005012132146352,8月,Only Tablet,102.46,102.46
"Anbernic RG DS Handheld Game Console 4"" IPS Dual Screen Android 4000mAh Flip Video Games Player Supports RixelHK Wifi Streaming",1005010232339591,8月,"Red Black,Standard (No Games)",80.0,80
Netac 7400MB/s SSD NVMe M2 2TB 1TB 512GB 4TB Internal Solid State Hard Drive M.2 PCIe 4.0x4 2280 SSD Disk for PS5 Laptop PC,1005002820573847,8月,NV7000-t 1TB,101.08,101.08
"GMKtec K12 Gaming Mini PC AMD Ryzen 7 H 255(Upgraded 8745HS) Desktop Mini Computers Radeon 780M WiFi 6E/BT5.2, USB-C,  Barebone",1005009835919350,8月,"AMD Ryzen 7 H 255,No Ram N",193.79,193.793
"빅미 Bigme E-book Reader B6, 6-inch e-ink electronic book, 36-level front light, Android 14 OS built-in Google Play, 4+64GB ereader",1005009645730948,8月,"B6 Green,China Mainland",122.9,122.9
Edifier QR30 Desktop Active Speakers PC Bluetooth V5.4 Speaker 2.0 Channel 15W+15W RMS Light Effects EQ Setting Deep Bass,1005008849882224,8月,White EU-Plug,47.85,47.85
Lemorele 200m Wireless HDMI Transmitter and Receiver APP Monitor Video Transceiver Low Latency Plug and Play for PC TV Projector,1005008383225522,8月,1TX and 1RX,33.28,33.2825
새로운 오리지널 레노버 샤오신 패드 12.1 2025 태블릿 미디어텍 디멘시티 6400 중국 버전 12.1인치 90Hz 10200mAh 45W 충전 패드 PC,1005012713318747,8月,"Standard, 8GB 128GB Grey",121.03,121.0255
Big Discount Lenovo Xiaoxin Pad Pro GT Snapdragon 8 Gen3 LCD screen 8860mAh 68W Super Fast Charging 13MP front 13MP rear Tablet,1005012751614934,8月,"8G256G Grey , Standard",192.51,192.514592592593
CN ROM Lenovo Xiaoxin Pad Pro 13 2026 Snapdragon 8s Gen 4 LCD Screen 2.4K 3504*2190 Resolution 13'' 144Hz 10200mAh 45W TB376FC,1005012756430808,8月,8GB 128GB Grey,191.93,191.934740740741
"Lenovo Xiaoxin Pro GT 13"" Tablet, 3.5K Ultra HD Eye-Care Display 12000mAh Long Battery Life Snapdragon 8 Elite High Performan",1005012653686587,8月,8G 256G Grey,305.92,305.9235
"레노버 리전 Y700 2025 CN 안드로이드 패드 4세대 TB322FC 게이밍 태블릿 12/256GB 16/512GB 스냅드래곤 8 엘리트 8.8인치 165Hz 7600mAh 태블릿    3月报名价$424.21到手$320.00， 6月报名价$451.00,到手$339.47，11月报名价$383.78，到手$274.59",1005012701870421,8月,12GB 256GB Black,317.69,317.693
Original Lenovo Legion Y700 5th Gaming Tablet CN Version Snapdragon 8 Elite Gen5 8.8‘’ 3K 165Hz Display 9000mAh Android Pad PC,1005012747969548,8月,12GB 256GB Black,412.88,412.88
인스타360 X5 액션 카메라 방수 8K 30fps 교체 가능 렌즈 트리플 AI 칩 우수한 저조도 성능 185분 사용 시간,1005012076012738,8月,X5 Standard Bundle,380.05,380.05
가민 포러너 255 스포츠 스마트워치 46mm 1.3인치 컬러 스크린 14일 배터리 수명 4GB RAM NFC 블루투스 와이파이 5ATM 방수,1005010272575016,8月,Gray 96h ship,153.47,153.4705
JONR Robot Vacuum P20 Pro International Edition Mopping Vacuuming Dushing Wipes Automatic Cleaning Dust Collecting Drainage Water,1005010178835114,8月,P20 Pro,119.58,119.585
"JONR VC12 Pro 무선 진공 청소기+클린 스테이션 자동 먼지 청소, 자동 충전",1005009844469679,8月,KR,79.05,79.05
UGREEN DP KVM Switch 2 Monitors 2 PCs 8K 60Hz USB 3.0 Sharing Keyboard Mouse Monitor with HDR 3D for Laptop Desktop Printer,1005009078711208,8月,"8K DP KVM Kit,China Mainland",33.48,33.4765
"ORICO 선더볼트 4 도킹 스테이션 C타입-HDMI 호환 어댑터, 맥북용 USB 3.2 Gen2 허브 분배기, 8K @ 30Hz",1005006588065217,8月,Silver KR Plug,105.2,105.196074074074
AULA F87 Pro 가스켓 게임용 기계식 키보드 75% TKL 레이아웃 무선 핫 스왑 RGB 맞춤형 Bluetooth 키보드 2024 새로운 색상,1005006838602057,8月,"Thunder black, Gray shaft",27.34,27.3391851851852
CN ROM Lenovo Xiaoxin Pad Pro 13 2026 Snapdragon 8s Gen 4 LCD Screen 2.4K 3504*2190 Resolution 13'' 144Hz 10200mAh 45W TB376FC,1005012756430808,8月,8GB 128GB Grey,191.93,191.934740740741
"UPERFECT 4K 휴대용 모니터 16인치 3840x2400 IPS 노트북 확장형 화면 1200니트 USB-C HDMI 컴퓨터 PC 게임 디스플레이 스피커 및 스마트 커버 포함 여행용 모니터 PC, 휴대폰, PS5/4, Xbox, 스위치, 스팀 덱",1005009173829374,8月,EU,105.42,105.4205
"ZEUSLAP 16"" 2.5K 144hz Portable Monitor 2560*1600 16:10 100%sRGB 500Cd/m²  Travel Gaming Display for Laptop Switch ps4 ps5 Xbox",1005006384112217,8月,,84.84,84.841333333334
"MX Master 4 Logitech Wireless Bluetooth Office Mouse, Dual Mode 8K Multi-Device Switching AI Smart Electromagnetic Scroll Wheel",1005011707972780,8月,Graphite Gray,89.65,89.64562962963
"AMD Ryzen 5 5500X3D 6코어/12스레드 프로세서: 96MB L3 3D V-Cache 기술, 3.0-4.0GHz, 105W TDP, AM4 소켓 - 팬 없음 e스포츠용 조립 - e스포츠 빌드",1005009474947755,8月,AMD Ryzen 5 5500X3D New R5 5500X3D 3.0 GHz 6-Core 12-Thread CPU Processor 7NM L3=96M Socket AM4,130.7,130.7015
"Lenovo Legion Y900 13 Inch AI Tablet PC, Snapdragon 8 Elite, 144Hz 4K HD Display, Gaming & Office Learning Tablet, High Performa",1005012360565223,8月,8 256GB BLACK,338.35,338.352
로지텍(G) G304X 무선 게이밍 마우스(충전 케이블 포함) 57그램 경량 듀얼 모드 6키 매크로 프로그래밍 원클릭 co,1005012721198046,8月,G304X White,23.08,23.079
AMD Ryzen 7 7800X3D R7 7800X3D CPU 8-Core 16-Thread 5GHz Unlocked Desktop Processor Socket AM5 Gaming CPU Without Packag,1005009495052188,8月,,222.3,222.303
Edifier M90 Bi-amped 2.0 Speaker Compact Design Bluetooth V6.0 LDAC Hi-Res Audio Wireless Speaker with Remote 100W RMS,1005011600003372,8月,White,103.12,103.1155
ASOMETECH 300W GaN USB 충전기 스테이션 LED 디스플레이 접이식 타입 C 케이블 100W 65W PD3.0 PPS Macbook 삼성용 고속 충전기,1005012089647708,8月,"Space Gray, Korea Plug",29.24,29.2395
"UWANT V500 무선 청소기, 도킹 스테이션 포함, 자동 먼지 비움 기능 탑재, 230,000Pa의 강력한 흡입력, 미세먼지를 감지하는 마이크로 그린 라이트, LED 디스플레이 탑재, 작고 가벼운 디자인, 최대 40분간 사용",1005010661950273,8月,,73.02,73.0205
JONR Robot Vacuum P20 Pro International Edition Mopping Vacuuming Dushing Wipes Automatic Cleaning Dust Collecting Drainage Water,1005010178835114,8月,P20 Pro,119.58,119.585
Edifier M90 Bi-amped 2.0 Speaker Compact Design Bluetooth V6.0 LDAC Hi-Res Audio Wireless Speaker with Remote 100W RMS,1005011600003372,8月,White,103.12,103.1155
"GMKtec K12 Gaming Mini PC AMD Ryzen 7 H 255(Upgraded 8745HS) Desktop Mini Computers Radeon 780M WiFi 6E/BT5.2, USB-C,  Barebone",1005009835919350,8月,"AMD Ryzen 7 H 255, No Ram No Storage",193.79,193.793
"ZEUSLAP 16"" 2.5K 144hz Portable Monitor 2560*1600 16:10 100%sRGB 500Cd/m²  Travel Gaming Display for Laptop Switch ps4 ps5 Xbox",1005006960961910,8月,,108.75,108.754
Western Digital WD SN850X SSD 1TB 2TB NVMe Gen4 PCIe M.2 2280 PCIe 4.0X4 Drive Internal Solid State Disk for PS5 Desktop Laptop,1005012869707836,8月,SN850X 1TB 7300MBs,158.05,158.050666666666
"AULA F108Pro/F108 Wireless Bluetooth tri-mode connection, multi-functional display, Gasket structure, RGB lighting effects",1005011698703994,8月,F108 Pro Gray Mix,36.05,36.0462962962963
CN ROM Lenovo Xiaoxin Pad Pro 13 2026 Snapdragon 8s Gen 4 LCD Screen 2.4K 3504*2190 Resolution 13'' 144Hz 10200mAh 45W TB376FC,1005012756430808,8月,"Standard Discount, 8GB 128GB Global",191.93,191.934740740741
QCY Crossky C50 오픈 이어 무선 이어버드 블루투스 6.0 컴포트 클립온 이어폰 4 마이크 AI 클리어 콜 베이스 부스트 헤드폰 35시간 재생 시간 스포츠 러닝용,1005009084986255,8月,WHITE,22.69,22.6865
Netac RAM DDR4 Memoria 8G 16G 8GX2 16GX2 3200MHz 3600MHz DDR5 4800MHz 5600MHz Ram UDIMM High-Quality ICs 288 Pin Dual Channel,1005012055257411,8月,"DDR4 3200MHz 16GBx2,DDR4",114.99,114.99
JONR Robot Vacuum P20 Pro International Edition Mopping Vacuuming Dushing Wipes Automatic Cleaning Dust Collecting Drainage Water,1005010178835114,8月,P20 Pro,119.58,119.585
"Mijia Smart DC Inverter Standing Fan Pro 120° Wide Oscillation, Natural Wind Mode, 26 Speed Setting for Home/Office",1005008865854288,8月,BPLDS09DM,45.55,45.545
"MX Master 4 Logitech Wireless Bluetooth Office Mouse, Dual Mode 8K Multi-Device Switching AI Smart Electromagnetic Scroll Wheel",1005011707972780,8月,Graphite Gray,89.65,89.64562962963
【Coming Soon】Edifier MR4 MKII Bi-amped Studio Monitor 2.0 Speaker 80W RMS Output Bluetooth 6.0 Hi-Res Wireless Speaker,1005012649211385,8月,"White,China Mainland",74.72,74.7205
기존 SHOKZ OpenRun Pro 2 S820 S821mini 블루투스 이어폰 IP55 방수 골전도 헤드폰 음악 스포츠 이어 버드,1005008561939766,8月,S821MINI black,102.89,102.885
Fosi Audio ZH3 HIFI 헤드폰 앰프 AKM4493SEQ 데스크탑 DAC 완전 밸런스드 프리앰프(리모트 12V 트리거 입력 포함),1005010016597390,8月,ZH3-EU,122.99,122.9905
미지아 차량용 무선 청소기 21kPa 흡입력 타입-C 충전 5단계 필터링 2400mAh 가정용 무선 청소기 물세척 가능,1005010338145379,8月,Vacuum Cleaner,35.82,35.8205
Godox IFlash IT32 TTL Camera Flash with Magnetic Mounting X5L TTL Flash Trigger Rotating Head Flash Light Kit For Leica Camera,1005011782678144,8月,IT32 Kit For Canon,75.9,75.9
K&F CONCEPT 10L Camera Sling Bag Shoulder Backpack Photography Crossbody Camera Bag for Sony Nikon Canon DSLR with Tripod Holder,1005008146907251,8月,Black,30.9,30.9
베이스어스 인스파이어 XC1 사운드 바이 보스 이어클립 무선 이어버드 블루투스 6.1 오픈형 이어폰 귀걸이형 4-마이크 클립온 이어버드,1005011774262618,8月,,57.89,57.8919
베이스어스 인스파이어 XH1 ANC 무선 헤드폰 블루투스 6.1 48dB 적응형 소음 제거 헤드셋 하이 레졸루션 LDAC 100시간 음악 재생 보스,1005010152877921,8月,,64.86,64.8619
Vention CCC 45W 20000mAh 보조베터리 Xiaomi iPhone Pro Max 용 고속 충전 휴대용 충전기 Samsung Galaxy Battery 3C Powerbank,1005009418411818,8月,,18.98,18.9805
Lofree FLOW2 Mechanical Keyboard Business Office Wireless Bluetooth Wired Quiet & Gentle Sound Compatible Mute Aluminum Lump,1005010450683174,8月,,84.62,84.6235
"KR 플러그 UGREEN 160W GaN 충전기, PD3.1 QC4.0 3.0 고속 충전, 맥북 프로 노트북 USB GaN 충전기, 아이폰 16 샤오미 태블릿용",1005008472110380,8月,,36.33,36.327
대형 자동 링 버클 접이식 우산 • 비즈니스 맞춤형 • 블랙 글루 • 방풍 • 햇빛과 비 겸용,1005012159484108,8月,,1.34,1.34
가정용 야외 여행을 위한 새로운 휴대용 접이식 휴대용 선풍기 3600mAh 데스크탑 충전식 선풍기 100단 풍속 조절 가능 New Portable Folding Handheld Fan 3600mAh Desktop Rechargeable Fan 100-speed Wind Angle Adjustable for Home Outdoor Travel,1005011907506864,8月,,0.91,0.9085
"독특한 디자인의 화장대 거울, 3색 LED 조명, 터치 컨트롤, 데스크탑 거울, 침실용 화장 거울",1005012468543925,8月,,1.13,1.134
성인용 전동 물총 강력 분사 자동 물 흡입 워터 블래스터 여름 야외 해변 장난감 남자아이 어린이 선물,1005007359180643,8月,,1.14,1.139
